LEA_STATE,LEA_STATE_NAME,LEAID,LEA_NAME,SCHID,SCH_NAME,COMBOKEY,JJ,SCH_FTETEACH_TOT,SCH_FTETEACH_CERT,SCH_FTETEACH_NOTCERT,SCH_FTETEACH_FY,SCH_FTETEACH_SY,SCH_TEACHERS_CURR_TOT,SCH_TEACHERS_PREV_TOT,SCH_FTETEACH_ABSENT,SCH_FTECOUNSELORS,SCH_FTESECURITY_LEO,SCH_FTESECURITY_GUA,SCH_FTESERVICES_NUR,SCH_FTESERVICES_PSY,SCH_FTESERVICES_SOC
HI,HAWAII,1500030,Hawaii Department of Education,1,Enchanted Lake Elementary School,150003000001,No,30.0,30.0,0.0,1.0,0.0,30.0,29.0,19.0,2.0,0.0,0.0,0.0,0.0,0.0
HI,HAWAII,1500030,Hawaii Department of Education,2,Hauula Elementary School,150003000002,No,29.0,28.0,1.0,3.0,1.0,29.0,24.0,22.0,1.0,0.0,0.0,0.0,0.0,0.0
HI,HAWAII,1500030,Hawaii Department of Education,3,Heeia Elementary School,150003000003,No,33.0,33.0,0.0,2.0,1.5,34.0,31.0,16.0,1.0,0.0,0.0,0.0,0.0,0.0
HI,HAWAII,1500030,Hawaii Department of Education,4,Kaaawa Elementary School,150003000004,No,9.0,7.5,1.5,1.5,1.0,10.0,8.0,5.0,1.0,0.0,0.0,0.0,0.0,0.0
HI,HAWAII,1500030,Hawaii Department of Education,5,Kaelepulu Elementary School,150003000005,No,13.0,13.0,0.0,0.0,0.0,13.0,13.0,5.0,1.0,0.0,0.0,0.0,0.0,0.0
HI,HAWAII,1500030,Hawaii Department of Education,6,Kahaluu Elementary School,150003000006,No,26.0,26.0,0.0,5.0,0.0,26.0,21.0,15.0,1.0,0.0,0.0,0.0,0.0,0.0
HI,HAWAII,1500030,Hawaii Department of Education,7,Kahuku High & Intermediate School,150003000007,No,98.0,90.0,8.0,4.0,7.0,98.0,91.0,68.0,7.0,0.0,0.0,0.0,0.0,0.0
HI,HAWAII,1500030,Hawaii Department of Education,8,Kailua Elementary School,150003000008,No,27.5,26.5,1.0,2.0,0.0,28.0,26.0,19.0,1.0,0.0,0.0,0.0,0.0,0.0
HI,HAWAII,1500030,Hawaii Department of Education,9,Kailua High School,150003000009,No,51.0,45.5,5.5,1.5,3.0,52.0,49.0,28.5,6.0,0.0,0.0,0.0,0.0,0.0
HI,HAWAII,1500030,Hawaii Department of Education,10,Kailua Intermediate School,150003000010,No,54.0,50.0,4.0,4.0,8.0,54.0,46.0,30.0,2.0,0.0,0.0,0.0,0.0,0.0
HI,HAWAII,1500030,Hawaii Department of Education,11,Kainalu Elementary School,150003000011,No,31.0,31.0,0.0,1.0,1.0,31.0,30.0,8.0,0.5,0.0,0.0,0.0,0.0,0.0
HI,HAWAII,1500030,Hawaii Department of Education,12,Kalaheo High School,150003000012,No,52.0,47.0,5.0,7.0,5.0,52.0,45.0,27.0,4.0,0.0,0.0,0.0,0.0,0.0
HI,HAWAII,1500030,Hawaii Department of Education,13,Kaneohe Elementary School,150003000013,No,44.0,43.0,1.0,2.0,5.0,44.0,42.0,15.0,2.0,0.0,0.0,0.0,0.0,0.0
HI,HAWAII,1500030,Hawaii Department of Education,14,Kapunahala Elementary School,150003000014,No,38.0,37.0,1.0,2.0,1.0,38.0,36.0,10.0,2.0,0.0,0.0,0.0,0.0,0.0
HI,HAWAII,1500030,Hawaii Department of Education,15,Keolu Elementary School,150003000015,No,8.0,8.0,0.0,2.0,2.0,11.0,8.0,5.0,1.0,0.0,0.0,0.0,0.0,0.0
HI,HAWAII,1500030,Hawaii Department of Education,16,Governor Samuel Wilder King Intermediate School,150003000016,No,41.0,39.0,2.0,2.0,3.0,41.0,39.0,21.0,3.0,0.0,0.0,0.0,0.0,0.0
HI,HAWAII,1500030,Hawaii Department of Education,17,Laie Elementary School,150003000017,No,42.0,38.0,4.0,3.0,5.0,42.0,39.0,25.0,2.0,0.0,0.0,0.0,0.0,0.0
HI,HAWAII,1500030,Hawaii Department of Education,18,Ka'ohao Public Charter School,150003000018,No,23.2,23.2,0.0,0.0,0.0,23.0,23.0,7.2,1.0,0.0,0.0,0.0,0.0,0.0
HI,HAWAII,1500030,Hawaii Department of Education,19,Maunawili Elementary School,150003000019,No,24.0,24.0,0.0,0.0,0.0,24.0,24.0,9.0,2.0,0.0,0.0,0.0,0.0,0.0
HI,HAWAII,1500030,Hawaii Department of Education,20,Mokapu Elementary School,150003000020,No,58.0,55.0,3.0,10.0,6.0,58.0,46.0,34.0,3.0,0.0,0.0,0.0,0.0,0.0
HI,HAWAII,1500030,Hawaii Department of Education,21,Reverend Benjamin Parker Elementary School,150003000021,No,29.0,27.0,2.0,2.0,0.0,29.0,25.0,16.0,2.0,0.0,0.0,0.0,0.0,0.0
HI,HAWAII,1500030,Hawaii Department of Education,22,Blanche Pope Elementary School,150003000022,No,17.0,16.0,1.0,0.0,1.0,17.0,16.0,9.0,1.0,0.0,0.0,0.0,0.0,0.0
HI,HAWAII,1500030,Hawaii Department of Education,23,Puohala Elementary School,150003000023,No,21.0,17.5,3.5,1.5,1.0,22.0,19.0,10.0,1.0,0.0,0.0,0.0,0.0,0.0
HI,HAWAII,1500030,Hawaii Department of Education,24,Sunset Beach Elementary School,150003000024,No,30.0,29.0,1.0,2.0,0.0,30.0,27.0,15.0,1.0,0.0,0.0,0.0,0.0,0.0
HI,HAWAII,1500030,Hawaii Department of Education,25,Waiahole Elementary School,150003000025,No,10.5,10.5,0.0,0.0,0.0,11.0,11.0,4.0,1.0,0.0,0.0,0.0,0.0,0.0
HI,HAWAII,1500030,Hawaii Department of Education,26,Waimanalo Elementary & Intermediate School,150003000026,No,37.0,35.0,2.0,3.0,2.0,37.0,33.0,19.0,2.0,0.0,0.0,0.0,0.0,0.0
HI,HAWAII,1500030,Hawaii Department of Education,27,Ernest Bowen DeSilva Elementary School,150003000027,No,24.5,24.5,0.0,0.0,0.0,25.0,25.0,9.0,1.0,0.0,0.0,0.0,0.0,0.0
HI,HAWAII,1500030,Hawaii Department of Education,28,Haaheo Elementary School,150003000028,No,11.5,11.5,0.0,1.0,0.0,12.0,11.0,7.0,1.0,0.0,0.0,0.0,0.0,0.0
HI,HAWAII,1500030,Hawaii Department of Education,29,Hilo High School,150003000029,No,80.0,78.0,2.0,2.0,1.0,80.0,77.0,42.0,6.0,0.0,0.0,0.0,0.0,0.0
HI,HAWAII,1500030,Hawaii Department of Education,30,Hilo Intermediate School,150003000030,No,35.0,34.0,1.0,1.0,1.0,35.0,33.0,27.0,2.0,0.0,0.0,0.0,0.0,0.0
HI,HAWAII,1500030,Hawaii Department of Education,31,Hilo Union Elementary School,150003000031,No,32.0,32.0,0.0,3.0,1.0,32.0,29.0,20.0,1.0,0.0,0.0,0.0,0.0,0.0
HI,HAWAII,1500030,Hawaii Department of Education,32,Holualoa Elementary School,150003000032,No,26.0,25.0,1.0,3.0,2.0,26.0,22.0,18.0,1.0,0.0,0.0,0.0,0.0,0.0
HI,HAWAII,1500030,Hawaii Department of Education,33,Honaunau Elementary School,150003000033,No,12.5,12.5,0.0,1.0,1.0,14.0,13.0,4.0,1.0,0.0,0.0,0.0,0.0,0.0
HI,HAWAII,1500030,Hawaii Department of Education,34,Honokaa High & Intermediate School,150003000034,No,45.0,40.0,5.0,3.0,5.0,45.0,42.0,37.0,4.0,0.0,0.0,0.0,0.0,0.0
HI,HAWAII,1500030,Hawaii Department of Education,35,Hookena Elementary School,150003000035,No,8.0,5.0,3.0,4.0,0.0,11.0,7.0,5.0,1.0,0.0,0.0,0.0,0.0,0.0
HI,HAWAII,1500030,Hawaii Department of Education,36,Prince Jonah Kalanianaole Elementary & Intermediate School,150003000036,No,27.0,25.0,2.0,2.0,1.0,27.0,25.0,15.0,1.0,0.0,0.0,0.0,0.0,0.0
HI,HAWAII,1500030,Hawaii Department of Education,37,Chiefess Kapiolani Elementary School,150003000037,No,26.0,26.0,0.0,2.0,0.0,26.0,24.0,14.0,1.0,0.0,0.0,0.0,0.0,0.0
HI,HAWAII,1500030,Hawaii Department of Education,38,Kau High & Pahala Elementary School,150003000038,No,44.0,36.0,8.0,10.0,6.0,44.0,34.0,35.0,1.0,0.0,0.0,0.0,0.0,0.0
HI,HAWAII,1500030,Hawaii Department of Education,39,Kaumana Elementary School,150003000039,No,19.0,19.0,0.0,1.0,0.0,19.0,18.0,14.0,1.0,0.0,0.0,0.0,0.0,0.0
HI,HAWAII,1500030,Hawaii Department of Education,40,Keaau Middle School,150003000040,No,52.0,51.0,1.0,3.0,1.0,52.0,49.0,34.0,3.0,0.0,0.0,0.0,0.0,0.0
HI,HAWAII,1500030,Hawaii Department of Education,41,Kealakehe Elementary School,150003000041,No,70.5,65.0,5.5,11.5,5.0,72.0,58.0,42.0,3.0,0.0,0.0,0.0,0.0,0.0
HI,HAWAII,1500030,Hawaii Department of Education,42,Keaukaha Elementary School,150003000042,No,32.0,32.0,0.0,1.0,1.0,32.0,31.0,18.0,1.0,0.0,0.0,0.0,0.0,0.0
HI,HAWAII,1500030,Hawaii Department of Education,43,Kohala High School,150003000043,No,21.0,20.5,0.5,0.0,2.5,22.0,21.0,14.5,1.0,0.0,0.0,0.0,0.0,0.0
HI,HAWAII,1500030,Hawaii Department of Education,44,Konawaena Elementary School,150003000044,No,37.0,36.0,1.0,2.0,3.0,37.0,35.0,15.0,1.0,0.0,0.0,0.0,0.0,0.0
HI,HAWAII,1500030,Hawaii Department of Education,45,Konawaena High School,150003000045,No,54.0,43.0,11.0,10.0,6.0,54.0,44.0,37.0,2.0,0.0,0.0,0.0,0.0,0.0
HI,HAWAII,1500030,Hawaii Department of Education,46,Laupahoehoe Community - PCS,150003000046,No,46.5,40.5,6.0,3.0,3.0,25.0,19.0,12.0,1.0,0.0,0.0,0.75,0.0,0.0
HI,HAWAII,1500030,Hawaii Department of Education,47,Mountain View Elementary School,150003000047,No,36.0,35.0,1.0,1.0,5.0,36.0,35.0,16.0,1.0,0.0,0.0,0.0,0.0,0.0
HI,HAWAII,1500030,Hawaii Department of Education,48,Naalehu Elementary School,150003000048,No,29.0,27.0,2.0,7.0,1.0,29.0,22.0,11.0,1.0,0.0,0.0,0.0,0.0,0.0
HI,HAWAII,1500030,Hawaii Department of Education,49,Paauilo Elementary & Intermediate School,150003000049,No,15.0,14.0,1.0,3.0,1.0,15.0,11.0,9.0,1.0,0.0,0.0,0.0,0.0,0.0
HI,HAWAII,1500030,Hawaii Department of Education,50,Pahoa High & Intermediate School,150003000050,No,34.0,34.0,0.0,0.0,2.0,34.0,33.0,27.0,2.0,0.0,0.0,0.0,0.0,0.0
HI,HAWAII,1500030,Hawaii Department of Education,51,Waiakea Elementary School,150003000051,No,60.0,59.0,1.0,6.0,0.0,60.0,54.0,24.0,2.0,0.0,0.0,0.0,0.0,0.0
HI,HAWAII,1500030,Hawaii Department of Education,52,Waiakea High School,150003000052,No,82.0,82.0,0.0,6.0,2.0,82.0,76.0,36.0,6.0,0.0,0.0,0.0,0.0,0.0
HI,HAWAII,1500030,Hawaii Department of Education,53,Waiakea Intermediate School,150003000053,No,57.0,56.0,1.0,4.0,1.0,57.0,53.0,30.0,3.0,0.0,0.0,0.0,0.0,0.0
HI,HAWAII,1500030,Hawaii Department of Education,54,Waiakeawaena Elementary School,150003000054,No,48.0,48.0,0.0,1.0,1.0,48.0,46.0,21.0,2.0,0.0,0.0,0.0,0.0,0.0
HI,HAWAII,1500030,Hawaii Department of Education,55,Waimea Elementary School,150003000055,No,36.5,34.5,2.0,4.0,0.0,37.0,32.0,15.0,2.0,0.0,0.0,0.0,0.0,0.0
HI,HAWAII,1500030,Hawaii Department of Education,56,Henry Perrine Baldwin High School,150003000056,No,78.0,75.0,3.0,4.0,6.0,78.0,71.0,43.0,7.0,0.0,0.0,0.0,0.0,0.0
HI,HAWAII,1500030,Hawaii Department of Education,57,Haiku Elementary School,150003000057,No,33.0,32.0,1.0,4.0,4.0,33.0,28.0,19.0,0.5,0.0,0.0,0.0,0.0,0.0
HI,HAWAII,1500030,Hawaii Department of Education,58,Hana High & Elementary School,150003000058,No,30.0,29.0,1.0,0.0,4.0,30.0,30.0,24.0,2.0,0.0,0.0,0.0,0.0,0.0
HI,HAWAII,1500030,Hawaii Department of Education,59,Iao Intermediate School,150003000059,No,61.0,55.0,6.0,5.0,6.0,61.0,55.0,41.0,3.0,0.0,0.0,0.0,0.0,0.0
HI,HAWAII,1500030,Hawaii Department of Education,60,Kahului Elementary School,150003000060,No,64.0,56.0,8.0,9.0,9.0,65.0,56.0,45.0,2.0,0.0,0.0,0.0,0.0,0.0
HI,HAWAII,1500030,Hawaii Department of Education,61,King Kamehameha III Elementary School,150003000061,No,48.0,44.0,4.0,5.0,4.0,48.0,43.0,30.0,3.0,0.0,0.0,0.0,0.0,0.0
HI,HAWAII,1500030,Hawaii Department of Education,62,Kaunakakai Elementary School,150003000062,No,21.0,21.0,0.0,0.0,1.0,21.0,21.0,17.0,1.0,0.0,0.0,0.0,0.0,0.0
HI,HAWAII,1500030,Hawaii Department of Education,64,Kihei Elementary School,150003000064,No,59.0,57.0,2.0,8.0,6.0,59.0,50.0,23.0,2.0,0.0,0.0,0.0,0.0,0.0
HI,HAWAII,1500030,Hawaii Department of Education,65,Kilohana Elementary School,150003000065,No,8.0,8.0,0.0,1.0,1.0,8.0,7.0,6.0,0.0,0.0,0.0,0.0,0.0,0.0
HI,HAWAII,1500030,Hawaii Department of Education,66,Kualapuu School - Public Conversion Charter,150003000066,No,22.5,21.0,1.5,4.0,0.0,22.0,17.0,7.0,1.0,0.0,0.0,0.0,0.0,0.0
HI,HAWAII,1500030,Hawaii Department of Education,67,Kula Elementary School,150003000067,No,33.0,31.0,2.0,4.0,1.0,33.0,28.0,16.0,1.0,0.0,0.0,0.0,0.0,0.0
HI,HAWAII,1500030,Hawaii Department of Education,68,Lahaina Intermediate School,150003000068,No,45.0,41.0,4.0,9.0,4.0,45.0,35.0,25.0,3.0,0.0,0.0,0.0,0.0,0.0
HI,HAWAII,1500030,Hawaii Department of Education,69,Lahainaluna High School,150003000069,No,62.0,57.0,5.0,4.0,3.0,62.0,57.0,36.0,3.0,0.0,0.0,0.0,0.0,0.0
HI,HAWAII,1500030,Hawaii Department of Education,70,Lanai High & Elementary School,150003000070,No,46.0,40.0,6.0,4.0,7.0,46.0,42.0,32.0,1.0,0.0,0.0,0.0,0.0,0.0
HI,HAWAII,1500030,Hawaii Department of Education,71,Lihikai Elementary School,150003000071,No,57.0,56.0,1.0,2.0,3.0,57.0,55.0,32.0,4.0,0.0,0.0,0.0,0.0,0.0
HI,HAWAII,1500030,Hawaii Department of Education,72,Makawao Elementary School,150003000072,No,40.0,40.0,0.0,4.0,1.0,40.0,36.0,13.0,1.0,0.0,0.0,0.0,0.0,0.0
HI,HAWAII,1500030,Hawaii Department of Education,73,Maui High School,150003000073,No,122.0,117.0,5.0,4.0,7.0,122.0,112.0,75.0,10.0,0.0,0.0,0.0,0.0,0.0
HI,HAWAII,1500030,Hawaii Department of Education,74,Maunaloa Elementary School,150003000074,No,6.0,6.0,0.0,1.0,0.0,6.0,5.0,2.0,0.0,0.0,0.0,0.0,0.0,0.0
HI,HAWAII,1500030,Hawaii Department of Education,75,Molokai High School,150003000075,No,24.0,22.0,2.0,1.0,0.0,24.0,23.0,12.0,1.0,0.0,0.0,0.0,0.0,0.0
HI,HAWAII,1500030,Hawaii Department of Education,76,Paia Elementary School,150003000076,No,21.5,21.5,0.0,0.0,2.0,22.0,20.0,13.5,1.0,0.0,0.0,0.0,0.0,0.0
HI,HAWAII,1500030,Hawaii Department of Education,77,Pukalani Elementary School,150003000077,No,31.0,27.0,4.0,4.0,5.0,31.0,26.0,15.0,2.0,0.0,0.0,0.0,0.0,0.0
HI,HAWAII,1500030,Hawaii Department of Education,79,Waihee Elementary School,150003000079,No,49.0,45.0,4.0,6.0,2.0,49.0,42.0,16.0,2.0,0.0,0.0,0.0,0.0,0.0
HI,HAWAII,1500030,Hawaii Department of Education,80,Wailuku Elementary School,150003000080,No,49.0,46.0,3.0,4.0,1.0,49.0,43.0,21.0,1.0,0.0,0.0,0.0,0.0,0.0
HI,HAWAII,1500030,Hawaii Department of Education,81,Eleele Elementary School,150003000081,No,34.0,34.0,0.0,0.0,2.0,34.0,33.0,20.0,1.0,0.0,0.0,0.0,0.0,0.0
HI,HAWAII,1500030,Hawaii Department of Education,82,Hanalei Elementary School,150003000082,No,20.0,18.0,2.0,4.0,1.0,20.0,16.0,12.0,1.0,0.0,0.0,0.0,0.0,0.0
HI,HAWAII,1500030,Hawaii Department of Education,83,Kalaheo Elementary School,150003000083,No,30.5,30.5,0.0,2.0,0.0,31.0,29.0,17.0,2.0,0.0,0.0,0.0,0.0,0.0
HI,HAWAII,1500030,Hawaii Department of Education,84,Kapaa Elementary School,150003000084,No,62.0,61.0,1.0,3.0,3.0,62.0,56.0,29.0,2.0,0.0,0.0,0.0,0.0,0.0
HI,HAWAII,1500030,Hawaii Department of Education,85,Kapaa High School,150003000085,No,71.0,66.0,5.0,5.0,8.0,71.0,65.0,43.0,4.0,0.0,0.0,0.0,0.0,0.0
HI,HAWAII,1500030,Hawaii Department of Education,86,Kauai High School,150003000086,No,73.0,69.0,4.0,8.0,3.0,73.0,63.0,48.0,4.0,0.0,0.0,0.0,0.0,0.0
HI,HAWAII,1500030,Hawaii Department of Education,88,Kekaha Elementary School,150003000088,No,26.0,25.0,1.0,2.0,4.0,26.0,24.0,13.0,1.0,0.0,0.0,0.0,0.0,0.0
HI,HAWAII,1500030,Hawaii Department of Education,89,Kilauea Elementary School,150003000089,No,22.0,21.0,1.0,1.0,0.0,22.0,21.0,10.0,1.0,0.0,0.0,0.0,0.0,0.0
HI,HAWAII,1500030,Hawaii Department of Education,90,Koloa Elementary School,150003000090,No,26.0,25.0,1.0,2.0,1.0,26.0,24.0,17.0,1.0,0.0,0.0,0.0,0.0,0.0
HI,HAWAII,1500030,Hawaii Department of Education,91,Niihau High & Elementary School,150003000091,No,2.0,2.0,0.0,0.0,0.0,2.0,2.0,0.0,0.0,0.0,0.0,0.0,0.0,0.0
HI,HAWAII,1500030,Hawaii Department of Education,92,Waimea Canyon Middle School,150003000092,No,30.0,26.0,4.0,9.0,3.0,30.0,21.0,13.0,3.0,0.0,0.0,0.0,0.0,0.0
HI,HAWAII,1500030,Hawaii Department of Education,93,Waimea High School,150003000093,No,40.0,34.0,6.0,4.0,1.0,40.0,35.0,19.0,2.0,0.0,0.0,0.0,0.0,0.0
HI,HAWAII,1500030,Hawaii Department of Education,94,Elsie H Wilcox Elementary School,150003000094,No,52.0,51.0,1.0,5.0,1.0,52.0,46.0,27.0,2.0,0.0,0.0,0.0,0.0,0.0
HI,HAWAII,1500030,Hawaii Department of Education,96,Hawaii School for the Deaf and Blind,150003000096,No,4.0,4.0,0.0,1.0,3.0,15.0,14.0,4.0,1.0,0.0,0.0,0.0,0.0,0.0
HI,HAWAII,1500030,Hawaii Department of Education,98,Olomana School,150003000098,Yes,17.5,14.5,3.0,2.0,2.0,36.0,34.0,8.0,6.0,0.0,-9.0,0.0,0.0,0.0
HI,HAWAII,1500030,Hawaii Department of Education,99,Mililani Mauka Elementary School,150003000099,No,56.0,55.0,1.0,1.0,3.0,56.0,55.0,15.0,3.0,0.0,0.0,0.0,0.0,0.0
HI,HAWAII,1500030,Hawaii Department of Education,100,Castle High School,150003000100,No,80.5,70.0,10.5,12.0,7.0,82.0,68.0,38.5,5.0,0.0,0.0,0.0,0.0,0.0
HI,HAWAII,1500030,Hawaii Department of Education,101,Aikahi Elementary School,150003000101,No,30.0,28.0,2.0,4.0,2.0,30.0,25.0,13.0,1.0,0.0,0.0,0.0,0.0,0.0
HI,HAWAII,1500030,Hawaii Department of Education,102,Mililani High School,150003000102,No,148.5,138.5,10.0,4.0,14.0,149.0,144.0,74.0,11.0,0.0,0.0,0.0,0.0,0.0
HI,HAWAII,1500030,Hawaii Department of Education,103,Moanalua High School,150003000103,No,120.0,117.0,3.0,6.0,5.0,121.0,113.0,55.5,7.0,0.0,0.0,0.0,0.0,0.0
HI,HAWAII,1500030,Hawaii Department of Education,104,Moanalua Elementary School,150003000104,No,36.0,36.0,0.0,4.0,2.0,36.0,31.0,21.0,2.0,0.0,0.0,0.0,0.0,0.0
HI,HAWAII,1500030,Hawaii Department of Education,105,Mililani Waena Elementary School,150003000105,No,48.0,48.0,0.0,3.0,4.0,48.0,45.0,17.0,2.0,0.0,0.0,0.0,0.0,0.0
HI,HAWAII,1500030,Hawaii Department of Education,106,Mililani Uka Elementary School,150003000106,No,41.0,41.0,0.0,3.0,3.0,41.0,38.0,20.0,2.0,0.0,0.0,0.0,0.0,0.0
HI,HAWAII,1500030,Hawaii Department of Education,107,Makalapa Elementary School,150003000107,No,37.0,37.0,0.0,2.0,4.0,37.0,35.0,24.0,2.0,0.0,0.0,0.0,0.0,0.0
HI,HAWAII,1500030,Hawaii Department of Education,108,Leilehua High School,150003000108,No,115.0,108.0,7.0,5.0,5.0,115.0,109.0,54.0,9.0,0.0,0.0,0.0,0.0,0.0
HI,HAWAII,1500030,Hawaii Department of Education,109,Waiau Elementary School,150003000109,No,39.0,37.0,2.0,3.0,1.0,39.0,36.0,19.0,1.0,0.0,0.0,0.0,0.0,0.0
HI,HAWAII,1500030,Hawaii Department of Education,110,Waianae High School,150003000110,No,126.0,94.0,32.0,19.0,15.0,126.0,106.0,85.0,11.0,0.0,0.0,0.0,0.0,0.0
HI,HAWAII,1500030,Hawaii Department of Education,111,Waianae Elementary School,150003000111,No,39.0,36.0,3.0,2.0,5.0,39.0,36.0,20.0,2.0,0.0,0.0,0.0,0.0,0.0
HI,HAWAII,1500030,Hawaii Department of Education,112,Pohakea Elementary School,150003000112,No,36.5,34.5,2.0,3.0,6.0,37.0,34.0,17.0,2.0,0.0,0.0,0.0,0.0,0.0
HI,HAWAII,1500030,Hawaii Department of Education,113,Pearl City Highlands School,150003000113,No,32.0,32.0,0.0,1.0,3.0,32.0,31.0,11.0,1.0,0.0,0.0,0.0,0.0,0.0
HI,HAWAII,1500030,Hawaii Department of Education,114,Pearl City High School,150003000114,No,106.0,96.0,10.0,13.0,4.0,106.0,92.0,47.0,8.0,0.0,0.0,0.0,0.0,0.0
HI,HAWAII,1500030,Hawaii Department of Education,115,Pearl City Elementary School,150003000115,No,27.0,27.0,0.0,2.0,1.0,27.0,25.0,17.0,1.0,0.0,0.0,0.0,0.0,0.0
HI,HAWAII,1500030,Hawaii Department of Education,116,Palisades Elementary School,150003000116,No,28.0,27.0,1.0,2.0,0.0,28.0,26.0,15.0,1.0,0.0,0.0,0.0,0.0,0.0
HI,HAWAII,1500030,Hawaii Department of Education,117,Nanakuli High & Intermediate School,150003000117,No,85.0,75.0,10.0,4.0,6.0,85.0,78.0,61.0,7.0,0.0,0.0,0.0,0.0,0.0
HI,HAWAII,1500030,Hawaii Department of Education,118,Nanakuli Elementary School,150003000118,No,29.0,29.0,0.0,1.0,1.0,29.0,28.0,17.0,1.0,0.0,0.0,0.0,0.0,0.0
HI,HAWAII,1500030,Hawaii Department of Education,119,Nanaikapono Elementary School,150003000119,No,58.0,55.0,3.0,5.0,2.0,58.0,52.0,32.0,3.0,0.0,0.0,0.0,0.0,0.0
HI,HAWAII,1500030,Hawaii Department of Education,120,Momilani Elementary School,150003000120,No,22.0,22.0,0.0,1.0,0.0,22.0,20.0,3.0,1.0,0.0,0.0,0.0,0.0,0.0
HI,HAWAII,1500030,Hawaii Department of Education,121,Mauka Lani Elementary School,150003000121,No,47.0,46.0,1.0,9.0,4.0,47.0,37.0,28.0,2.0,0.0,0.0,0.0,0.0,0.0
HI,HAWAII,1500030,Hawaii Department of Education,122,Manana Elementary School,150003000122,No,27.0,27.0,0.0,1.0,1.0,27.0,25.0,6.0,1.0,0.0,0.0,0.0,0.0,0.0
HI,HAWAII,1500030,Hawaii Department of Education,123,Makakilo Elementary School,150003000123,No,31.5,31.5,0.0,0.0,0.0,32.0,31.0,13.0,1.0,0.0,0.0,0.0,0.0,0.0
HI,HAWAII,1500030,Hawaii Department of Education,124,Makaha Elementary School,150003000124,No,50.5,50.5,0.0,6.0,5.0,51.0,45.0,23.0,2.0,0.0,0.0,0.0,0.0,0.0
HI,HAWAII,1500030,Hawaii Department of Education,125,Maili Elementary School,150003000125,No,62.0,56.0,6.0,5.0,4.0,63.0,58.0,34.5,1.0,0.0,0.0,0.0,0.0,0.0
HI,HAWAII,1500030,Hawaii Department of Education,126,Lehua Elementary School,150003000126,No,25.0,23.0,2.0,1.0,4.0,25.0,24.0,12.0,1.0,0.0,0.0,0.0,0.0,0.0
HI,HAWAII,1500030,Hawaii Department of Education,127,Kaimiloa Elementary School,150003000127,No,45.0,42.0,3.0,2.0,3.0,45.0,43.0,18.0,2.0,0.0,0.0,0.0,0.0,0.0
HI,HAWAII,1500030,Hawaii Department of Education,128,Iroquois Point Elementary School,150003000128,No,48.0,44.0,4.0,10.0,2.0,48.0,38.0,17.0,2.0,0.0,0.0,0.0,0.0,0.0
HI,HAWAII,1500030,Hawaii Department of Education,129,Ilima Intermediate School,150003000129,No,60.0,55.0,5.0,7.0,4.0,60.0,53.0,30.0,3.0,0.0,0.0,0.0,0.0,0.0
HI,HAWAII,1500030,Hawaii Department of Education,130,Honowai Elementary School,150003000130,No,47.0,47.0,0.0,1.0,4.0,47.0,46.0,16.0,2.0,0.0,0.0,0.0,0.0,0.0
HI,HAWAII,1500030,Hawaii Department of Education,131,Highlands Intermediate School,150003000131,No,59.0,54.0,5.0,4.0,6.0,59.0,55.0,23.0,4.0,0.0,0.0,0.0,0.0,0.0
HI,HAWAII,1500030,Hawaii Department of Education,132,Ewa Beach Elementary School,150003000132,No,49.0,46.0,3.0,8.0,9.0,49.0,41.0,29.0,2.0,0.0,0.0,0.0,0.0,0.0
HI,HAWAII,1500030,Hawaii Department of Education,133,Ewa Elementary School,150003000133,No,73.0,72.0,1.0,5.0,3.0,73.0,68.0,15.0,4.0,0.0,0.0,0.0,0.0,0.0
HI,HAWAII,1500030,Hawaii Department of Education,134,James Campbell High School,150003000134,No,188.0,169.0,19.0,21.0,23.0,188.0,164.0,113.0,10.0,0.0,0.0,0.0,0.0,0.0
HI,HAWAII,1500030,Hawaii Department of Education,135,Barbers Point Elementary School,150003000135,No,33.0,32.0,1.0,3.0,5.0,33.0,30.0,9.0,2.0,0.0,0.0,0.0,0.0,0.0
HI,HAWAII,1500030,Hawaii Department of Education,136,August Ahrens Elementary School,150003000136,No,79.5,79.5,0.0,2.0,2.0,80.0,77.0,36.0,3.0,0.0,0.0,0.0,0.0,0.0
HI,HAWAII,1500030,Hawaii Department of Education,137,Major Sheldon Wheeler Middle School,150003000137,No,56.5,37.0,19.5,17.5,8.0,57.0,38.0,18.0,2.0,0.0,0.0,0.0,0.0,0.0
HI,HAWAII,1500030,Hawaii Department of Education,138,Major Sheldon Wheeler Elementary School,150003000138,No,50.5,48.5,2.0,9.0,3.0,51.0,42.0,21.5,3.0,0.0,0.0,0.0,0.0,0.0
HI,HAWAII,1500030,Hawaii Department of Education,139,Gustav H Webling Elementary School,150003000139,No,30.5,29.5,1.0,3.0,1.0,31.0,27.0,16.0,1.0,0.0,0.0,0.0,0.0,0.0
HI,HAWAII,1500030,Hawaii Department of Education,140,Waimalu Elementary School,150003000140,No,35.0,33.0,2.0,5.0,1.0,35.0,30.0,11.0,2.0,0.0,0.0,0.0,0.0,0.0
HI,HAWAII,1500030,Hawaii Department of Education,141,Waialua High & Intermediate School,150003000141,No,43.0,41.0,2.0,2.0,5.0,43.0,40.0,19.0,4.0,0.0,0.0,0.0,0.0,0.0
HI,HAWAII,1500030,Hawaii Department of Education,142,Waialua Elementary School,150003000142,No,34.0,34.0,0.0,1.0,2.0,34.0,33.0,21.0,2.0,0.0,0.0,0.0,0.0,0.0
HI,HAWAII,1500030,Hawaii Department of Education,143,Wahiawa Middle School,150003000143,No,63.0,56.0,7.0,3.0,4.0,63.0,60.0,32.0,3.0,0.0,0.0,0.0,0.0,0.0
HI,HAWAII,1500030,Hawaii Department of Education,144,Wahiawa Elementary School,150003000144,No,36.0,35.0,1.0,6.0,4.0,36.0,30.0,17.0,2.0,0.0,0.0,0.0,0.0,0.0
HI,HAWAII,1500030,Hawaii Department of Education,145,Sergeant Samuel K Solomon Elementary School,150003000145,No,65.5,62.5,3.0,9.0,7.0,66.0,56.0,34.0,5.0,0.0,0.0,0.0,0.0,0.0
HI,HAWAII,1500030,Hawaii Department of Education,146,Major General William R Shafter Elementary School,150003000146,No,29.0,29.0,0.0,3.0,3.0,29.0,25.0,10.0,1.0,0.0,0.0,0.0,0.0,0.0
HI,HAWAII,1500030,Hawaii Department of Education,147,Alvah A Scott Elementary School,150003000147,No,33.0,30.0,3.0,5.0,4.0,33.0,27.0,13.0,1.0,0.0,0.0,0.0,0.0,0.0
HI,HAWAII,1500030,Hawaii Department of Education,148,Salt Lake Elementary School,150003000148,No,48.0,47.0,1.0,1.0,3.0,48.0,45.0,16.0,2.0,0.0,0.0,0.0,0.0,0.0
HI,HAWAII,1500030,Hawaii Department of Education,149,Red Hill Elementary School,150003000149,No,29.5,29.5,0.0,0.0,4.0,30.0,30.0,14.5,2.0,0.0,0.0,0.0,0.0,0.0
HI,HAWAII,1500030,Hawaii Department of Education,150,Admiral Arthur W Radford High School,150003000150,No,78.0,70.0,8.0,9.0,12.0,78.0,68.0,38.0,5.0,0.0,0.0,0.0,0.0,0.0
HI,HAWAII,1500030,Hawaii Department of Education,151,Pearl Ridge Elementary School,150003000151,No,33.0,33.0,0.0,2.0,3.0,33.0,31.0,18.0,2.0,0.0,0.0,0.0,0.0,0.0
HI,HAWAII,1500030,Hawaii Department of Education,152,Pearl Harbor Kai Elementary School,150003000152,No,37.5,37.5,0.0,1.0,2.0,38.0,37.0,13.0,2.0,0.0,0.0,0.0,0.0,0.0
HI,HAWAII,1500030,Hawaii Department of Education,153,Pearl Harbor Elementary School,150003000153,No,42.5,40.5,2.0,3.0,4.0,43.0,39.0,20.0,3.0,0.0,0.0,0.0,0.0,0.0
HI,HAWAII,1500030,Hawaii Department of Education,154,Admiral Chester W Nimitz Elementary School,150003000154,No,43.5,43.5,0.0,4.0,3.0,44.0,40.0,10.0,2.0,0.0,0.0,0.0,0.0,0.0
HI,HAWAII,1500030,Hawaii Department of Education,155,Mokulele Elementary School,150003000155,No,26.0,23.0,3.0,4.0,0.0,26.0,22.0,12.0,2.0,0.0,0.0,0.0,0.0,0.0
HI,HAWAII,1500030,Hawaii Department of Education,156,Moanalua Middle School,150003000156,No,47.5,46.5,1.0,0.0,1.0,48.0,47.0,19.0,2.0,0.0,0.0,0.0,0.0,0.0
HI,HAWAII,1500030,Hawaii Department of Education,157,Ahuimanu Elementary School,150003000157,No,21.5,21.5,0.0,0.0,0.0,22.0,22.0,15.0,1.0,0.0,0.0,0.0,0.0,0.0
HI,HAWAII,1500030,Hawaii Department of Education,158,Waipahu Intermediate School,150003000158,No,81.0,78.0,3.0,2.0,5.0,81.0,79.0,42.0,6.0,0.0,0.0,0.0,0.0,0.0
HI,HAWAII,1500030,Hawaii Department of Education,159,Waipahu Elementary School,150003000159,No,77.0,73.0,4.0,6.0,4.0,77.0,71.0,36.0,3.0,0.0,0.0,0.0,0.0,0.0
HI,HAWAII,1500030,Hawaii Department of Education,160,Kalihi Kai Elementary School,150003000160,No,44.0,44.0,0.0,0.0,4.0,44.0,44.0,23.0,2.0,0.0,0.0,0.0,0.0,0.0
HI,HAWAII,1500030,Hawaii Department of Education,161,Waipahu High School,150003000161,No,161.0,152.0,9.0,8.0,7.0,162.0,153.0,67.0,10.0,0.0,0.0,0.0,0.0,0.0
HI,HAWAII,1500030,Hawaii Department of Education,162,Kalihi Elementary School,150003000162,No,22.0,22.0,0.0,1.0,2.0,22.0,21.0,9.0,1.0,0.0,0.0,0.0,0.0,0.0
HI,HAWAII,1500030,Hawaii Department of Education,163,Kalani High School,150003000163,No,81.0,77.0,4.0,6.0,3.0,82.0,75.0,41.0,6.0,0.0,0.0,0.0,0.0,0.0
HI,HAWAII,1500030,Hawaii Department of Education,164,King David Kalakaua Middle School,150003000164,No,63.0,61.0,2.0,4.0,4.0,63.0,59.0,28.0,6.0,0.0,0.0,0.0,0.0,0.0
HI,HAWAII,1500030,Hawaii Department of Education,165,Princess Victoria Kaiulani Elementary School,150003000165,No,26.0,26.0,0.0,0.0,2.0,26.0,24.0,12.0,1.0,0.0,0.0,0.0,0.0,0.0
HI,HAWAII,1500030,Hawaii Department of Education,166,Kapolei Elementary School,150003000166,No,63.0,61.0,2.0,2.0,8.0,63.0,61.0,32.0,3.0,0.0,0.0,0.0,0.0,0.0
HI,HAWAII,1500030,Hawaii Department of Education,167,Kipapa Elementary School,150003000167,No,45.0,43.0,2.0,1.0,3.0,45.0,44.0,17.0,2.0,0.0,0.0,0.0,0.0,0.0
HI,HAWAII,1500030,Hawaii Department of Education,168,Kaala Elementary School,150003000168,No,30.0,30.0,0.0,0.0,3.0,30.0,30.0,16.0,2.0,0.0,0.0,0.0,0.0,0.0
HI,HAWAII,1500030,Hawaii Department of Education,169,Iliahi Elementary School,150003000169,No,26.0,26.0,0.0,1.0,3.0,26.0,25.0,9.0,2.0,0.0,0.0,0.0,0.0,0.0
HI,HAWAII,1500030,Hawaii Department of Education,170,Lt Col Horrace Meek Hickam Elementary School,150003000170,No,34.0,34.0,0.0,2.0,9.0,34.0,31.0,14.0,1.0,0.0,0.0,0.0,0.0,0.0
HI,HAWAII,1500030,Hawaii Department of Education,171,Helemano Elementary School,150003000171,No,44.5,44.5,0.0,0.0,0.0,45.0,44.0,16.5,3.0,0.0,0.0,0.0,0.0,0.0
HI,HAWAII,1500030,Hawaii Department of Education,172,Haleiwa Elementary School,150003000172,No,17.0,15.0,2.0,3.0,2.0,17.0,13.0,3.0,2.0,0.0,0.0,0.0,0.0,0.0
HI,HAWAII,1500030,Hawaii Department of Education,173,Daniel K Inouye Elementary School,150003000173,No,59.5,58.5,1.0,5.0,10.0,60.0,54.0,37.0,3.0,0.0,0.0,0.0,0.0,0.0
HI,HAWAII,1500030,Hawaii Department of Education,174,Aliamanu Middle School,150003000174,No,43.0,40.0,3.0,4.0,0.0,43.0,39.0,18.0,2.0,0.0,0.0,0.0,0.0,0.0
HI,HAWAII,1500030,Hawaii Department of Education,175,Aliamanu Elementary School,150003000175,No,42.0,41.0,1.0,1.0,5.0,42.0,41.0,20.0,2.0,0.0,0.0,0.0,0.0,0.0
HI,HAWAII,1500030,Hawaii Department of Education,176,Aiea Intermediate School,150003000176,No,39.0,36.0,3.0,9.0,3.0,39.0,30.0,8.0,3.0,0.0,0.0,0.0,0.0,0.0
HI,HAWAII,1500030,Hawaii Department of Education,177,Aiea High School,150003000177,No,66.5,54.5,12.0,7.0,4.0,67.0,58.0,29.5,6.0,0.0,0.0,0.0,0.0,0.0
HI,HAWAII,1500030,Hawaii Department of Education,178,Aiea Elementary School,150003000178,No,26.0,26.0,0.0,2.0,1.0,26.0,24.0,18.0,2.0,0.0,0.0,0.0,0.0,0.0
HI,HAWAII,1500030,Hawaii Department of Education,179,Mayor John H Wilson Elementary School,150003000179,No,39.0,38.0,1.0,2.0,0.0,39.0,37.0,6.0,2.0,0.0,0.0,0.0,0.0,0.0
HI,HAWAII,1500030,Hawaii Department of Education,180,President George Washington Middle School,150003000180,No,56.0,55.0,1.0,1.0,2.0,56.0,55.0,23.0,4.0,0.0,0.0,0.0,0.0,0.0
HI,HAWAII,1500030,Hawaii Department of Education,182,Waikiki Elementary School,150003000182,No,33.5,32.5,1.0,2.0,1.0,35.0,33.0,11.0,0.5,0.0,0.0,0.0,0.0,0.0
HI,HAWAII,1500030,Hawaii Department of Education,183,Waialae Elementary - PCS,150003000183,No,36.0,36.0,0.0,0.0,1.0,36.0,27.0,12.0,1.0,0.0,0.0,0.0,0.0,0.0
HI,HAWAII,1500030,Hawaii Department of Education,184,Robert Louis Stevenson Middle School,150003000184,No,46.0,45.0,1.0,7.0,4.0,46.0,38.0,27.0,4.0,0.0,0.0,0.0,0.0,0.0
HI,HAWAII,1500030,Hawaii Department of Education,185,Royal Elementary School,150003000185,No,24.0,24.0,0.0,1.0,3.0,24.0,22.0,8.0,1.0,0.0,0.0,0.0,0.0,0.0
HI,HAWAII,1500030,Hawaii Department of Education,186,President Theodore Roosevelt High School,150003000186,No,78.0,76.0,2.0,5.0,8.0,78.0,72.0,39.0,7.0,0.0,0.0,0.0,0.0,0.0
HI,HAWAII,1500030,Hawaii Department of Education,187,Puuhale Elementary School,150003000187,No,18.5,18.5,0.0,0.0,1.0,19.0,19.0,10.0,1.0,0.0,0.0,0.0,0.0,0.0
HI,HAWAII,1500030,Hawaii Department of Education,188,Pauoa Elementary School,150003000188,No,21.0,21.0,0.0,0.0,0.0,21.0,21.0,6.0,1.0,0.0,0.0,0.0,0.0,0.0
HI,HAWAII,1500030,Hawaii Department of Education,189,Palolo Elementary School,150003000189,No,21.5,21.5,0.0,0.0,0.0,23.0,22.0,10.0,1.0,0.0,0.0,0.0,0.0,0.0
HI,HAWAII,1500030,Hawaii Department of Education,190,Nuuanu Elementary School,150003000190,No,24.0,24.0,0.0,1.0,1.0,24.0,23.0,12.0,1.0,0.0,0.0,0.0,0.0,0.0
HI,HAWAII,1500030,Hawaii Department of Education,191,Noelani Elementary School,150003000191,No,26.0,26.0,0.0,1.0,1.0,26.0,24.0,12.0,1.0,0.0,0.0,0.0,0.0,0.0
HI,HAWAII,1500030,Hawaii Department of Education,192,Niu Valley Middle School,150003000192,No,50.0,45.0,5.0,9.0,4.0,50.0,40.0,18.0,2.0,0.0,0.0,0.0,0.0,0.0
HI,HAWAII,1500030,Hawaii Department of Education,193,President William McKinley High School,150003000193,No,95.5,90.5,5.0,3.0,5.0,96.0,92.0,51.0,7.0,0.0,0.0,0.0,0.0,0.0
HI,HAWAII,1500030,Hawaii Department of Education,194,Manoa Elementary School,150003000194,No,35.0,34.0,1.0,1.0,2.0,35.0,34.0,15.0,2.0,0.0,0.0,0.0,0.0,0.0
HI,HAWAII,1500030,Hawaii Department of Education,195,King William Lunalilo Elementary School,150003000195,No,26.0,26.0,0.0,0.0,1.0,27.0,27.0,11.0,1.0,0.0,0.0,0.0,0.0,0.0
HI,HAWAII,1500030,Hawaii Department of Education,196,Maemae Elementary School,150003000196,No,40.0,40.0,0.0,1.0,1.0,40.0,39.0,16.0,2.0,0.0,0.0,0.0,0.0,0.0
HI,HAWAII,1500030,Hawaii Department of Education,197,President Abraham Lincoln Elementary School,150003000197,No,24.0,24.0,0.0,0.0,0.0,24.0,24.0,8.0,1.0,0.0,0.0,0.0,0.0,0.0
HI,HAWAII,1500030,Hawaii Department of Education,198,Linapuni Elementary School,150003000198,No,15.0,15.0,0.0,0.0,2.0,15.0,15.0,8.0,1.0,0.0,0.0,0.0,0.0,0.0
HI,HAWAII,1500030,Hawaii Department of Education,200,Princess Miriam K Likelike Elementary School,150003000200,No,24.0,24.0,0.0,0.0,0.0,25.0,25.0,9.0,1.0,0.0,0.0,0.0,0.0,0.0
HI,HAWAII,1500030,Hawaii Department of Education,201,King Liholiho Elementary School,150003000201,No,30.0,29.0,1.0,1.0,0.0,30.0,29.0,10.0,1.5,0.0,0.0,0.0,0.0,0.0
HI,HAWAII,1500030,Hawaii Department of Education,202,Lanakila Elementary School,150003000202,No,22.0,22.0,0.0,0.0,2.0,22.0,22.0,6.0,1.0,0.0,0.0,0.0,0.0,0.0
HI,HAWAII,1500030,Hawaii Department of Education,203,Prince Jonah Kuhio Elementary School,150003000203,No,19.0,19.0,0.0,3.0,0.0,19.0,16.0,9.0,1.0,0.0,0.0,0.0,0.0,0.0
HI,HAWAII,1500030,Hawaii Department of Education,204,Koko Head Elementary School,150003000204,No,21.0,20.0,1.0,2.0,2.0,22.0,19.0,10.0,1.0,0.0,0.0,0.0,0.0,0.0
HI,HAWAII,1500030,Hawaii Department of Education,205,Prince David Kawananakoa Middle School,150003000205,No,45.5,44.5,1.0,7.0,2.0,46.0,39.0,23.0,3.0,0.0,0.0,0.0,0.0,0.0
HI,HAWAII,1500030,Hawaii Department of Education,206,Kauluwela Elementary School,150003000206,No,25.0,25.0,0.0,4.0,2.0,25.0,21.0,11.0,1.0,0.0,0.0,0.0,0.0,0.0
HI,HAWAII,1500030,Hawaii Department of Education,207,Kapalama Elementary School,150003000207,No,36.5,36.5,0.0,1.0,0.0,38.0,37.0,16.0,2.0,0.0,0.0,0.0,0.0,0.0
HI,HAWAII,1500030,Hawaii Department of Education,208,Kamiloiki Elementary School,150003000208,No,31.0,30.5,0.5,2.5,1.0,32.0,28.0,7.5,1.0,0.0,0.0,0.0,0.0,0.0
HI,HAWAII,1500030,Hawaii Department of Education,209,Kalihi Waena Elementary School,150003000209,No,35.0,35.0,0.0,1.0,0.0,35.0,34.0,21.0,1.0,0.0,0.0,0.0,0.0,0.0
HI,HAWAII,1500030,Hawaii Department of Education,210,Kalihi Uka Elementary School,150003000210,No,15.5,15.5,0.0,1.0,1.0,16.0,15.0,6.0,1.0,0.0,0.0,0.0,0.0,0.0
HI,HAWAII,1500030,Hawaii Department of Education,211,Kaimuki Middle School,150003000211,No,59.0,57.0,2.0,1.0,2.0,60.0,59.0,32.5,5.0,0.0,0.0,0.0,0.0,0.0
HI,HAWAII,1500030,Hawaii Department of Education,212,Kaimuki High School,150003000212,No,55.0,49.0,6.0,4.0,3.0,55.0,50.0,25.0,4.0,0.0,0.0,0.0,0.0,0.0
HI,HAWAII,1500030,Hawaii Department of Education,213,President Thomas Jefferson Elementary School,150003000213,No,29.0,29.0,0.0,4.0,3.0,29.0,25.0,16.0,1.0,0.0,0.0,0.0,0.0,0.0
HI,HAWAII,1500030,Hawaii Department of Education,214,Hokulani Elementary School,150003000214,No,23.0,23.0,0.0,1.0,2.0,23.0,22.0,7.0,0.0,0.0,0.0,0.0,0.0,0.0
HI,HAWAII,1500030,Hawaii Department of Education,215,Kahala Elementary School,150003000215,No,28.5,28.5,0.0,2.0,3.0,30.0,28.0,11.5,1.0,0.0,0.0,0.0,0.0,0.0
HI,HAWAII,1500030,Hawaii Department of Education,216,Kaewai Elementary School,150003000216,No,27.0,26.0,1.0,1.0,0.0,27.0,26.0,19.0,0.0,0.0,0.0,0.0,0.0,0.0
HI,HAWAII,1500030,Hawaii Department of Education,217,Queen Kaahumanu Elementary School,150003000217,No,39.5,39.5,0.0,1.0,5.0,40.0,39.0,12.5,2.0,0.0,0.0,0.0,0.0,0.0
HI,HAWAII,1500030,Hawaii Department of Education,218,William P Jarrett Middle School,150003000218,No,24.0,24.0,0.0,0.0,1.0,24.0,24.0,9.0,2.0,0.0,0.0,0.0,0.0,0.0
HI,HAWAII,1500030,Hawaii Department of Education,219,Hahaione Elementary School,150003000219,No,36.5,36.5,0.0,3.0,8.0,37.0,34.0,8.0,1.0,0.0,0.0,0.0,0.0,0.0
HI,HAWAII,1500030,Hawaii Department of Education,220,Mayor Joseph J Fern Elementary School,150003000220,No,31.5,30.5,1.0,0.0,2.0,32.0,32.0,16.0,1.5,0.0,0.0,0.0,0.0,0.0
HI,HAWAII,1500030,Hawaii Department of Education,221,Governor Wallace Rider Farrington High School,150003000221,No,140.0,133.0,7.0,11.0,9.0,140.0,128.0,60.0,11.0,0.0,0.0,0.0,0.0,0.0
HI,HAWAII,1500030,Hawaii Department of Education,222,Governor Sanford B Dole Middle School,150003000222,No,57.0,54.0,3.0,5.0,1.0,57.0,52.0,36.0,3.0,0.0,0.0,0.0,0.0,0.0
HI,HAWAII,1500030,Hawaii Department of Education,223,Central Middle School,150003000223,No,27.0,27.0,0.0,3.0,1.0,27.0,23.0,13.0,3.0,0.0,0.0,0.0,0.0,0.0
HI,HAWAII,1500030,Hawaii Department of Education,225,Aliiolani Elementary School,150003000225,No,18.0,18.0,0.0,0.0,1.0,18.0,18.0,9.0,1.0,0.0,0.0,0.0,0.0,0.0
HI,HAWAII,1500030,Hawaii Department of Education,226,Ala Wai Elementary School,150003000226,No,27.0,27.0,0.0,1.0,1.0,27.0,26.0,7.0,1.0,0.0,0.0,0.0,0.0,0.0
HI,HAWAII,1500030,Hawaii Department of Education,227,Aina Haina Elementary School,150003000227,No,29.5,28.5,1.0,2.0,0.0,30.0,28.0,14.0,2.0,0.0,0.0,0.0,0.0,0.0
HI,HAWAII,1500030,Hawaii Department of Education,228,Henry J Kaiser High School,150003000228,No,65.0,61.5,3.5,4.0,1.5,66.0,62.0,20.0,5.0,0.0,0.0,0.0,0.0,0.0
HI,HAWAII,1500030,Hawaii Department of Education,229,Waianae Intermediate School,150003000229,No,61.0,47.0,14.0,9.0,7.0,61.0,52.0,48.0,4.0,0.0,0.0,0.0,0.0,0.0
HI,HAWAII,1500030,Hawaii Department of Education,230,Leihoku Elementary School,150003000230,No,61.0,57.0,4.0,5.0,7.0,61.0,56.0,20.0,2.0,0.0,0.0,0.0,0.0,0.0
HI,HAWAII,1500030,Hawaii Department of Education,231,Kanoelani Elementary School,150003000231,No,50.0,50.0,0.0,1.0,6.0,50.0,48.0,25.0,2.0,0.0,0.0,0.0,0.0,0.0
HI,HAWAII,1500030,Hawaii Department of Education,232,Kahakai Elementary School,150003000232,No,44.0,41.0,3.0,1.0,7.0,44.0,42.0,24.0,1.0,0.0,0.0,0.0,0.0,0.0
HI,HAWAII,1500030,Hawaii Department of Education,233,Samuel Enoka Kalama Intermediate School,150003000233,No,66.0,63.0,3.0,4.0,10.0,66.0,61.0,54.0,4.0,0.0,0.0,0.0,0.0,0.0
HI,HAWAII,1500030,Hawaii Department of Education,234,Pahoa Elementary School,150003000234,No,29.0,29.0,0.0,1.0,2.0,29.0,28.0,18.0,2.0,0.0,0.0,0.0,0.0,0.0
HI,HAWAII,1500030,Hawaii Department of Education,235,Kealakehe Intermediate School,150003000235,No,49.0,44.0,5.0,6.0,8.0,49.0,42.0,30.0,1.0,0.0,0.0,0.0,0.0,0.0
HI,HAWAII,1500030,Hawaii Department of Education,236,Kahuku Elementary School,150003000236,No,29.0,27.0,2.0,2.0,1.0,29.0,26.0,18.0,1.0,0.0,0.0,0.0,0.0,0.0
HI,HAWAII,1500030,Hawaii Department of Education,237,Princess Nahienaena Elementary School,150003000237,No,50.0,49.0,1.0,4.0,4.0,50.0,45.0,33.0,2.0,0.0,0.0,0.0,0.0,0.0
HI,HAWAII,1500030,Hawaii Department of Education,238,Lokelani Intermediate School,150003000238,No,45.0,41.0,4.0,5.0,5.0,45.0,39.0,26.0,2.0,0.0,0.0,0.0,0.0,0.0
HI,HAWAII,1500030,Hawaii Department of Education,239,Kaleiopuu Elementary School,150003000239,No,52.0,52.0,0.0,4.0,2.0,52.0,48.0,29.0,3.0,0.0,0.0,0.0,0.0,0.0
HI,HAWAII,1500030,Hawaii Department of Education,240,Kamaile Academy PCS,150003000240,No,57.0,48.0,9.0,4.0,5.0,57.0,45.0,16.0,4.0,0.0,3.0,0.0,0.0,1.0
HI,HAWAII,1500030,Hawaii Department of Education,241,Maui Waena Intermediate School,150003000241,No,71.0,65.0,6.0,6.0,6.0,71.0,63.0,46.0,4.0,0.0,0.0,0.0,0.0,0.0
HI,HAWAII,1500030,Hawaii Department of Education,242,King Kaumualii Elementary School,150003000242,No,41.0,40.0,1.0,3.0,0.0,44.0,41.0,25.0,2.0,0.0,0.0,0.0,0.0,0.0
HI,HAWAII,1500030,Hawaii Department of Education,244,Keonepoko Elementary School,150003000244,No,49.0,48.0,1.0,6.0,7.0,49.0,43.0,23.0,2.0,0.0,0.0,0.0,0.0,0.0
HI,HAWAII,1500030,Hawaii Department of Education,246,Anuenue School,150003000246,No,34.0,27.0,7.0,5.0,2.0,34.0,29.0,16.0,2.0,0.0,0.0,0.0,0.0,0.0
HI,HAWAII,1500030,Hawaii Department of Education,247,Waikoloa Elementary and Middle School,150003000247,No,57.5,55.0,2.5,7.5,3.0,59.0,47.0,24.5,2.0,0.0,0.0,0.0,0.0,0.0
HI,HAWAII,1500030,Hawaii Department of Education,248,Holomua Elementary School,150003000248,No,80.0,80.0,0.0,1.0,3.0,80.0,79.0,48.0,3.0,0.0,0.0,0.0,0.0,0.0
HI,HAWAII,1500030,Hawaii Department of Education,249,Honokaa Elementary School,150003000249,No,23.5,23.5,0.0,1.0,2.0,24.0,23.0,11.5,1.0,0.0,0.0,0.0,0.0,0.0
HI,HAWAII,1500030,Hawaii Department of Education,250,Kohala Elementary School,150003000250,No,26.0,26.0,0.0,1.0,2.0,26.0,25.0,15.0,1.0,0.0,0.0,0.0,0.0,0.0
HI,HAWAII,1500030,Hawaii Department of Education,251,King Kekaulike High School,150003000251,No,75.0,67.0,8.0,4.0,4.0,75.0,71.0,50.0,5.0,0.0,0.0,0.0,0.0,0.0
HI,HAWAII,1500030,Hawaii Department of Education,252,Konawaena Middle School,150003000252,No,41.0,33.0,8.0,6.0,7.0,41.0,34.0,30.0,1.0,0.0,0.0,0.0,0.0,0.0
HI,HAWAII,1500030,Hawaii Department of Education,253,Kamalii Elementary School,150003000253,No,30.0,29.0,1.0,1.0,1.0,30.0,29.0,21.0,1.0,0.0,0.0,0.0,0.0,0.0
HI,HAWAII,1500030,Hawaii Department of Education,254,Kealakehe High School,150003000254,No,75.0,62.0,13.0,9.0,9.0,77.0,68.0,54.0,5.0,0.0,0.0,0.0,0.0,0.0
HI,HAWAII,1500030,Hawaii Department of Education,255,Kapaa Middle School,150003000255,No,31.0,30.0,1.0,4.0,1.0,31.0,27.0,23.0,3.0,0.0,0.0,0.0,0.0,0.0
HI,HAWAII,1500030,Hawaii Department of Education,256,Mililani Middle School,150003000256,No,103.0,98.0,5.0,7.0,5.0,103.0,94.0,71.0,5.0,0.0,0.0,0.0,0.0,0.0
HI,HAWAII,1500030,Hawaii Department of Education,257,Waikele Elementary School,150003000257,No,44.0,44.0,0.0,3.0,0.0,44.0,41.0,18.0,2.0,0.0,0.0,0.0,0.0,0.0
HI,HAWAII,1500030,Hawaii Department of Education,258,Keaau Elementary School,150003000258,No,53.0,51.0,2.0,3.0,2.0,53.0,50.0,32.0,2.0,0.0,0.0,0.0,0.0,0.0
HI,HAWAII,1500030,Hawaii Department of Education,259,Kapolei Middle School,150003000259,No,92.0,85.0,7.0,10.0,4.0,92.0,79.0,70.0,5.0,0.0,0.0,0.0,0.0,0.0
HI,HAWAII,1500030,Hawaii Department of Education,260,Keaau High School,150003000260,No,65.0,63.0,2.0,3.0,3.0,65.0,61.0,43.0,5.0,0.0,0.0,0.0,0.0,0.0
HI,HAWAII,1500030,Hawaii Department of Education,261,Kapolei High School,150003000261,No,118.5,105.5,13.0,12.0,6.0,120.0,104.0,63.5,9.0,0.0,0.0,0.0,0.0,0.0
HI,HAWAII,1500030,Hawaii Department of Education,262,Connections - New Century PCS,150003000262,No,26.5,24.5,2.0,2.0,0.0,16.0,14.0,8.0,4.0,0.0,0.0,1.0,0.0,0.0
HI,HAWAII,1500030,Hawaii Department of Education,263,Kanu o ka Aina - New Century PCS,150003000263,No,20.0,19.0,1.0,0.0,0.0,20.0,16.0,3.0,0.0,0.0,0.0,0.0,0.0,0.0
HI,HAWAII,1500030,Hawaii Department of Education,264,Na Wai Ola - PCS,150003000264,No,9.0,8.0,1.0,1.0,0.0,9.0,7.0,6.0,0.0,0.0,0.0,0.0,0.0,0.0
HI,HAWAII,1500030,Hawaii Department of Education,265,West Hawaii Explorations Academy,150003000265,No,19.0,16.0,3.0,0.0,3.0,19.0,16.0,0.0,0.0,0.0,0.0,0.0,0.0,0.0
HI,HAWAII,1500030,Hawaii Department of Education,266,Chiefess Kamakahelei Middle School,150003000266,No,65.0,59.0,6.0,5.0,8.0,65.0,59.0,35.0,3.0,0.0,0.0,0.0,0.0,0.0
HI,HAWAII,1500030,Hawaii Department of Education,267,Kohala Middle School,150003000267,No,14.0,14.0,0.0,2.0,1.0,14.0,12.0,7.0,1.0,0.0,0.0,0.0,0.0,0.0
HI,HAWAII,1500030,Hawaii Department of Education,268,Waimea Middle - PCCS,150003000268,No,14.8,14.8,0.0,0.0,0.0,16.0,14.0,4.5,1.0,1.0,0.0,0.0,0.0,0.0
HI,HAWAII,1500030,Hawaii Department of Education,269,Kula Aupuni Niihau A Kahelelani Aloha - NCPCS,150003000269,No,5.0,3.0,2.0,0.0,0.0,5.0,4.0,0.0,0.0,0.0,0.0,0.0,0.0,0.0
HI,HAWAII,1500030,Hawaii Department of Education,270,Halau Ku Mana - A New Century PCS,150003000270,No,16.0,15.0,1.0,0.0,1.0,16.0,15.0,6.0,1.0,0.0,0.0,0.0,0.0,0.0
HI,HAWAII,1500030,Hawaii Department of Education,271,Voyager - A Public Charter School,150003000271,No,21.0,20.0,1.0,1.0,0.0,17.0,13.0,7.0,1.0,0.0,0.0,0.0,1.0,0.0
HI,HAWAII,1500030,Hawaii Department of Education,273,University Laboratory School,150003000273,No,35.4,35.4,0.0,0.6,0.0,35.0,33.0,16.0,2.0,0.0,0.0,0.0,0.0,0.0
HI,HAWAII,1500030,Hawaii Department of Education,274,Myron B. Thompson Academy - A New Century PCS,150003000274,No,18.0,18.0,0.0,0.0,0.0,18.0,18.0,1.0,2.0,0.0,0.0,0.0,0.0,0.0
HI,HAWAII,1500030,Hawaii Department of Education,275,Hakipuu Learning Center,150003000275,No,4.0,4.0,0.0,0.0,0.0,4.0,3.0,0.0,0.0,0.0,0.0,0.0,0.0,0.0
HI,HAWAII,1500030,Hawaii Department of Education,276,Ke Kula o Samuel M Kamakau - A Laboratory PCS,150003000276,No,9.0,7.0,2.0,1.0,0.0,7.0,6.0,1.0,1.0,0.0,0.0,0.0,0.0,0.0
HI,HAWAII,1500030,Hawaii Department of Education,277,Innovations - PCS,150003000277,No,13.0,12.0,1.0,1.0,1.0,13.0,10.0,1.0,1.0,0.0,0.0,0.0,0.0,0.0
HI,HAWAII,1500030,Hawaii Department of Education,278,Ke Ana Laahana - PCS,150003000278,No,5.0,3.0,2.0,2.0,1.0,5.0,2.0,3.0,1.0,0.0,0.0,0.0,0.0,0.0
HI,HAWAII,1500030,Hawaii Department of Education,279,Kihei Charter School,150003000279,No,31.0,21.0,10.0,4.0,3.0,31.0,59.0,8.0,1.0,0.0,0.0,0.0,0.0,0.0
HI,HAWAII,1500030,Hawaii Department of Education,280,Ke Kula Niihau o Kekaha Learning Center - A Laboratory PCS,150003000280,No,6.0,3.0,3.0,0.0,0.0,6.0,8.0,0.0,0.0,0.0,0.0,0.0,0.0,0.0
HI,HAWAII,1500030,Hawaii Department of Education,281,Volcano School of Arts & Sciences - A Community PCS,150003000281,No,13.5,10.0,3.5,1.0,0.0,13.0,9.0,3.0,0.6,0.0,0.0,0.0,0.0,1.0
HI,HAWAII,1500030,Hawaii Department of Education,282,Hawaii Academy of Arts & Science PCS,150003000282,No,40.0,40.0,0.0,0.0,1.0,40.0,35.0,1.0,3.8,0.0,2.0,0.0,0.0,0.0
HI,HAWAII,1500030,Hawaii Department of Education,283,Ka Umeke Kaeo - PCS,150003000283,No,22.5,19.5,3.0,2.0,1.0,21.0,19.0,12.0,0.5,0.0,0.0,0.5,0.0,0.0
HI,HAWAII,1500030,Hawaii Department of Education,284,Ke Kula o Nawahiokalaniopuu Iki - Laboratory PCS,150003000284,No,31.0,31.0,0.0,6.0,3.0,31.0,25.0,12.0,0.0,0.0,0.0,0.0,0.0,0.0
HI,HAWAII,1500030,Hawaii Department of Education,285,Mililani Ike Elementary School,150003000285,No,47.0,47.0,0.0,3.0,2.0,47.0,44.0,17.0,2.0,0.0,0.0,0.0,0.0,0.0
HI,HAWAII,1500030,Hawaii Department of Education,286,Ka Waihona o ka Naauao - New Century PCS,150003000286,No,52.0,47.0,5.0,3.0,1.0,52.0,46.0,35.0,3.0,0.0,1.0,0.0,0.0,0.0
HI,HAWAII,1500030,Hawaii Department of Education,287,Ke Kula o Ehunuikaimalino,150003000287,No,15.0,13.0,2.0,2.0,2.0,15.0,12.0,9.0,1.0,0.0,0.0,0.0,0.0,0.0
HI,HAWAII,1500030,Hawaii Department of Education,288,Kua o ka La - NCPCS,150003000288,No,21.0,15.0,6.0,3.0,1.0,21.0,11.0,5.0,0.5,0.0,0.0,0.0,0.0,0.0
HI,HAWAII,1500030,Hawaii Department of Education,289,Kanuikapono Learning Center,150003000289,No,14.0,0.0,14.0,0.0,0.0,0.0,0.0,0.0,0.0,0.0,0.0,0.0,0.0,0.0
HI,HAWAII,1500030,Hawaii Department of Education,290,Molokai Middle School,150003000290,No,14.0,13.0,1.0,2.0,0.0,14.0,11.0,9.0,1.0,0.0,0.0,0.0,0.0,0.0
HI,HAWAII,1500030,Hawaii Department of Education,291,Keoneula Elementary School,150003000291,No,62.0,61.0,1.0,5.0,3.0,62.0,56.0,37.0,3.0,0.0,0.0,0.0,0.0,0.0
HI,HAWAII,1500030,Hawaii Department of Education,292,Pomaikai Elementary School,150003000292,No,41.0,39.0,2.0,4.0,2.0,41.0,37.0,21.0,1.0,0.0,0.0,0.0,0.0,0.0
HI,HAWAII,1500030,Hawaii Department of Education,293,Kona Pacific - PCS,150003000293,No,12.0,9.0,3.0,2.0,0.0,12.0,11.0,0.0,0.0,0.0,0.0,0.0,0.0,0.0
HI,HAWAII,1500030,Hawaii Department of Education,294,Kawaikini NCPCS,150003000294,No,13.0,8.0,5.0,2.0,2.0,13.0,9.0,3.0,0.5,0.0,0.0,0.0,0.0,0.0
HI,HAWAII,1500030,Hawaii Department of Education,295,Hawaii Technology Academy - PCS,150003000295,No,68.0,66.0,2.0,1.0,1.0,63.0,53.0,2.0,4.5,0.0,0.0,0.0,0.0,0.0
HI,HAWAII,1500030,Hawaii Department of Education,296,Ewa Makai Middle School,150003000296,No,50.0,42.0,8.0,9.0,1.0,50.0,40.0,29.0,4.0,0.0,0.0,0.0,0.0,0.0
HI,HAWAII,1500030,Hawaii Department of Education,297,Puu Kukui Elementary School,150003000297,No,46.0,44.0,2.0,3.0,5.0,46.0,43.0,28.0,2.0,0.0,0.0,0.0,0.0,0.0
HI,HAWAII,1500030,Hawaii Department of Education,298,SEEQS - Sch Examining Essential Questions of Sustainability,150003000298,No,13.0,7.0,6.0,0.5,1.0,12.0,9.0,5.0,0.0,0.0,0.0,0.0,0.0,0.0
HI,HAWAII,1500030,Hawaii Department of Education,299,Malama Honua Learning Center PCS,150003000299,No,5.0,5.0,0.0,0.0,0.0,5.0,4.0,1.0,0.0,0.0,0.0,0.0,0.0,0.0
HI,HAWAII,1500030,Hawaii Department of Education,300,Hookele Elementary School,150003000300,No,44.0,42.0,2.0,9.0,4.0,44.0,35.0,22.0,2.0,0.0,0.0,0.0,0.0,0.0
HI,HAWAII,1500030,Hawaii Department of Education,301,Ka'u Learning Academy - PCS,150003000301,No,0.0,0.0,0.0,0.0,0.0,0.0,0.0,0.0,0.0,0.0,0.0,0.0,0.0,0.0
HI,HAWAII,1500030,Hawaii Department of Education,302,Kapolei Charter School by Goodwill Hawaii,150003000302,No,6.0,3.0,3.0,3.0,2.0,4.0,0.0,0.0,1.0,0.0,0.0,0.0,0.0,0.0
HI,HAWAII,1500030,Hawaii Department of Education,303,Kamalani Academy,150003000303,No,14.0,10.0,4.0,12.0,2.0,25.0,25.0,10.0,0.0,0.0,1.0,0.0,0.0,0.0
