LEA_STATE,LEA_STATE_NAME,LEAID,LEA_NAME,SCHID,SCH_NAME,COMBOKEY,JJ,SCH_SCICLASSES_BIOL,SCH_SCICCERT_BIOL,SCH_SCIENR_BIOL_HI_M,SCH_SCIENR_BIOL_HI_F,SCH_SCIENR_BIOL_AM_M,SCH_SCIENR_BIOL_AM_F,SCH_SCIENR_BIOL_AS_M,SCH_SCIENR_BIOL_AS_F,SCH_SCIENR_BIOL_HP_M,SCH_SCIENR_BIOL_HP_F,SCH_SCIENR_BIOL_BL_M,SCH_SCIENR_BIOL_BL_F,SCH_SCIENR_BIOL_WH_M,SCH_SCIENR_BIOL_WH_F,SCH_SCIENR_BIOL_TR_M,SCH_SCIENR_BIOL_TR_F,TOT_SCIENR_BIOL_M,TOT_SCIENR_BIOL_F,SCH_SCIENR_BIOL_LEP_M,SCH_SCIENR_BIOL_LEP_F,SCH_SCIENR_BIOL_IDEA_M,SCH_SCIENR_BIOL_IDEA_F
HI,HAWAII,1500030,Hawaii Department of Education,1,Enchanted Lake Elementary School,150003000001,No,-9,-9,-9,-9,-9,-9,-9,-9,-9,-9,-9,-9,-9,-9,-9,-9,-9,-9,-9,-9,-9,-9
HI,HAWAII,1500030,Hawaii Department of Education,2,Hauula Elementary School,150003000002,No,-9,-9,-9,-9,-9,-9,-9,-9,-9,-9,-9,-9,-9,-9,-9,-9,-9,-9,-9,-9,-9,-9
HI,HAWAII,1500030,Hawaii Department of Education,3,Heeia Elementary School,150003000003,No,-9,-9,-9,-9,-9,-9,-9,-9,-9,-9,-9,-9,-9,-9,-9,-9,-9,-9,-9,-9,-9,-9
HI,HAWAII,1500030,Hawaii Department of Education,4,Kaaawa Elementary School,150003000004,No,-9,-9,-9,-9,-9,-9,-9,-9,-9,-9,-9,-9,-9,-9,-9,-9,-9,-9,-9,-9,-9,-9
HI,HAWAII,1500030,Hawaii Department of Education,5,Kaelepulu Elementary School,150003000005,No,-9,-9,-9,-9,-9,-9,-9,-9,-9,-9,-9,-9,-9,-9,-9,-9,-9,-9,-9,-9,-9,-9
HI,HAWAII,1500030,Hawaii Department of Education,6,Kahaluu Elementary School,150003000006,No,-9,-9,-9,-9,-9,-9,-9,-9,-9,-9,-9,-9,-9,-9,-9,-9,-9,-9,-9,-9,-9,-9
HI,HAWAII,1500030,Hawaii Department of Education,7,Kahuku High & Intermediate School,150003000007,No,17,11,6,5,2,0,17,11,111,129,0,0,24,36,22,21,182,202,8,3,15,13
HI,HAWAII,1500030,Hawaii Department of Education,8,Kailua Elementary School,150003000008,No,-9,-9,-9,-9,-9,-9,-9,-9,-9,-9,-9,-9,-9,-9,-9,-9,-9,-9,-9,-9,-9,-9
HI,HAWAII,1500030,Hawaii Department of Education,9,Kailua High School,150003000009,No,7,7,8,8,0,0,26,36,64,72,0,0,17,16,6,9,121,141,1,4,19,13
HI,HAWAII,1500030,Hawaii Department of Education,10,Kailua Intermediate School,150003000010,No,-9,-9,-9,-9,-9,-9,-9,-9,-9,-9,-9,-9,-9,-9,-9,-9,-9,-9,-9,-9,-9,-9
HI,HAWAII,1500030,Hawaii Department of Education,11,Kainalu Elementary School,150003000011,No,-9,-9,-9,-9,-9,-9,-9,-9,-9,-9,-9,-9,-9,-9,-9,-9,-9,-9,-9,-9,-9,-9
HI,HAWAII,1500030,Hawaii Department of Education,12,Kalaheo High School,150003000012,No,11,7,21,30,0,1,12,12,21,36,2,4,50,68,19,22,125,173,3,0,12,4
HI,HAWAII,1500030,Hawaii Department of Education,13,Kaneohe Elementary School,150003000013,No,-9,-9,-9,-9,-9,-9,-9,-9,-9,-9,-9,-9,-9,-9,-9,-9,-9,-9,-9,-9,-9,-9
HI,HAWAII,1500030,Hawaii Department of Education,14,Kapunahala Elementary School,150003000014,No,-9,-9,-9,-9,-9,-9,-9,-9,-9,-9,-9,-9,-9,-9,-9,-9,-9,-9,-9,-9,-9,-9
HI,HAWAII,1500030,Hawaii Department of Education,15,Keolu Elementary School,150003000015,No,-9,-9,-9,-9,-9,-9,-9,-9,-9,-9,-9,-9,-9,-9,-9,-9,-9,-9,-9,-9,-9,-9
HI,HAWAII,1500030,Hawaii Department of Education,16,Governor Samuel Wilder King Intermediate School,150003000016,No,0,-9,-9,-9,-9,-9,-9,-9,-9,-9,-9,-9,-9,-9,-9,-9,-9,-9,-9,-9,-9,-9
HI,HAWAII,1500030,Hawaii Department of Education,17,Laie Elementary School,150003000017,No,-9,-9,-9,-9,-9,-9,-9,-9,-9,-9,-9,-9,-9,-9,-9,-9,-9,-9,-9,-9,-9,-9
HI,HAWAII,1500030,Hawaii Department of Education,18,Ka'ohao Public Charter School,150003000018,No,-9,-9,-9,-9,-9,-9,-9,-9,-9,-9,-9,-9,-9,-9,-9,-9,-9,-9,-9,-9,-9,-9
HI,HAWAII,1500030,Hawaii Department of Education,19,Maunawili Elementary School,150003000019,No,-9,-9,-9,-9,-9,-9,-9,-9,-9,-9,-9,-9,-9,-9,-9,-9,-9,-9,-9,-9,-9,-9
HI,HAWAII,1500030,Hawaii Department of Education,20,Mokapu Elementary School,150003000020,No,-9,-9,-9,-9,-9,-9,-9,-9,-9,-9,-9,-9,-9,-9,-9,-9,-9,-9,-9,-9,-9,-9
HI,HAWAII,1500030,Hawaii Department of Education,21,Reverend Benjamin Parker Elementary School,150003000021,No,-9,-9,-9,-9,-9,-9,-9,-9,-9,-9,-9,-9,-9,-9,-9,-9,-9,-9,-9,-9,-9,-9
HI,HAWAII,1500030,Hawaii Department of Education,22,Blanche Pope Elementary School,150003000022,No,-9,-9,-9,-9,-9,-9,-9,-9,-9,-9,-9,-9,-9,-9,-9,-9,-9,-9,-9,-9,-9,-9
HI,HAWAII,1500030,Hawaii Department of Education,23,Puohala Elementary School,150003000023,No,-9,-9,-9,-9,-9,-9,-9,-9,-9,-9,-9,-9,-9,-9,-9,-9,-9,-9,-9,-9,-9,-9
HI,HAWAII,1500030,Hawaii Department of Education,24,Sunset Beach Elementary School,150003000024,No,-9,-9,-9,-9,-9,-9,-9,-9,-9,-9,-9,-9,-9,-9,-9,-9,-9,-9,-9,-9,-9,-9
HI,HAWAII,1500030,Hawaii Department of Education,25,Waiahole Elementary School,150003000025,No,-9,-9,-9,-9,-9,-9,-9,-9,-9,-9,-9,-9,-9,-9,-9,-9,-9,-9,-9,-9,-9,-9
HI,HAWAII,1500030,Hawaii Department of Education,26,Waimanalo Elementary & Intermediate School,150003000026,No,-9,-9,-9,-9,-9,-9,-9,-9,-9,-9,-9,-9,-9,-9,-9,-9,-9,-9,-9,-9,-9,-9
HI,HAWAII,1500030,Hawaii Department of Education,27,Ernest Bowen DeSilva Elementary School,150003000027,No,-9,-9,-9,-9,-9,-9,-9,-9,-9,-9,-9,-9,-9,-9,-9,-9,-9,-9,-9,-9,-9,-9
HI,HAWAII,1500030,Hawaii Department of Education,28,Haaheo Elementary School,150003000028,No,-9,-9,-9,-9,-9,-9,-9,-9,-9,-9,-9,-9,-9,-9,-9,-9,-9,-9,-9,-9,-9,-9
HI,HAWAII,1500030,Hawaii Department of Education,29,Hilo High School,150003000029,No,34,20,22,14,1,0,50,51,152,139,4,1,31,24,20,18,280,247,21,10,60,18
HI,HAWAII,1500030,Hawaii Department of Education,30,Hilo Intermediate School,150003000030,No,-9,-9,-9,-9,-9,-9,-9,-9,-9,-9,-9,-9,-9,-9,-9,-9,-9,-9,-9,-9,-9,-9
HI,HAWAII,1500030,Hawaii Department of Education,31,Hilo Union Elementary School,150003000031,No,-9,-9,-9,-9,-9,-9,-9,-9,-9,-9,-9,-9,-9,-9,-9,-9,-9,-9,-9,-9,-9,-9
HI,HAWAII,1500030,Hawaii Department of Education,32,Holualoa Elementary School,150003000032,No,-9,-9,-9,-9,-9,-9,-9,-9,-9,-9,-9,-9,-9,-9,-9,-9,-9,-9,-9,-9,-9,-9
HI,HAWAII,1500030,Hawaii Department of Education,33,Honaunau Elementary School,150003000033,No,-9,-9,-9,-9,-9,-9,-9,-9,-9,-9,-9,-9,-9,-9,-9,-9,-9,-9,-9,-9,-9,-9
HI,HAWAII,1500030,Hawaii Department of Education,34,Honokaa High & Intermediate School,150003000034,No,11,9,6,1,1,0,27,15,37,19,2,0,13,5,2,2,88,42,7,2,16,3
HI,HAWAII,1500030,Hawaii Department of Education,35,Hookena Elementary School,150003000035,No,-9,-9,-9,-9,-9,-9,-9,-9,-9,-9,-9,-9,-9,-9,-9,-9,-9,-9,-9,-9,-9,-9
HI,HAWAII,1500030,Hawaii Department of Education,36,Prince Jonah Kalanianaole Elementary & Intermediate School,150003000036,No,-9,-9,-9,-9,-9,-9,-9,-9,-9,-9,-9,-9,-9,-9,-9,-9,-9,-9,-9,-9,-9,-9
HI,HAWAII,1500030,Hawaii Department of Education,37,Chiefess Kapiolani Elementary School,150003000037,No,-9,-9,-9,-9,-9,-9,-9,-9,-9,-9,-9,-9,-9,-9,-9,-9,-9,-9,-9,-9,-9,-9
HI,HAWAII,1500030,Hawaii Department of Education,38,Kau High & Pahala Elementary School,150003000038,No,10,5,0,8,0,0,13,20,29,44,0,0,9,3,3,0,54,75,5,14,11,6
HI,HAWAII,1500030,Hawaii Department of Education,39,Kaumana Elementary School,150003000039,No,-9,-9,-9,-9,-9,-9,-9,-9,-9,-9,-9,-9,-9,-9,-9,-9,-9,-9,-9,-9,-9,-9
HI,HAWAII,1500030,Hawaii Department of Education,40,Keaau Middle School,150003000040,No,-9,-9,-9,-9,-9,-9,-9,-9,-9,-9,-9,-9,-9,-9,-9,-9,-9,-9,-9,-9,-9,-9
HI,HAWAII,1500030,Hawaii Department of Education,41,Kealakehe Elementary School,150003000041,No,-9,-9,-9,-9,-9,-9,-9,-9,-9,-9,-9,-9,-9,-9,-9,-9,-9,-9,-9,-9,-9,-9
HI,HAWAII,1500030,Hawaii Department of Education,42,Keaukaha Elementary School,150003000042,No,-9,-9,-9,-9,-9,-9,-9,-9,-9,-9,-9,-9,-9,-9,-9,-9,-9,-9,-9,-9,-9,-9
HI,HAWAII,1500030,Hawaii Department of Education,43,Kohala High School,150003000043,No,5,4,4,4,1,0,15,13,19,20,0,0,6,8,6,1,51,46,2,0,7,2
HI,HAWAII,1500030,Hawaii Department of Education,44,Konawaena Elementary School,150003000044,No,-9,-9,-9,-9,-9,-9,-9,-9,-9,-9,-9,-9,-9,-9,-9,-9,-9,-9,-9,-9,-9,-9
HI,HAWAII,1500030,Hawaii Department of Education,45,Konawaena High School,150003000045,No,13,8,15,14,1,1,24,32,60,47,2,1,20,19,4,4,126,118,8,5,20,7
HI,HAWAII,1500030,Hawaii Department of Education,46,Laupahoehoe Community - PCS,150003000046,No,1,1,1,1,0,0,3,2,3,6,0,0,4,0,0,2,11,11,2,0,3,3
HI,HAWAII,1500030,Hawaii Department of Education,47,Mountain View Elementary School,150003000047,No,-9,-9,-9,-9,-9,-9,-9,-9,-9,-9,-9,-9,-9,-9,-9,-9,-9,-9,-9,-9,-9,-9
HI,HAWAII,1500030,Hawaii Department of Education,48,Naalehu Elementary School,150003000048,No,-9,-9,-9,-9,-9,-9,-9,-9,-9,-9,-9,-9,-9,-9,-9,-9,-9,-9,-9,-9,-9,-9
HI,HAWAII,1500030,Hawaii Department of Education,49,Paauilo Elementary & Intermediate School,150003000049,No,0,-9,-9,-9,-9,-9,-9,-9,-9,-9,-9,-9,-9,-9,-9,-9,-9,-9,-9,-9,-9,-9
HI,HAWAII,1500030,Hawaii Department of Education,50,Pahoa High & Intermediate School,150003000050,No,11,4,6,9,2,0,9,4,24,28,1,0,7,2,9,3,58,46,3,1,22,2
HI,HAWAII,1500030,Hawaii Department of Education,51,Waiakea Elementary School,150003000051,No,-9,-9,-9,-9,-9,-9,-9,-9,-9,-9,-9,-9,-9,-9,-9,-9,-9,-9,-9,-9,-9,-9
HI,HAWAII,1500030,Hawaii Department of Education,52,Waiakea High School,150003000052,No,20,16,19,17,2,0,74,100,80,96,1,0,19,21,28,32,223,266,4,8,21,10
HI,HAWAII,1500030,Hawaii Department of Education,53,Waiakea Intermediate School,150003000053,No,-9,-9,-9,-9,-9,-9,-9,-9,-9,-9,-9,-9,-9,-9,-9,-9,-9,-9,-9,-9,-9,-9
HI,HAWAII,1500030,Hawaii Department of Education,54,Waiakeawaena Elementary School,150003000054,No,-9,-9,-9,-9,-9,-9,-9,-9,-9,-9,-9,-9,-9,-9,-9,-9,-9,-9,-9,-9,-9,-9
HI,HAWAII,1500030,Hawaii Department of Education,55,Waimea Elementary School,150003000055,No,-9,-9,-9,-9,-9,-9,-9,-9,-9,-9,-9,-9,-9,-9,-9,-9,-9,-9,-9,-9,-9,-9
HI,HAWAII,1500030,Hawaii Department of Education,56,Henry Perrine Baldwin High School,150003000056,No,16,15,9,14,1,0,72,72,83,76,2,1,17,15,9,9,193,187,14,16,19,9
HI,HAWAII,1500030,Hawaii Department of Education,57,Haiku Elementary School,150003000057,No,-9,-9,-9,-9,-9,-9,-9,-9,-9,-9,-9,-9,-9,-9,-9,-9,-9,-9,-9,-9,-9,-9
HI,HAWAII,1500030,Hawaii Department of Education,58,Hana High & Elementary School,150003000058,No,1,0,0,1,0,0,0,0,11,7,0,0,3,1,0,0,14,9,0,0,4,2
HI,HAWAII,1500030,Hawaii Department of Education,59,Iao Intermediate School,150003000059,No,-9,-9,-9,-9,-9,-9,-9,-9,-9,-9,-9,-9,-9,-9,-9,-9,-9,-9,-9,-9,-9,-9
HI,HAWAII,1500030,Hawaii Department of Education,60,Kahului Elementary School,150003000060,No,-9,-9,-9,-9,-9,-9,-9,-9,-9,-9,-9,-9,-9,-9,-9,-9,-9,-9,-9,-9,-9,-9
HI,HAWAII,1500030,Hawaii Department of Education,61,King Kamehameha III Elementary School,150003000061,No,-9,-9,-9,-9,-9,-9,-9,-9,-9,-9,-9,-9,-9,-9,-9,-9,-9,-9,-9,-9,-9,-9
HI,HAWAII,1500030,Hawaii Department of Education,62,Kaunakakai Elementary School,150003000062,No,-9,-9,-9,-9,-9,-9,-9,-9,-9,-9,-9,-9,-9,-9,-9,-9,-9,-9,-9,-9,-9,-9
HI,HAWAII,1500030,Hawaii Department of Education,64,Kihei Elementary School,150003000064,No,-9,-9,-9,-9,-9,-9,-9,-9,-9,-9,-9,-9,-9,-9,-9,-9,-9,-9,-9,-9,-9,-9
HI,HAWAII,1500030,Hawaii Department of Education,65,Kilohana Elementary School,150003000065,No,-9,-9,-9,-9,-9,-9,-9,-9,-9,-9,-9,-9,-9,-9,-9,-9,-9,-9,-9,-9,-9,-9
HI,HAWAII,1500030,Hawaii Department of Education,66,Kualapuu School - Public Conversion Charter,150003000066,No,-9,-9,-9,-9,-9,-9,-9,-9,-9,-9,-9,-9,-9,-9,-9,-9,-9,-9,-9,-9,-9,-9
HI,HAWAII,1500030,Hawaii Department of Education,67,Kula Elementary School,150003000067,No,-9,-9,-9,-9,-9,-9,-9,-9,-9,-9,-9,-9,-9,-9,-9,-9,-9,-9,-9,-9,-9,-9
HI,HAWAII,1500030,Hawaii Department of Education,68,Lahaina Intermediate School,150003000068,No,-9,-9,-9,-9,-9,-9,-9,-9,-9,-9,-9,-9,-9,-9,-9,-9,-9,-9,-9,-9,-9,-9
HI,HAWAII,1500030,Hawaii Department of Education,69,Lahainaluna High School,150003000069,No,4,2,2,4,0,0,7,21,0,5,0,0,1,3,1,5,11,38,0,0,0,0
HI,HAWAII,1500030,Hawaii Department of Education,70,Lanai High & Elementary School,150003000070,No,4,2,2,1,0,1,23,26,9,12,2,0,4,0,3,0,43,40,3,1,9,4
HI,HAWAII,1500030,Hawaii Department of Education,71,Lihikai Elementary School,150003000071,No,-9,-9,-9,-9,-9,-9,-9,-9,-9,-9,-9,-9,-9,-9,-9,-9,-9,-9,-9,-9,-9,-9
HI,HAWAII,1500030,Hawaii Department of Education,72,Makawao Elementary School,150003000072,No,-9,-9,-9,-9,-9,-9,-9,-9,-9,-9,-9,-9,-9,-9,-9,-9,-9,-9,-9,-9,-9,-9
HI,HAWAII,1500030,Hawaii Department of Education,73,Maui High School,150003000073,No,31,26,23,16,0,1,168,185,70,75,4,1,25,31,15,16,305,325,39,18,24,9
HI,HAWAII,1500030,Hawaii Department of Education,74,Maunaloa Elementary School,150003000074,No,-9,-9,-9,-9,-9,-9,-9,-9,-9,-9,-9,-9,-9,-9,-9,-9,-9,-9,-9,-9,-9,-9
HI,HAWAII,1500030,Hawaii Department of Education,75,Molokai High School,150003000075,No,7,5,3,0,0,0,5,7,39,53,0,0,0,0,2,0,49,60,0,1,5,5
HI,HAWAII,1500030,Hawaii Department of Education,76,Paia Elementary School,150003000076,No,-9,-9,-9,-9,-9,-9,-9,-9,-9,-9,-9,-9,-9,-9,-9,-9,-9,-9,-9,-9,-9,-9
HI,HAWAII,1500030,Hawaii Department of Education,77,Pukalani Elementary School,150003000077,No,-9,-9,-9,-9,-9,-9,-9,-9,-9,-9,-9,-9,-9,-9,-9,-9,-9,-9,-9,-9,-9,-9
HI,HAWAII,1500030,Hawaii Department of Education,79,Waihee Elementary School,150003000079,No,-9,-9,-9,-9,-9,-9,-9,-9,-9,-9,-9,-9,-9,-9,-9,-9,-9,-9,-9,-9,-9,-9
HI,HAWAII,1500030,Hawaii Department of Education,80,Wailuku Elementary School,150003000080,No,-9,-9,-9,-9,-9,-9,-9,-9,-9,-9,-9,-9,-9,-9,-9,-9,-9,-9,-9,-9,-9,-9
HI,HAWAII,1500030,Hawaii Department of Education,81,Eleele Elementary School,150003000081,No,-9,-9,-9,-9,-9,-9,-9,-9,-9,-9,-9,-9,-9,-9,-9,-9,-9,-9,-9,-9,-9,-9
HI,HAWAII,1500030,Hawaii Department of Education,82,Hanalei Elementary School,150003000082,No,-9,-9,-9,-9,-9,-9,-9,-9,-9,-9,-9,-9,-9,-9,-9,-9,-9,-9,-9,-9,-9,-9
HI,HAWAII,1500030,Hawaii Department of Education,83,Kalaheo Elementary School,150003000083,No,-9,-9,-9,-9,-9,-9,-9,-9,-9,-9,-9,-9,-9,-9,-9,-9,-9,-9,-9,-9,-9,-9
HI,HAWAII,1500030,Hawaii Department of Education,84,Kapaa Elementary School,150003000084,No,-9,-9,-9,-9,-9,-9,-9,-9,-9,-9,-9,-9,-9,-9,-9,-9,-9,-9,-9,-9,-9,-9
HI,HAWAII,1500030,Hawaii Department of Education,85,Kapaa High School,150003000085,No,6,6,7,10,0,1,30,28,40,45,0,0,22,33,8,19,107,136,2,1,19,6
HI,HAWAII,1500030,Hawaii Department of Education,86,Kauai High School,150003000086,No,16,15,7,8,1,0,75,102,37,57,1,0,23,34,14,15,158,216,10,12,20,4
HI,HAWAII,1500030,Hawaii Department of Education,88,Kekaha Elementary School,150003000088,No,-9,-9,-9,-9,-9,-9,-9,-9,-9,-9,-9,-9,-9,-9,-9,-9,-9,-9,-9,-9,-9,-9
HI,HAWAII,1500030,Hawaii Department of Education,89,Kilauea Elementary School,150003000089,No,-9,-9,-9,-9,-9,-9,-9,-9,-9,-9,-9,-9,-9,-9,-9,-9,-9,-9,-9,-9,-9,-9
HI,HAWAII,1500030,Hawaii Department of Education,90,Koloa Elementary School,150003000090,No,-9,-9,-9,-9,-9,-9,-9,-9,-9,-9,-9,-9,-9,-9,-9,-9,-9,-9,-9,-9,-9,-9
HI,HAWAII,1500030,Hawaii Department of Education,91,Niihau High & Elementary School,150003000091,No,0,-9,-9,-9,-9,-9,-9,-9,-9,-9,-9,-9,-9,-9,-9,-9,-9,-9,-9,-9,-9,-9
HI,HAWAII,1500030,Hawaii Department of Education,92,Waimea Canyon Middle School,150003000092,No,-9,-9,-9,-9,-9,-9,-9,-9,-9,-9,-9,-9,-9,-9,-9,-9,-9,-9,-9,-9,-9,-9
HI,HAWAII,1500030,Hawaii Department of Education,93,Waimea High School,150003000093,No,16,8,6,1,0,0,39,26,56,50,0,0,14,9,5,9,120,95,10,5,18,5
HI,HAWAII,1500030,Hawaii Department of Education,94,Elsie H Wilcox Elementary School,150003000094,No,-9,-9,-9,-9,-9,-9,-9,-9,-9,-9,-9,-9,-9,-9,-9,-9,-9,-9,-9,-9,-9,-9
HI,HAWAII,1500030,Hawaii Department of Education,96,Hawaii School for the Deaf and Blind,150003000096,No,0,-9,-9,-9,-9,-9,-9,-9,-9,-9,-9,-9,-9,-9,-9,-9,-9,-9,-9,-9,-9,-9
HI,HAWAII,1500030,Hawaii Department of Education,98,Olomana School,150003000098,Yes,0,-9,-9,-9,-9,-9,-9,-9,-9,-9,-9,-9,-9,-9,-9,-9,-9,-9,-9,-9,-9,-9
HI,HAWAII,1500030,Hawaii Department of Education,99,Mililani Mauka Elementary School,150003000099,No,-9,-9,-9,-9,-9,-9,-9,-9,-9,-9,-9,-9,-9,-9,-9,-9,-9,-9,-9,-9,-9,-9
HI,HAWAII,1500030,Hawaii Department of Education,100,Castle High School,150003000100,No,14,12,17,17,0,1,44,54,87,95,3,4,18,16,16,10,185,197,4,3,40,20
HI,HAWAII,1500030,Hawaii Department of Education,101,Aikahi Elementary School,150003000101,No,-9,-9,-9,-9,-9,-9,-9,-9,-9,-9,-9,-9,-9,-9,-9,-9,-9,-9,-9,-9,-9,-9
HI,HAWAII,1500030,Hawaii Department of Education,102,Mililani High School,150003000102,No,38,30,38,43,0,1,150,181,67,64,10,6,44,44,68,72,377,411,3,2,47,19
HI,HAWAII,1500030,Hawaii Department of Education,103,Moanalua High School,150003000103,No,25,20,20,21,1,1,155,169,35,44,8,12,9,30,21,28,249,305,5,7,31,18
HI,HAWAII,1500030,Hawaii Department of Education,104,Moanalua Elementary School,150003000104,No,-9,-9,-9,-9,-9,-9,-9,-9,-9,-9,-9,-9,-9,-9,-9,-9,-9,-9,-9,-9,-9,-9
HI,HAWAII,1500030,Hawaii Department of Education,105,Mililani Waena Elementary School,150003000105,No,-9,-9,-9,-9,-9,-9,-9,-9,-9,-9,-9,-9,-9,-9,-9,-9,-9,-9,-9,-9,-9,-9
HI,HAWAII,1500030,Hawaii Department of Education,106,Mililani Uka Elementary School,150003000106,No,-9,-9,-9,-9,-9,-9,-9,-9,-9,-9,-9,-9,-9,-9,-9,-9,-9,-9,-9,-9,-9,-9
HI,HAWAII,1500030,Hawaii Department of Education,107,Makalapa Elementary School,150003000107,No,-9,-9,-9,-9,-9,-9,-9,-9,-9,-9,-9,-9,-9,-9,-9,-9,-9,-9,-9,-9,-9,-9
HI,HAWAII,1500030,Hawaii Department of Education,108,Leilehua High School,150003000108,No,31,19,38,57,0,0,84,108,79,63,16,19,44,40,26,38,287,325,22,19,45,20
HI,HAWAII,1500030,Hawaii Department of Education,109,Waiau Elementary School,150003000109,No,-9,-9,-9,-9,-9,-9,-9,-9,-9,-9,-9,-9,-9,-9,-9,-9,-9,-9,-9,-9,-9,-9
HI,HAWAII,1500030,Hawaii Department of Education,110,Waianae High School,150003000110,No,18,18,27,31,2,0,43,33,245,228,3,5,14,5,24,20,358,322,19,15,66,33
HI,HAWAII,1500030,Hawaii Department of Education,111,Waianae Elementary School,150003000111,No,-9,-9,-9,-9,-9,-9,-9,-9,-9,-9,-9,-9,-9,-9,-9,-9,-9,-9,-9,-9,-9,-9
HI,HAWAII,1500030,Hawaii Department of Education,112,Pohakea Elementary School,150003000112,No,-9,-9,-9,-9,-9,-9,-9,-9,-9,-9,-9,-9,-9,-9,-9,-9,-9,-9,-9,-9,-9,-9
HI,HAWAII,1500030,Hawaii Department of Education,113,Pearl City Highlands School,150003000113,No,-9,-9,-9,-9,-9,-9,-9,-9,-9,-9,-9,-9,-9,-9,-9,-9,-9,-9,-9,-9,-9,-9
HI,HAWAII,1500030,Hawaii Department of Education,114,Pearl City High School,150003000114,No,25,20,12,20,1,0,113,167,44,77,4,4,20,12,27,30,221,310,17,7,28,13
HI,HAWAII,1500030,Hawaii Department of Education,115,Pearl City Elementary School,150003000115,No,-9,-9,-9,-9,-9,-9,-9,-9,-9,-9,-9,-9,-9,-9,-9,-9,-9,-9,-9,-9,-9,-9
HI,HAWAII,1500030,Hawaii Department of Education,116,Palisades Elementary School,150003000116,No,-9,-9,-9,-9,-9,-9,-9,-9,-9,-9,-9,-9,-9,-9,-9,-9,-9,-9,-9,-9,-9,-9
HI,HAWAII,1500030,Hawaii Department of Education,117,Nanakuli High & Intermediate School,150003000117,No,13,11,8,8,0,0,5,16,80,77,1,0,1,1,5,1,100,103,6,3,23,7
HI,HAWAII,1500030,Hawaii Department of Education,118,Nanakuli Elementary School,150003000118,No,-9,-9,-9,-9,-9,-9,-9,-9,-9,-9,-9,-9,-9,-9,-9,-9,-9,-9,-9,-9,-9,-9
HI,HAWAII,1500030,Hawaii Department of Education,119,Nanaikapono Elementary School,150003000119,No,-9,-9,-9,-9,-9,-9,-9,-9,-9,-9,-9,-9,-9,-9,-9,-9,-9,-9,-9,-9,-9,-9
HI,HAWAII,1500030,Hawaii Department of Education,120,Momilani Elementary School,150003000120,No,-9,-9,-9,-9,-9,-9,-9,-9,-9,-9,-9,-9,-9,-9,-9,-9,-9,-9,-9,-9,-9,-9
HI,HAWAII,1500030,Hawaii Department of Education,121,Mauka Lani Elementary School,150003000121,No,-9,-9,-9,-9,-9,-9,-9,-9,-9,-9,-9,-9,-9,-9,-9,-9,-9,-9,-9,-9,-9,-9
HI,HAWAII,1500030,Hawaii Department of Education,122,Manana Elementary School,150003000122,No,-9,-9,-9,-9,-9,-9,-9,-9,-9,-9,-9,-9,-9,-9,-9,-9,-9,-9,-9,-9,-9,-9
HI,HAWAII,1500030,Hawaii Department of Education,123,Makakilo Elementary School,150003000123,No,-9,-9,-9,-9,-9,-9,-9,-9,-9,-9,-9,-9,-9,-9,-9,-9,-9,-9,-9,-9,-9,-9
HI,HAWAII,1500030,Hawaii Department of Education,124,Makaha Elementary School,150003000124,No,-9,-9,-9,-9,-9,-9,-9,-9,-9,-9,-9,-9,-9,-9,-9,-9,-9,-9,-9,-9,-9,-9
HI,HAWAII,1500030,Hawaii Department of Education,125,Maili Elementary School,150003000125,No,-9,-9,-9,-9,-9,-9,-9,-9,-9,-9,-9,-9,-9,-9,-9,-9,-9,-9,-9,-9,-9,-9
HI,HAWAII,1500030,Hawaii Department of Education,126,Lehua Elementary School,150003000126,No,-9,-9,-9,-9,-9,-9,-9,-9,-9,-9,-9,-9,-9,-9,-9,-9,-9,-9,-9,-9,-9,-9
HI,HAWAII,1500030,Hawaii Department of Education,127,Kaimiloa Elementary School,150003000127,No,-9,-9,-9,-9,-9,-9,-9,-9,-9,-9,-9,-9,-9,-9,-9,-9,-9,-9,-9,-9,-9,-9
HI,HAWAII,1500030,Hawaii Department of Education,128,Iroquois Point Elementary School,150003000128,No,-9,-9,-9,-9,-9,-9,-9,-9,-9,-9,-9,-9,-9,-9,-9,-9,-9,-9,-9,-9,-9,-9
HI,HAWAII,1500030,Hawaii Department of Education,129,Ilima Intermediate School,150003000129,No,-9,-9,-9,-9,-9,-9,-9,-9,-9,-9,-9,-9,-9,-9,-9,-9,-9,-9,-9,-9,-9,-9
HI,HAWAII,1500030,Hawaii Department of Education,130,Honowai Elementary School,150003000130,No,-9,-9,-9,-9,-9,-9,-9,-9,-9,-9,-9,-9,-9,-9,-9,-9,-9,-9,-9,-9,-9,-9
HI,HAWAII,1500030,Hawaii Department of Education,131,Highlands Intermediate School,150003000131,No,-9,-9,-9,-9,-9,-9,-9,-9,-9,-9,-9,-9,-9,-9,-9,-9,-9,-9,-9,-9,-9,-9
HI,HAWAII,1500030,Hawaii Department of Education,132,Ewa Beach Elementary School,150003000132,No,-9,-9,-9,-9,-9,-9,-9,-9,-9,-9,-9,-9,-9,-9,-9,-9,-9,-9,-9,-9,-9,-9
HI,HAWAII,1500030,Hawaii Department of Education,133,Ewa Elementary School,150003000133,No,-9,-9,-9,-9,-9,-9,-9,-9,-9,-9,-9,-9,-9,-9,-9,-9,-9,-9,-9,-9,-9,-9
HI,HAWAII,1500030,Hawaii Department of Education,134,James Campbell High School,150003000134,No,24,24,43,59,2,3,276,275,112,117,24,20,44,58,43,40,544,572,27,16,43,17
HI,HAWAII,1500030,Hawaii Department of Education,135,Barbers Point Elementary School,150003000135,No,-9,-9,-9,-9,-9,-9,-9,-9,-9,-9,-9,-9,-9,-9,-9,-9,-9,-9,-9,-9,-9,-9
HI,HAWAII,1500030,Hawaii Department of Education,136,August Ahrens Elementary School,150003000136,No,-9,-9,-9,-9,-9,-9,-9,-9,-9,-9,-9,-9,-9,-9,-9,-9,-9,-9,-9,-9,-9,-9
HI,HAWAII,1500030,Hawaii Department of Education,137,Major Sheldon Wheeler Middle School,150003000137,No,-9,-9,-9,-9,-9,-9,-9,-9,-9,-9,-9,-9,-9,-9,-9,-9,-9,-9,-9,-9,-9,-9
HI,HAWAII,1500030,Hawaii Department of Education,138,Major Sheldon Wheeler Elementary School,150003000138,No,-9,-9,-9,-9,-9,-9,-9,-9,-9,-9,-9,-9,-9,-9,-9,-9,-9,-9,-9,-9,-9,-9
HI,HAWAII,1500030,Hawaii Department of Education,139,Gustav H Webling Elementary School,150003000139,No,-9,-9,-9,-9,-9,-9,-9,-9,-9,-9,-9,-9,-9,-9,-9,-9,-9,-9,-9,-9,-9,-9
HI,HAWAII,1500030,Hawaii Department of Education,140,Waimalu Elementary School,150003000140,No,-9,-9,-9,-9,-9,-9,-9,-9,-9,-9,-9,-9,-9,-9,-9,-9,-9,-9,-9,-9,-9,-9
HI,HAWAII,1500030,Hawaii Department of Education,141,Waialua High & Intermediate School,150003000141,No,9,5,10,15,2,0,16,24,17,5,0,0,13,23,26,16,84,83,7,3,8,5
HI,HAWAII,1500030,Hawaii Department of Education,142,Waialua Elementary School,150003000142,No,-9,-9,-9,-9,-9,-9,-9,-9,-9,-9,-9,-9,-9,-9,-9,-9,-9,-9,-9,-9,-9,-9
HI,HAWAII,1500030,Hawaii Department of Education,143,Wahiawa Middle School,150003000143,No,-9,-9,-9,-9,-9,-9,-9,-9,-9,-9,-9,-9,-9,-9,-9,-9,-9,-9,-9,-9,-9,-9
HI,HAWAII,1500030,Hawaii Department of Education,144,Wahiawa Elementary School,150003000144,No,-9,-9,-9,-9,-9,-9,-9,-9,-9,-9,-9,-9,-9,-9,-9,-9,-9,-9,-9,-9,-9,-9
HI,HAWAII,1500030,Hawaii Department of Education,145,Sergeant Samuel K Solomon Elementary School,150003000145,No,-9,-9,-9,-9,-9,-9,-9,-9,-9,-9,-9,-9,-9,-9,-9,-9,-9,-9,-9,-9,-9,-9
HI,HAWAII,1500030,Hawaii Department of Education,146,Major General William R Shafter Elementary School,150003000146,No,-9,-9,-9,-9,-9,-9,-9,-9,-9,-9,-9,-9,-9,-9,-9,-9,-9,-9,-9,-9,-9,-9
HI,HAWAII,1500030,Hawaii Department of Education,147,Alvah A Scott Elementary School,150003000147,No,-9,-9,-9,-9,-9,-9,-9,-9,-9,-9,-9,-9,-9,-9,-9,-9,-9,-9,-9,-9,-9,-9
HI,HAWAII,1500030,Hawaii Department of Education,148,Salt Lake Elementary School,150003000148,No,-9,-9,-9,-9,-9,-9,-9,-9,-9,-9,-9,-9,-9,-9,-9,-9,-9,-9,-9,-9,-9,-9
HI,HAWAII,1500030,Hawaii Department of Education,149,Red Hill Elementary School,150003000149,No,-9,-9,-9,-9,-9,-9,-9,-9,-9,-9,-9,-9,-9,-9,-9,-9,-9,-9,-9,-9,-9,-9
HI,HAWAII,1500030,Hawaii Department of Education,150,Admiral Arthur W Radford High School,150003000150,No,19,11,19,27,0,0,43,46,14,17,19,30,54,55,23,25,172,200,11,11,21,10
HI,HAWAII,1500030,Hawaii Department of Education,151,Pearl Ridge Elementary School,150003000151,No,-9,-9,-9,-9,-9,-9,-9,-9,-9,-9,-9,-9,-9,-9,-9,-9,-9,-9,-9,-9,-9,-9
HI,HAWAII,1500030,Hawaii Department of Education,152,Pearl Harbor Kai Elementary School,150003000152,No,-9,-9,-9,-9,-9,-9,-9,-9,-9,-9,-9,-9,-9,-9,-9,-9,-9,-9,-9,-9,-9,-9
HI,HAWAII,1500030,Hawaii Department of Education,153,Pearl Harbor Elementary School,150003000153,No,-9,-9,-9,-9,-9,-9,-9,-9,-9,-9,-9,-9,-9,-9,-9,-9,-9,-9,-9,-9,-9,-9
HI,HAWAII,1500030,Hawaii Department of Education,154,Admiral Chester W Nimitz Elementary School,150003000154,No,-9,-9,-9,-9,-9,-9,-9,-9,-9,-9,-9,-9,-9,-9,-9,-9,-9,-9,-9,-9,-9,-9
HI,HAWAII,1500030,Hawaii Department of Education,155,Mokulele Elementary School,150003000155,No,-9,-9,-9,-9,-9,-9,-9,-9,-9,-9,-9,-9,-9,-9,-9,-9,-9,-9,-9,-9,-9,-9
HI,HAWAII,1500030,Hawaii Department of Education,156,Moanalua Middle School,150003000156,No,-9,-9,-9,-9,-9,-9,-9,-9,-9,-9,-9,-9,-9,-9,-9,-9,-9,-9,-9,-9,-9,-9
HI,HAWAII,1500030,Hawaii Department of Education,157,Ahuimanu Elementary School,150003000157,No,-9,-9,-9,-9,-9,-9,-9,-9,-9,-9,-9,-9,-9,-9,-9,-9,-9,-9,-9,-9,-9,-9
HI,HAWAII,1500030,Hawaii Department of Education,158,Waipahu Intermediate School,150003000158,No,-9,-9,-9,-9,-9,-9,-9,-9,-9,-9,-9,-9,-9,-9,-9,-9,-9,-9,-9,-9,-9,-9
HI,HAWAII,1500030,Hawaii Department of Education,159,Waipahu Elementary School,150003000159,No,-9,-9,-9,-9,-9,-9,-9,-9,-9,-9,-9,-9,-9,-9,-9,-9,-9,-9,-9,-9,-9,-9
HI,HAWAII,1500030,Hawaii Department of Education,160,Kalihi Kai Elementary School,150003000160,No,-9,-9,-9,-9,-9,-9,-9,-9,-9,-9,-9,-9,-9,-9,-9,-9,-9,-9,-9,-9,-9,-9
HI,HAWAII,1500030,Hawaii Department of Education,161,Waipahu High School,150003000161,No,40,40,14,11,0,1,279,361,68,99,3,2,3,2,18,19,385,495,72,56,44,21
HI,HAWAII,1500030,Hawaii Department of Education,162,Kalihi Elementary School,150003000162,No,-9,-9,-9,-9,-9,-9,-9,-9,-9,-9,-9,-9,-9,-9,-9,-9,-9,-9,-9,-9,-9,-9
HI,HAWAII,1500030,Hawaii Department of Education,163,Kalani High School,150003000163,No,18,14,9,9,0,0,154,152,19,21,0,3,17,21,21,23,220,229,10,3,12,10
HI,HAWAII,1500030,Hawaii Department of Education,164,King David Kalakaua Middle School,150003000164,No,-9,-9,-9,-9,-9,-9,-9,-9,-9,-9,-9,-9,-9,-9,-9,-9,-9,-9,-9,-9,-9,-9
HI,HAWAII,1500030,Hawaii Department of Education,165,Princess Victoria Kaiulani Elementary School,150003000165,No,-9,-9,-9,-9,-9,-9,-9,-9,-9,-9,-9,-9,-9,-9,-9,-9,-9,-9,-9,-9,-9,-9
HI,HAWAII,1500030,Hawaii Department of Education,166,Kapolei Elementary School,150003000166,No,-9,-9,-9,-9,-9,-9,-9,-9,-9,-9,-9,-9,-9,-9,-9,-9,-9,-9,-9,-9,-9,-9
HI,HAWAII,1500030,Hawaii Department of Education,167,Kipapa Elementary School,150003000167,No,-9,-9,-9,-9,-9,-9,-9,-9,-9,-9,-9,-9,-9,-9,-9,-9,-9,-9,-9,-9,-9,-9
HI,HAWAII,1500030,Hawaii Department of Education,168,Kaala Elementary School,150003000168,No,-9,-9,-9,-9,-9,-9,-9,-9,-9,-9,-9,-9,-9,-9,-9,-9,-9,-9,-9,-9,-9,-9
HI,HAWAII,1500030,Hawaii Department of Education,169,Iliahi Elementary School,150003000169,No,-9,-9,-9,-9,-9,-9,-9,-9,-9,-9,-9,-9,-9,-9,-9,-9,-9,-9,-9,-9,-9,-9
HI,HAWAII,1500030,Hawaii Department of Education,170,Lt Col Horrace Meek Hickam Elementary School,150003000170,No,-9,-9,-9,-9,-9,-9,-9,-9,-9,-9,-9,-9,-9,-9,-9,-9,-9,-9,-9,-9,-9,-9
HI,HAWAII,1500030,Hawaii Department of Education,171,Helemano Elementary School,150003000171,No,-9,-9,-9,-9,-9,-9,-9,-9,-9,-9,-9,-9,-9,-9,-9,-9,-9,-9,-9,-9,-9,-9
HI,HAWAII,1500030,Hawaii Department of Education,172,Haleiwa Elementary School,150003000172,No,-9,-9,-9,-9,-9,-9,-9,-9,-9,-9,-9,-9,-9,-9,-9,-9,-9,-9,-9,-9,-9,-9
HI,HAWAII,1500030,Hawaii Department of Education,173,Daniel K Inouye Elementary School,150003000173,No,-9,-9,-9,-9,-9,-9,-9,-9,-9,-9,-9,-9,-9,-9,-9,-9,-9,-9,-9,-9,-9,-9
HI,HAWAII,1500030,Hawaii Department of Education,174,Aliamanu Middle School,150003000174,No,-9,-9,-9,-9,-9,-9,-9,-9,-9,-9,-9,-9,-9,-9,-9,-9,-9,-9,-9,-9,-9,-9
HI,HAWAII,1500030,Hawaii Department of Education,175,Aliamanu Elementary School,150003000175,No,-9,-9,-9,-9,-9,-9,-9,-9,-9,-9,-9,-9,-9,-9,-9,-9,-9,-9,-9,-9,-9,-9
HI,HAWAII,1500030,Hawaii Department of Education,176,Aiea Intermediate School,150003000176,No,-9,-9,-9,-9,-9,-9,-9,-9,-9,-9,-9,-9,-9,-9,-9,-9,-9,-9,-9,-9,-9,-9
HI,HAWAII,1500030,Hawaii Department of Education,177,Aiea High School,150003000177,No,13,12,11,9,0,0,55,67,36,39,2,0,5,11,14,12,123,138,3,8,6,3
HI,HAWAII,1500030,Hawaii Department of Education,178,Aiea Elementary School,150003000178,No,-9,-9,-9,-9,-9,-9,-9,-9,-9,-9,-9,-9,-9,-9,-9,-9,-9,-9,-9,-9,-9,-9
HI,HAWAII,1500030,Hawaii Department of Education,179,Mayor John H Wilson Elementary School,150003000179,No,-9,-9,-9,-9,-9,-9,-9,-9,-9,-9,-9,-9,-9,-9,-9,-9,-9,-9,-9,-9,-9,-9
HI,HAWAII,1500030,Hawaii Department of Education,180,President George Washington Middle School,150003000180,No,-9,-9,-9,-9,-9,-9,-9,-9,-9,-9,-9,-9,-9,-9,-9,-9,-9,-9,-9,-9,-9,-9
HI,HAWAII,1500030,Hawaii Department of Education,182,Waikiki Elementary School,150003000182,No,-9,-9,-9,-9,-9,-9,-9,-9,-9,-9,-9,-9,-9,-9,-9,-9,-9,-9,-9,-9,-9,-9
HI,HAWAII,1500030,Hawaii Department of Education,183,Waialae Elementary - PCS,150003000183,No,-9,-9,-9,-9,-9,-9,-9,-9,-9,-9,-9,-9,-9,-9,-9,-9,-9,-9,-9,-9,-9,-9
HI,HAWAII,1500030,Hawaii Department of Education,184,Robert Louis Stevenson Middle School,150003000184,No,-9,-9,-9,-9,-9,-9,-9,-9,-9,-9,-9,-9,-9,-9,-9,-9,-9,-9,-9,-9,-9,-9
HI,HAWAII,1500030,Hawaii Department of Education,185,Royal Elementary School,150003000185,No,-9,-9,-9,-9,-9,-9,-9,-9,-9,-9,-9,-9,-9,-9,-9,-9,-9,-9,-9,-9,-9,-9
HI,HAWAII,1500030,Hawaii Department of Education,186,President Theodore Roosevelt High School,150003000186,No,20,16,13,18,1,0,115,124,71,45,1,0,6,7,29,27,236,221,8,12,40,8
HI,HAWAII,1500030,Hawaii Department of Education,187,Puuhale Elementary School,150003000187,No,-9,-9,-9,-9,-9,-9,-9,-9,-9,-9,-9,-9,-9,-9,-9,-9,-9,-9,-9,-9,-9,-9
HI,HAWAII,1500030,Hawaii Department of Education,188,Pauoa Elementary School,150003000188,No,-9,-9,-9,-9,-9,-9,-9,-9,-9,-9,-9,-9,-9,-9,-9,-9,-9,-9,-9,-9,-9,-9
HI,HAWAII,1500030,Hawaii Department of Education,189,Palolo Elementary School,150003000189,No,-9,-9,-9,-9,-9,-9,-9,-9,-9,-9,-9,-9,-9,-9,-9,-9,-9,-9,-9,-9,-9,-9
HI,HAWAII,1500030,Hawaii Department of Education,190,Nuuanu Elementary School,150003000190,No,-9,-9,-9,-9,-9,-9,-9,-9,-9,-9,-9,-9,-9,-9,-9,-9,-9,-9,-9,-9,-9,-9
HI,HAWAII,1500030,Hawaii Department of Education,191,Noelani Elementary School,150003000191,No,-9,-9,-9,-9,-9,-9,-9,-9,-9,-9,-9,-9,-9,-9,-9,-9,-9,-9,-9,-9,-9,-9
HI,HAWAII,1500030,Hawaii Department of Education,192,Niu Valley Middle School,150003000192,No,-9,-9,-9,-9,-9,-9,-9,-9,-9,-9,-9,-9,-9,-9,-9,-9,-9,-9,-9,-9,-9,-9
HI,HAWAII,1500030,Hawaii Department of Education,193,President William McKinley High School,150003000193,No,20,20,12,10,0,0,156,148,40,53,3,3,7,7,21,15,239,236,41,28,21,11
HI,HAWAII,1500030,Hawaii Department of Education,194,Manoa Elementary School,150003000194,No,-9,-9,-9,-9,-9,-9,-9,-9,-9,-9,-9,-9,-9,-9,-9,-9,-9,-9,-9,-9,-9,-9
HI,HAWAII,1500030,Hawaii Department of Education,195,King William Lunalilo Elementary School,150003000195,No,-9,-9,-9,-9,-9,-9,-9,-9,-9,-9,-9,-9,-9,-9,-9,-9,-9,-9,-9,-9,-9,-9
HI,HAWAII,1500030,Hawaii Department of Education,196,Maemae Elementary School,150003000196,No,-9,-9,-9,-9,-9,-9,-9,-9,-9,-9,-9,-9,-9,-9,-9,-9,-9,-9,-9,-9,-9,-9
HI,HAWAII,1500030,Hawaii Department of Education,197,President Abraham Lincoln Elementary School,150003000197,No,-9,-9,-9,-9,-9,-9,-9,-9,-9,-9,-9,-9,-9,-9,-9,-9,-9,-9,-9,-9,-9,-9
HI,HAWAII,1500030,Hawaii Department of Education,198,Linapuni Elementary School,150003000198,No,-9,-9,-9,-9,-9,-9,-9,-9,-9,-9,-9,-9,-9,-9,-9,-9,-9,-9,-9,-9,-9,-9
HI,HAWAII,1500030,Hawaii Department of Education,200,Princess Miriam K Likelike Elementary School,150003000200,No,-9,-9,-9,-9,-9,-9,-9,-9,-9,-9,-9,-9,-9,-9,-9,-9,-9,-9,-9,-9,-9,-9
HI,HAWAII,1500030,Hawaii Department of Education,201,King Liholiho Elementary School,150003000201,No,-9,-9,-9,-9,-9,-9,-9,-9,-9,-9,-9,-9,-9,-9,-9,-9,-9,-9,-9,-9,-9,-9
HI,HAWAII,1500030,Hawaii Department of Education,202,Lanakila Elementary School,150003000202,No,-9,-9,-9,-9,-9,-9,-9,-9,-9,-9,-9,-9,-9,-9,-9,-9,-9,-9,-9,-9,-9,-9
HI,HAWAII,1500030,Hawaii Department of Education,203,Prince Jonah Kuhio Elementary School,150003000203,No,-9,-9,-9,-9,-9,-9,-9,-9,-9,-9,-9,-9,-9,-9,-9,-9,-9,-9,-9,-9,-9,-9
HI,HAWAII,1500030,Hawaii Department of Education,204,Koko Head Elementary School,150003000204,No,-9,-9,-9,-9,-9,-9,-9,-9,-9,-9,-9,-9,-9,-9,-9,-9,-9,-9,-9,-9,-9,-9
HI,HAWAII,1500030,Hawaii Department of Education,205,Prince David Kawananakoa Middle School,150003000205,No,-9,-9,-9,-9,-9,-9,-9,-9,-9,-9,-9,-9,-9,-9,-9,-9,-9,-9,-9,-9,-9,-9
HI,HAWAII,1500030,Hawaii Department of Education,206,Kauluwela Elementary School,150003000206,No,-9,-9,-9,-9,-9,-9,-9,-9,-9,-9,-9,-9,-9,-9,-9,-9,-9,-9,-9,-9,-9,-9
HI,HAWAII,1500030,Hawaii Department of Education,207,Kapalama Elementary School,150003000207,No,-9,-9,-9,-9,-9,-9,-9,-9,-9,-9,-9,-9,-9,-9,-9,-9,-9,-9,-9,-9,-9,-9
HI,HAWAII,1500030,Hawaii Department of Education,208,Kamiloiki Elementary School,150003000208,No,-9,-9,-9,-9,-9,-9,-9,-9,-9,-9,-9,-9,-9,-9,-9,-9,-9,-9,-9,-9,-9,-9
HI,HAWAII,1500030,Hawaii Department of Education,209,Kalihi Waena Elementary School,150003000209,No,-9,-9,-9,-9,-9,-9,-9,-9,-9,-9,-9,-9,-9,-9,-9,-9,-9,-9,-9,-9,-9,-9
HI,HAWAII,1500030,Hawaii Department of Education,210,Kalihi Uka Elementary School,150003000210,No,-9,-9,-9,-9,-9,-9,-9,-9,-9,-9,-9,-9,-9,-9,-9,-9,-9,-9,-9,-9,-9,-9
HI,HAWAII,1500030,Hawaii Department of Education,211,Kaimuki Middle School,150003000211,No,-9,-9,-9,-9,-9,-9,-9,-9,-9,-9,-9,-9,-9,-9,-9,-9,-9,-9,-9,-9,-9,-9
HI,HAWAII,1500030,Hawaii Department of Education,212,Kaimuki High School,150003000212,No,5,0,4,3,0,0,24,19,12,13,1,0,1,0,8,7,50,42,6,2,3,3
HI,HAWAII,1500030,Hawaii Department of Education,213,President Thomas Jefferson Elementary School,150003000213,No,-9,-9,-9,-9,-9,-9,-9,-9,-9,-9,-9,-9,-9,-9,-9,-9,-9,-9,-9,-9,-9,-9
HI,HAWAII,1500030,Hawaii Department of Education,214,Hokulani Elementary School,150003000214,No,-9,-9,-9,-9,-9,-9,-9,-9,-9,-9,-9,-9,-9,-9,-9,-9,-9,-9,-9,-9,-9,-9
HI,HAWAII,1500030,Hawaii Department of Education,215,Kahala Elementary School,150003000215,No,-9,-9,-9,-9,-9,-9,-9,-9,-9,-9,-9,-9,-9,-9,-9,-9,-9,-9,-9,-9,-9,-9
HI,HAWAII,1500030,Hawaii Department of Education,216,Kaewai Elementary School,150003000216,No,-9,-9,-9,-9,-9,-9,-9,-9,-9,-9,-9,-9,-9,-9,-9,-9,-9,-9,-9,-9,-9,-9
HI,HAWAII,1500030,Hawaii Department of Education,217,Queen Kaahumanu Elementary School,150003000217,No,-9,-9,-9,-9,-9,-9,-9,-9,-9,-9,-9,-9,-9,-9,-9,-9,-9,-9,-9,-9,-9,-9
HI,HAWAII,1500030,Hawaii Department of Education,218,William P Jarrett Middle School,150003000218,No,-9,-9,-9,-9,-9,-9,-9,-9,-9,-9,-9,-9,-9,-9,-9,-9,-9,-9,-9,-9,-9,-9
HI,HAWAII,1500030,Hawaii Department of Education,219,Hahaione Elementary School,150003000219,No,-9,-9,-9,-9,-9,-9,-9,-9,-9,-9,-9,-9,-9,-9,-9,-9,-9,-9,-9,-9,-9,-9
HI,HAWAII,1500030,Hawaii Department of Education,220,Mayor Joseph J Fern Elementary School,150003000220,No,-9,-9,-9,-9,-9,-9,-9,-9,-9,-9,-9,-9,-9,-9,-9,-9,-9,-9,-9,-9,-9,-9
HI,HAWAII,1500030,Hawaii Department of Education,221,Governor Wallace Rider Farrington High School,150003000221,No,18,18,6,6,1,0,200,225,103,96,0,2,1,1,11,9,322,339,59,59,40,15
HI,HAWAII,1500030,Hawaii Department of Education,222,Governor Sanford B Dole Middle School,150003000222,No,-9,-9,-9,-9,-9,-9,-9,-9,-9,-9,-9,-9,-9,-9,-9,-9,-9,-9,-9,-9,-9,-9
HI,HAWAII,1500030,Hawaii Department of Education,223,Central Middle School,150003000223,No,-9,-9,-9,-9,-9,-9,-9,-9,-9,-9,-9,-9,-9,-9,-9,-9,-9,-9,-9,-9,-9,-9
HI,HAWAII,1500030,Hawaii Department of Education,225,Aliiolani Elementary School,150003000225,No,-9,-9,-9,-9,-9,-9,-9,-9,-9,-9,-9,-9,-9,-9,-9,-9,-9,-9,-9,-9,-9,-9
HI,HAWAII,1500030,Hawaii Department of Education,226,Ala Wai Elementary School,150003000226,No,-9,-9,-9,-9,-9,-9,-9,-9,-9,-9,-9,-9,-9,-9,-9,-9,-9,-9,-9,-9,-9,-9
HI,HAWAII,1500030,Hawaii Department of Education,227,Aina Haina Elementary School,150003000227,No,-9,-9,-9,-9,-9,-9,-9,-9,-9,-9,-9,-9,-9,-9,-9,-9,-9,-9,-9,-9,-9,-9
HI,HAWAII,1500030,Hawaii Department of Education,228,Henry J Kaiser High School,150003000228,No,21,13,18,19,1,1,100,122,35,30,1,0,47,49,44,52,246,273,8,5,20,9
HI,HAWAII,1500030,Hawaii Department of Education,229,Waianae Intermediate School,150003000229,No,-9,-9,-9,-9,-9,-9,-9,-9,-9,-9,-9,-9,-9,-9,-9,-9,-9,-9,-9,-9,-9,-9
HI,HAWAII,1500030,Hawaii Department of Education,230,Leihoku Elementary School,150003000230,No,-9,-9,-9,-9,-9,-9,-9,-9,-9,-9,-9,-9,-9,-9,-9,-9,-9,-9,-9,-9,-9,-9
HI,HAWAII,1500030,Hawaii Department of Education,231,Kanoelani Elementary School,150003000231,No,-9,-9,-9,-9,-9,-9,-9,-9,-9,-9,-9,-9,-9,-9,-9,-9,-9,-9,-9,-9,-9,-9
HI,HAWAII,1500030,Hawaii Department of Education,232,Kahakai Elementary School,150003000232,No,-9,-9,-9,-9,-9,-9,-9,-9,-9,-9,-9,-9,-9,-9,-9,-9,-9,-9,-9,-9,-9,-9
HI,HAWAII,1500030,Hawaii Department of Education,233,Samuel Enoka Kalama Intermediate School,150003000233,No,-9,-9,-9,-9,-9,-9,-9,-9,-9,-9,-9,-9,-9,-9,-9,-9,-9,-9,-9,-9,-9,-9
HI,HAWAII,1500030,Hawaii Department of Education,234,Pahoa Elementary School,150003000234,No,-9,-9,-9,-9,-9,-9,-9,-9,-9,-9,-9,-9,-9,-9,-9,-9,-9,-9,-9,-9,-9,-9
HI,HAWAII,1500030,Hawaii Department of Education,235,Kealakehe Intermediate School,150003000235,No,-9,-9,-9,-9,-9,-9,-9,-9,-9,-9,-9,-9,-9,-9,-9,-9,-9,-9,-9,-9,-9,-9
HI,HAWAII,1500030,Hawaii Department of Education,236,Kahuku Elementary School,150003000236,No,-9,-9,-9,-9,-9,-9,-9,-9,-9,-9,-9,-9,-9,-9,-9,-9,-9,-9,-9,-9,-9,-9
HI,HAWAII,1500030,Hawaii Department of Education,237,Princess Nahienaena Elementary School,150003000237,No,-9,-9,-9,-9,-9,-9,-9,-9,-9,-9,-9,-9,-9,-9,-9,-9,-9,-9,-9,-9,-9,-9
HI,HAWAII,1500030,Hawaii Department of Education,238,Lokelani Intermediate School,150003000238,No,-9,-9,-9,-9,-9,-9,-9,-9,-9,-9,-9,-9,-9,-9,-9,-9,-9,-9,-9,-9,-9,-9
HI,HAWAII,1500030,Hawaii Department of Education,239,Kaleiopuu Elementary School,150003000239,No,-9,-9,-9,-9,-9,-9,-9,-9,-9,-9,-9,-9,-9,-9,-9,-9,-9,-9,-9,-9,-9,-9
HI,HAWAII,1500030,Hawaii Department of Education,240,Kamaile Academy PCS,150003000240,No,2,0,2,0,0,0,1,1,13,16,0,0,0,0,2,4,18,21,2,1,2,0
HI,HAWAII,1500030,Hawaii Department of Education,241,Maui Waena Intermediate School,150003000241,No,-9,-9,-9,-9,-9,-9,-9,-9,-9,-9,-9,-9,-9,-9,-9,-9,-9,-9,-9,-9,-9,-9
HI,HAWAII,1500030,Hawaii Department of Education,242,King Kaumualii Elementary School,150003000242,No,-9,-9,-9,-9,-9,-9,-9,-9,-9,-9,-9,-9,-9,-9,-9,-9,-9,-9,-9,-9,-9,-9
HI,HAWAII,1500030,Hawaii Department of Education,244,Keonepoko Elementary School,150003000244,No,-9,-9,-9,-9,-9,-9,-9,-9,-9,-9,-9,-9,-9,-9,-9,-9,-9,-9,-9,-9,-9,-9
HI,HAWAII,1500030,Hawaii Department of Education,246,Anuenue School,150003000246,No,2,0,0,0,0,0,0,0,0,2,0,0,0,0,0,0,0,2,0,0,0,0
HI,HAWAII,1500030,Hawaii Department of Education,247,Waikoloa Elementary and Middle School,150003000247,No,-9,-9,-9,-9,-9,-9,-9,-9,-9,-9,-9,-9,-9,-9,-9,-9,-9,-9,-9,-9,-9,-9
HI,HAWAII,1500030,Hawaii Department of Education,248,Holomua Elementary School,150003000248,No,-9,-9,-9,-9,-9,-9,-9,-9,-9,-9,-9,-9,-9,-9,-9,-9,-9,-9,-9,-9,-9,-9
HI,HAWAII,1500030,Hawaii Department of Education,249,Honokaa Elementary School,150003000249,No,-9,-9,-9,-9,-9,-9,-9,-9,-9,-9,-9,-9,-9,-9,-9,-9,-9,-9,-9,-9,-9,-9
HI,HAWAII,1500030,Hawaii Department of Education,250,Kohala Elementary School,150003000250,No,-9,-9,-9,-9,-9,-9,-9,-9,-9,-9,-9,-9,-9,-9,-9,-9,-9,-9,-9,-9,-9,-9
HI,HAWAII,1500030,Hawaii Department of Education,251,King Kekaulike High School,150003000251,No,16,12,19,18,1,2,41,45,56,68,1,3,53,63,9,8,180,207,2,1,22,11
HI,HAWAII,1500030,Hawaii Department of Education,252,Konawaena Middle School,150003000252,No,-9,-9,-9,-9,-9,-9,-9,-9,-9,-9,-9,-9,-9,-9,-9,-9,-9,-9,-9,-9,-9,-9
HI,HAWAII,1500030,Hawaii Department of Education,253,Kamalii Elementary School,150003000253,No,-9,-9,-9,-9,-9,-9,-9,-9,-9,-9,-9,-9,-9,-9,-9,-9,-9,-9,-9,-9,-9,-9
HI,HAWAII,1500030,Hawaii Department of Education,254,Kealakehe High School,150003000254,No,16,16,9,16,3,1,45,34,79,60,1,0,32,25,4,4,173,140,12,7,16,5
HI,HAWAII,1500030,Hawaii Department of Education,255,Kapaa Middle School,150003000255,No,-9,-9,-9,-9,-9,-9,-9,-9,-9,-9,-9,-9,-9,-9,-9,-9,-9,-9,-9,-9,-9,-9
HI,HAWAII,1500030,Hawaii Department of Education,256,Mililani Middle School,150003000256,No,-9,-9,-9,-9,-9,-9,-9,-9,-9,-9,-9,-9,-9,-9,-9,-9,-9,-9,-9,-9,-9,-9
HI,HAWAII,1500030,Hawaii Department of Education,257,Waikele Elementary School,150003000257,No,-9,-9,-9,-9,-9,-9,-9,-9,-9,-9,-9,-9,-9,-9,-9,-9,-9,-9,-9,-9,-9,-9
HI,HAWAII,1500030,Hawaii Department of Education,258,Keaau Elementary School,150003000258,No,-9,-9,-9,-9,-9,-9,-9,-9,-9,-9,-9,-9,-9,-9,-9,-9,-9,-9,-9,-9,-9,-9
HI,HAWAII,1500030,Hawaii Department of Education,259,Kapolei Middle School,150003000259,No,-9,-9,-9,-9,-9,-9,-9,-9,-9,-9,-9,-9,-9,-9,-9,-9,-9,-9,-9,-9,-9,-9
HI,HAWAII,1500030,Hawaii Department of Education,260,Keaau High School,150003000260,No,17,17,16,27,5,0,44,43,88,78,1,3,30,25,11,8,195,184,18,7,32,15
HI,HAWAII,1500030,Hawaii Department of Education,261,Kapolei High School,150003000261,No,38,24,51,40,0,0,74,71,141,113,11,7,17,28,39,39,333,298,4,15,44,19
HI,HAWAII,1500030,Hawaii Department of Education,262,Connections - New Century PCS,150003000262,No,1,1,2,2,0,0,0,0,3,5,1,0,4,2,0,0,10,9,0,0,2,0
HI,HAWAII,1500030,Hawaii Department of Education,263,Kanu o ka Aina - New Century PCS,150003000263,No,0,-9,-9,-9,-9,-9,-9,-9,-9,-9,-9,-9,-9,-9,-9,-9,-9,-9,-9,-9,-9,-9
HI,HAWAII,1500030,Hawaii Department of Education,264,Na Wai Ola - PCS,150003000264,No,-9,-9,-9,-9,-9,-9,-9,-9,-9,-9,-9,-9,-9,-9,-9,-9,-9,-9,-9,-9,-9,-9
HI,HAWAII,1500030,Hawaii Department of Education,265,West Hawaii Explorations Academy,150003000265,No,0,-9,-9,-9,-9,-9,-9,-9,-9,-9,-9,-9,-9,-9,-9,-9,-9,-9,-9,-9,-9,-9
HI,HAWAII,1500030,Hawaii Department of Education,266,Chiefess Kamakahelei Middle School,150003000266,No,-9,-9,-9,-9,-9,-9,-9,-9,-9,-9,-9,-9,-9,-9,-9,-9,-9,-9,-9,-9,-9,-9
HI,HAWAII,1500030,Hawaii Department of Education,267,Kohala Middle School,150003000267,No,-9,-9,-9,-9,-9,-9,-9,-9,-9,-9,-9,-9,-9,-9,-9,-9,-9,-9,-9,-9,-9,-9
HI,HAWAII,1500030,Hawaii Department of Education,268,Waimea Middle - PCCS,150003000268,No,-9,-9,-9,-9,-9,-9,-9,-9,-9,-9,-9,-9,-9,-9,-9,-9,-9,-9,-9,-9,-9,-9
HI,HAWAII,1500030,Hawaii Department of Education,269,Kula Aupuni Niihau A Kahelelani Aloha - NCPCS,150003000269,No,1,1,0,0,0,1,0,0,0,2,0,0,0,0,0,0,0,3,0,0,0,1
HI,HAWAII,1500030,Hawaii Department of Education,270,Halau Ku Mana - A New Century PCS,150003000270,No,3,0,0,0,0,0,0,1,7,5,0,0,0,0,0,3,7,9,0,0,2,3
HI,HAWAII,1500030,Hawaii Department of Education,271,Voyager - A Public Charter School,150003000271,No,-9,-9,-9,-9,-9,-9,-9,-9,-9,-9,-9,-9,-9,-9,-9,-9,-9,-9,-9,-9,-9,-9
HI,HAWAII,1500030,Hawaii Department of Education,273,University Laboratory School,150003000273,No,2,2,1,0,0,0,12,16,0,0,1,1,4,3,0,0,18,20,1,0,1,3
HI,HAWAII,1500030,Hawaii Department of Education,274,Myron B. Thompson Academy - A New Century PCS,150003000274,No,1,1,1,0,0,1,0,3,5,6,1,0,7,7,0,0,14,17,0,0,0,0
HI,HAWAII,1500030,Hawaii Department of Education,275,Hakipuu Learning Center,150003000275,No,0,-9,-9,-9,-9,-9,-9,-9,-9,-9,-9,-9,-9,-9,-9,-9,-9,-9,-9,-9,-9,-9
HI,HAWAII,1500030,Hawaii Department of Education,276,Ke Kula o Samuel M Kamakau - A Laboratory PCS,150003000276,No,0,-9,-9,-9,-9,-9,-9,-9,-9,-9,-9,-9,-9,-9,-9,-9,-9,-9,-9,-9,-9,-9
HI,HAWAII,1500030,Hawaii Department of Education,277,Innovations - PCS,150003000277,No,-9,-9,-9,-9,-9,-9,-9,-9,-9,-9,-9,-9,-9,-9,-9,-9,-9,-9,-9,-9,-9,-9
HI,HAWAII,1500030,Hawaii Department of Education,278,Ke Ana Laahana - PCS,150003000278,No,1,0,0,0,0,0,0,0,2,4,0,0,0,0,0,3,2,7,0,0,1,1
HI,HAWAII,1500030,Hawaii Department of Education,279,Kihei Charter School,150003000279,No,2,2,4,2,0,0,2,3,1,1,1,1,25,14,0,2,33,23,0,0,1,0
HI,HAWAII,1500030,Hawaii Department of Education,280,Ke Kula Niihau o Kekaha Learning Center - A Laboratory PCS,150003000280,No,1,0,0,0,0,0,0,0,0,5,0,0,0,0,0,0,0,5,0,0,0,1
HI,HAWAII,1500030,Hawaii Department of Education,281,Volcano School of Arts & Sciences - A Community PCS,150003000281,No,-9,-9,-9,-9,-9,-9,-9,-9,-9,-9,-9,-9,-9,-9,-9,-9,-9,-9,-9,-9,-9,-9
HI,HAWAII,1500030,Hawaii Department of Education,282,Hawaii Academy of Arts & Science PCS,150003000282,No,5,0,5,6,1,1,0,1,4,8,0,0,16,20,3,4,29,40,1,0,4,1
HI,HAWAII,1500030,Hawaii Department of Education,283,Ka Umeke Kaeo - PCS,150003000283,No,1,0,0,0,0,0,0,0,3,1,0,0,0,0,0,0,3,1,0,0,0,0
HI,HAWAII,1500030,Hawaii Department of Education,284,Ke Kula o Nawahiokalaniopuu Iki - Laboratory PCS,150003000284,No,-9,-9,-9,-9,-9,-9,-9,-9,-9,-9,-9,-9,-9,-9,-9,-9,-9,-9,-9,-9,-9,-9
HI,HAWAII,1500030,Hawaii Department of Education,285,Mililani Ike Elementary School,150003000285,No,-9,-9,-9,-9,-9,-9,-9,-9,-9,-9,-9,-9,-9,-9,-9,-9,-9,-9,-9,-9,-9,-9
HI,HAWAII,1500030,Hawaii Department of Education,286,Ka Waihona o ka Naauao - New Century PCS,150003000286,No,-9,-9,-9,-9,-9,-9,-9,-9,-9,-9,-9,-9,-9,-9,-9,-9,-9,-9,-9,-9,-9,-9
HI,HAWAII,1500030,Hawaii Department of Education,287,Ke Kula o Ehunuikaimalino,150003000287,No,0,-9,-9,-9,-9,-9,-9,-9,-9,-9,-9,-9,-9,-9,-9,-9,-9,-9,-9,-9,-9,-9
HI,HAWAII,1500030,Hawaii Department of Education,288,Kua o ka La - NCPCS,150003000288,No,0,-9,-9,-9,-9,-9,-9,-9,-9,-9,-9,-9,-9,-9,-9,-9,-9,-9,-9,-9,-9,-9
HI,HAWAII,1500030,Hawaii Department of Education,289,Kanuikapono Learning Center,150003000289,No,0,-9,-9,-9,-9,-9,-9,-9,-9,-9,-9,-9,-9,-9,-9,-9,-9,-9,-9,-9,-9,-9
HI,HAWAII,1500030,Hawaii Department of Education,290,Molokai Middle School,150003000290,No,-9,-9,-9,-9,-9,-9,-9,-9,-9,-9,-9,-9,-9,-9,-9,-9,-9,-9,-9,-9,-9,-9
HI,HAWAII,1500030,Hawaii Department of Education,291,Keoneula Elementary School,150003000291,No,-9,-9,-9,-9,-9,-9,-9,-9,-9,-9,-9,-9,-9,-9,-9,-9,-9,-9,-9,-9,-9,-9
HI,HAWAII,1500030,Hawaii Department of Education,292,Pomaikai Elementary School,150003000292,No,-9,-9,-9,-9,-9,-9,-9,-9,-9,-9,-9,-9,-9,-9,-9,-9,-9,-9,-9,-9,-9,-9
HI,HAWAII,1500030,Hawaii Department of Education,293,Kona Pacific - PCS,150003000293,No,-9,-9,-9,-9,-9,-9,-9,-9,-9,-9,-9,-9,-9,-9,-9,-9,-9,-9,-9,-9,-9,-9
HI,HAWAII,1500030,Hawaii Department of Education,294,Kawaikini NCPCS,150003000294,No,0,-9,-9,-9,-9,-9,-9,-9,-9,-9,-9,-9,-9,-9,-9,-9,-9,-9,-9,-9,-9,-9
HI,HAWAII,1500030,Hawaii Department of Education,295,Hawaii Technology Academy - PCS,150003000295,No,2,1,5,13,0,1,12,15,13,23,1,1,18,22,8,5,57,80,2,1,6,6
HI,HAWAII,1500030,Hawaii Department of Education,296,Ewa Makai Middle School,150003000296,No,-9,-9,-9,-9,-9,-9,-9,-9,-9,-9,-9,-9,-9,-9,-9,-9,-9,-9,-9,-9,-9,-9
HI,HAWAII,1500030,Hawaii Department of Education,297,Puu Kukui Elementary School,150003000297,No,-9,-9,-9,-9,-9,-9,-9,-9,-9,-9,-9,-9,-9,-9,-9,-9,-9,-9,-9,-9,-9,-9
HI,HAWAII,1500030,Hawaii Department of Education,298,SEEQS - Sch Examining Essential Questions of Sustainability,150003000298,No,-9,-9,-9,-9,-9,-9,-9,-9,-9,-9,-9,-9,-9,-9,-9,-9,-9,-9,-9,-9,-9,-9
HI,HAWAII,1500030,Hawaii Department of Education,299,Malama Honua Learning Center PCS,150003000299,No,-9,-9,-9,-9,-9,-9,-9,-9,-9,-9,-9,-9,-9,-9,-9,-9,-9,-9,-9,-9,-9,-9
HI,HAWAII,1500030,Hawaii Department of Education,300,Hookele Elementary School,150003000300,No,-9,-9,-9,-9,-9,-9,-9,-9,-9,-9,-9,-9,-9,-9,-9,-9,-9,-9,-9,-9,-9,-9
HI,HAWAII,1500030,Hawaii Department of Education,301,Ka'u Learning Academy - PCS,150003000301,No,-9,-9,-9,-9,-9,-9,-9,-9,-9,-9,-9,-9,-9,-9,-9,-9,-9,-9,-9,-9,-9,-9
HI,HAWAII,1500030,Hawaii Department of Education,302,Kapolei Charter School by Goodwill Hawaii,150003000302,No,0,-9,-9,-9,-9,-9,-9,-9,-9,-9,-9,-9,-9,-9,-9,-9,-9,-9,-9,-9,-9,-9
HI,HAWAII,1500030,Hawaii Department of Education,303,Kamalani Academy,150003000303,No,-9,-9,-9,-9,-9,-9,-9,-9,-9,-9,-9,-9,-9,-9,-9,-9,-9,-9,-9,-9,-9,-9
