School Year,Division Number,Division Name,School Number,School Name,"Total Dropouts
                            Grades 7 - 12"
2020-2021,1,Accomack County ,540,Arcadia High,              14
2020-2021,1,Accomack County ,704,Arcadia Middle ,               1
2020-2021,1,Accomack County ,70,Nandua High,              17
2020-2021,1,Accomack County ,703,Nandua Middle,               1
2020-2021,1,Accomack County ,530,Tangier Combined,               1
2020-2021,2,Albemarle County ,880,Albemarle High,              23
2020-2021,2,Albemarle County ,950,Jack Jouett Middle,               3
2020-2021,2,Albemarle County ,69,Jackson P. Burley Middle,               3
2020-2021,2,Albemarle County ,942,Joseph T. Henley Middle,               0
2020-2021,2,Albemarle County ,1052,Monticello High,              20
2020-2021,2,Albemarle County ,890,Murray School,               1
2020-2021,2,Albemarle County ,140,Western Albemarle High,               3
2020-2021,101,Alexandria City ,140,Francis C. Hammond Middle,              13
2020-2021,101,Alexandria City ,130,George Washington Middle,               8
2020-2021,101,Alexandria City ,210,T.C. Williams High School,              79
2020-2021,3,Alleghany County ,310,Alleghany High,              13
2020-2021,3,Alleghany County ,1040,Clifton Middle,               0
2020-2021,4,Amelia County ,10,Amelia County High,               7
2020-2021,5,Amherst County ,750,Amherst County High,              14
2020-2021,5,Amherst County ,20,Monelison Middle,               3
2020-2021,6,Appomattox County ,260,Appomattox County High,               5
2020-2021,6,Appomattox County ,160,Appomattox Middle,               1
2020-2021,7,Arlington County ,618,Arlington Community High,               8
2020-2021,7,Arlington County ,611,Gunston Middle,               1
2020-2021,7,Arlington County ,180,Jefferson Middle,               1
2020-2021,7,Arlington County ,500,Kenmore Middle,               3
2020-2021,7,Arlington County ,240,Swanson Middle,               1
2020-2021,7,Arlington County ,450,Wakefield High,              36
2020-2021,7,Arlington County ,80,Washington-Liberty High,              36
2020-2021,7,Arlington County ,330,Yorktown High,              13
2020-2021,8,Augusta County ,660,Buffalo Gap High,               8
2020-2021,8,Augusta County ,670,Fort Defiance High,               3
2020-2021,8,Augusta County ,680,Riverheads High,               3
2020-2021,8,Augusta County ,90,S. Gordon Stewart Middle,               1
2020-2021,8,Augusta County ,730,Stuarts Draft High,               3
2020-2021,8,Augusta County ,60,Stuarts Draft Middle,               1
2020-2021,8,Augusta County ,720,Wilson Memorial High,              13
2020-2021,8,Augusta County ,844,Wilson Middle,               0
2020-2021,10,Bedford County ,1212,Jefferson Forest High,              13
2020-2021,10,Bedford County ,1180,Liberty High,              15
2020-2021,10,Bedford County ,1190,Staunton River High,              15
2020-2021,10,Bedford County ,1191,Staunton River Middle,               1
2020-2021,11,Bland County ,260,Bland County High,               4
2020-2021,12,Botetourt County ,420,Central Academy Middle,               1
2020-2021,12,Botetourt County ,430,James River High,               7
2020-2021,12,Botetourt County ,440,Lord Botetourt High,               4
2020-2021,102,Bristol City ,80,Virginia High,              12
2020-2021,13,Brunswick County ,650,Brunswick High,              15
2020-2021,14,Buchanan County ,1000,Council High ,               1
2020-2021,14,Buchanan County ,990,Grundy High,               2
2020-2021,14,Buchanan County ,1020,Hurley High,               1
2020-2021,15,Buckingham County ,700,Buckingham County High,               3
2020-2021,15,Buckingham County ,721,Buckingham County Middle,               2
2020-2021,103,Buena Vista City ,62,Parry McCluer High School,               8
2020-2021,16,Campbell County ,200,Altavista High,               6
2020-2021,16,Campbell County ,720,Brookville High,              10
2020-2021,16,Campbell County ,222,Rustburg High,               7
2020-2021,16,Campbell County ,211,Rustburg Middle,               1
2020-2021,16,Campbell County ,542,William Campbell High,               1
2020-2021,17,Caroline County ,460,Caroline High,              11
2020-2021,17,Caroline County ,450,Caroline Middle,               5
2020-2021,18,Carroll County ,1230,Carroll County High,               6
2020-2021,18,Carroll County ,450,Carroll County Middle,               1
2020-2021,19,Charles City County ,100,Charles City County High,               4
2020-2021,20,Charlotte County ,460,Randolph-Henry High,               3
2020-2021,104,Charlottesville City ,100,Buford Middle,              10
2020-2021,104,Charlottesville City ,140,Charlottesville High,              24
2020-2021,136,Chesapeake City ,560,Crestwood Middle,               1
2020-2021,136,Chesapeake City ,100,Deep Creek High,              44
2020-2021,136,Chesapeake City ,610,Deep Creek Middle,               5
2020-2021,136,Chesapeake City ,960,Grassfield High,              11
2020-2021,136,Chesapeake City ,120,Great Bridge High,              14
2020-2021,136,Chesapeake City ,590,Great Bridge Middle,               1
2020-2021,136,Chesapeake City ,972,Greenbrier Middle,               4
2020-2021,136,Chesapeake City ,890,Hickory High,               3
2020-2021,136,Chesapeake City ,920,Hugo A. Owens Middle,               1
2020-2021,136,Chesapeake City ,830,Indian River High,              29
2020-2021,136,Chesapeake City ,710,Indian River Middle,               2
2020-2021,136,Chesapeake City ,973,Jolliff Middle,               0
2020-2021,136,Chesapeake City ,80,Oscar F. Smith High,              53
2020-2021,136,Chesapeake City ,10,Oscar Smith Middle,               1
2020-2021,136,Chesapeake City ,840,Western Branch High,              29
2020-2021,136,Chesapeake City ,740,Western Branch Middle,               3
2020-2021,21,Chesterfield County ,631,Bailey Bridge Middle,               1
2020-2021,21,Chesterfield County ,30,Carver College and Career Academy,              49
2020-2021,21,Chesterfield County ,420,Carver Middle,               7
2020-2021,21,Chesterfield County ,740,Clover Hill High,              11
2020-2021,21,Chesterfield County ,840,Cosby High,               3
2020-2021,21,Chesterfield County ,870,Elizabeth Davis Middle,               9
2020-2021,21,Chesterfield County ,670,Falling Creek Middle,              15
2020-2021,21,Chesterfield County ,770,James River High,              31
2020-2021,21,Chesterfield County ,10,Lloyd C. Bird High,              49
2020-2021,21,Chesterfield County ,632,Manchester High,              31
2020-2021,21,Chesterfield County ,600,Manchester Middle,               2
2020-2021,21,Chesterfield County ,530,Matoaca High,              24
2020-2021,21,Chesterfield County ,110,Matoaca Middle,               3
2020-2021,21,Chesterfield County ,580,Meadowbrook High,              99
2020-2021,21,Chesterfield County ,320,Midlothian High,              12
2020-2021,21,Chesterfield County ,280,Monacan High,              13
2020-2021,21,Chesterfield County ,690,Providence Middle,               5
2020-2021,21,Chesterfield County ,760,Robious Middle,               5
2020-2021,21,Chesterfield County ,722,Salem Church Middle,               5
2020-2021,21,Chesterfield County ,610,Thomas Dale High,              39
2020-2021,21,Chesterfield County ,880,Tomahawk Creek Middle,               2
2020-2021,22,Clarke County ,10,Clarke County High,               1
2020-2021,202,Colonial Beach ,21,Colonial Beach High,               1
2020-2021,106,Colonial Heights City ,40,Colonial Heights High,               7
2020-2021,106,Colonial Heights City ,20,Colonial Heights Middle,               3
2020-2021,107,Covington City ,350,Covington High,               1
2020-2021,23,Craig County ,11,Craig County High,               3
2020-2021,24,Culpeper County ,480,Culpeper County High,              26
2020-2021,24,Culpeper County ,20,Culpeper Middle,               3
2020-2021,24,Culpeper County ,50,Eastern View High,              48
2020-2021,24,Culpeper County ,581,Floyd T. Binns Middle,               2
2020-2021,25,Cumberland County ,151,Cumberland High,               8
2020-2021,108,Danville City ,210,George Washington High,              64
2020-2021,108,Danville City ,260,O. Trent Bonner Middle,               3
2020-2021,26,Dickenson County ,275,Ridgeview High,               3
2020-2021,27,Dinwiddie County ,500,Dinwiddie County High,              17
2020-2021,27,Dinwiddie County ,471,Dinwiddie County Middle,               1
2020-2021,28,Essex County ,10,Essex High,               2
2020-2021,28,Essex County ,150,Essex Intermediate,               2
2020-2021,29,Fairfax County ,660,Annandale High,              46
2020-2021,29,Fairfax County ,2201,Bryant High,              79
2020-2021,29,Fairfax County ,2222,Carson Middle,               1
2020-2021,29,Fairfax County ,200,Centreville High,              46
2020-2021,29,Fairfax County ,131,Chantilly High,              17
2020-2021,29,Fairfax County ,1270,Edison High,              21
2020-2021,29,Fairfax County ,190,Fairfax County Adult High,             222
2020-2021,29,Fairfax County ,20,Fairfax High,              33
2020-2021,29,Fairfax County ,1100,Falls Church High,              72
2020-2021,29,Fairfax County ,1170,Glasgow Middle,               8
2020-2021,29,Fairfax County ,1800,Hayfield Secondary,              12
2020-2021,29,Fairfax County ,32,Herndon High,              78
2020-2021,29,Fairfax County ,33,Herndon Middle,               3
2020-2021,29,Fairfax County ,1521,Holmes Middle,               2
2020-2021,29,Fairfax County ,350,Hughes Middle,               3
2020-2021,29,Fairfax County ,1120,Irving Middle,               1
2020-2021,29,Fairfax County ,673,Jackson Middle,               2
2020-2021,29,Fairfax County ,1070,Justice High,             112
2020-2021,29,Fairfax County ,1901,Key Center,               4
2020-2021,29,Fairfax County ,1900,Key Middle,               3
2020-2021,29,Fairfax County ,1760,Kilmer Middle,               4
2020-2021,29,Fairfax County ,90,Lake Braddock Secondary,              12
2020-2021,29,Fairfax County ,1460,Langley High,               3
2020-2021,29,Fairfax County ,1110,Lanier Middle,               3
2020-2021,29,Fairfax County ,1020,Lewis High,              41
2020-2021,29,Fairfax County ,2233,Liberty Middle,               6
2020-2021,29,Fairfax County ,1150,Longfellow Middle,               1
2020-2021,29,Fairfax County ,1060,Madison High,              13
2020-2021,29,Fairfax County ,1290,Marshall High,              27
2020-2021,29,Fairfax County ,790,McLean High,               5
2020-2021,29,Fairfax County ,420,Mount Vernon High,              49
2020-2021,29,Fairfax County ,2211,Mountain View High,              60
2020-2021,29,Fairfax County ,1710,Oakton High,              10
2020-2021,29,Fairfax County ,1130,Poe Middle,               5
2020-2021,29,Fairfax County ,1960,Robinson Secondary,               6
2020-2021,29,Fairfax County ,1300,Sandburg Middle,               3
2020-2021,29,Fairfax County ,2241,South County High,               7
2020-2021,29,Fairfax County ,1990,South Lakes High,              24
2020-2021,29,Fairfax County ,1140,Thoreau Middle,               2
2020-2021,29,Fairfax County ,1160,Twain Middle,               2
2020-2021,29,Fairfax County ,900,West Potomac High,              39
2020-2021,29,Fairfax County ,1610,West Springfield High,               4
2020-2021,29,Fairfax County ,2228,Westfield High,              29
2020-2021,29,Fairfax County ,1550,Whitman Middle,               6
2020-2021,29,Fairfax County ,1260,Woodson High,               9
2020-2021,109,Falls Church City ,251,George Mason High,               5
2020-2021,30,Fauquier County ,701,Fauquier High,              14
2020-2021,30,Fauquier County ,510,Kettle Run High,               7
2020-2021,30,Fauquier County ,851,Liberty High,              11
2020-2021,30,Fauquier County ,10,Marshall Middle,               1
2020-2021,31,Floyd County ,660,Floyd County High,               2
2020-2021,32,Fluvanna County ,260,Fluvanna County High,              21
2020-2021,135,Franklin City ,20,Franklin High,               8
2020-2021,135,Franklin City ,561,Joseph P. King Jr. Middle,               1
2020-2021,33,Franklin County ,31,Benjamin Franklin Middle,               1
2020-2021,33,Franklin County ,1311,Franklin County High,              48
2020-2021,34,Frederick County ,586,Admiral Richard E. Byrd Middle,               3
2020-2021,34,Frederick County ,460,Frederick County Middle,               1
2020-2021,34,Frederick County ,30,James Wood High,              17
2020-2021,34,Frederick County ,420,James Wood Middle,               2
2020-2021,34,Frederick County ,584,Millbrook High,              38
2020-2021,34,Frederick County ,581,Sherando High,              26
2020-2021,110,Fredericksburg City ,40,James Monroe High,              42
2020-2021,110,Fredericksburg City ,273,Walker-Grant Middle,               7
2020-2021,111,Galax City ,31,Galax High,               9
2020-2021,35,Giles County ,461,Giles High,               3
2020-2021,35,Giles County ,470,Narrows High,               1
2020-2021,36,Gloucester County ,260,Gloucester High,              23
2020-2021,36,Gloucester County ,802,Page Middle,               1
2020-2021,36,Gloucester County ,280,Peasley Middle,               2
2020-2021,37,Goochland County ,220,Goochland High,               5
2020-2021,38,Grayson County ,430,Grayson Highlands,               1
2020-2021,39,Greene County ,72,William Monroe High,               8
2020-2021,40,Greensville County ,200,Greensville County High,              11
2020-2021,41,Halifax County ,10,Halifax County High,              30
2020-2021,41,Halifax County ,1480,Halifax County Middle,               1
2020-2021,112,Hampton City ,350,Benjamin Syms Middle,               1
2020-2021,112,Hampton City ,430,Bethel High,               6
2020-2021,112,Hampton City ,450,C. Alton Lindsay Middle,               3
2020-2021,112,Hampton City ,300,Cesar Tarrant Middle,               2
2020-2021,112,Hampton City ,70,Francis W. Jones Magnet Middle,               1
2020-2021,112,Hampton City ,280,Hampton High,              17
2020-2021,112,Hampton City ,640,Hunter B. Andrews,               2
2020-2021,112,Hampton City ,320,Kecoughtan High,               9
2020-2021,112,Hampton City ,50,Phoebus High,               6
2020-2021,42,Hanover County ,62,Atlee High,               2
2020-2021,42,Hanover County ,440,Bell Creek Middle,               1
2020-2021,42,Hanover County ,554,Hanover High,               4
2020-2021,42,Hanover County ,450,Liberty Middle,               3
2020-2021,42,Hanover County ,370,Mechanicsville High,              12
2020-2021,42,Hanover County ,400,Patrick Henry High,              24
2020-2021,113,Harrisonburg City ,12,Harrisonburg High,              61
2020-2021,113,Harrisonburg City ,111,Skyline Middle,               3
2020-2021,113,Harrisonburg City ,80,Thomas Harrison Middle,               1
2020-2021,43,Henrico County ,500,Brookland Middle,              10
2020-2021,43,Henrico County ,160,Deep Run High,              13
2020-2021,43,Henrico County ,410,Douglas S. Freeman High,              55
2020-2021,43,Henrico County ,92,Elko Middle,               3
2020-2021,43,Henrico County ,510,Fairfield Middle,               6
2020-2021,43,Henrico County ,390,George H. Moody Middle,               0
2020-2021,43,Henrico County ,96,Glen Allen High,              12
2020-2021,43,Henrico County ,610,Henrico High,              50
2020-2021,43,Henrico County ,670,Hermitage High,              54
2020-2021,43,Henrico County ,190,Highland Springs High,              83
2020-2021,43,Henrico County ,95,Holman Middle ,               2
2020-2021,43,Henrico County ,100,Hungary Creek Middle ,               1
2020-2021,43,Henrico County ,600,John Randolph Tucker High,              75
2020-2021,43,Henrico County ,130,John Rolfe Middle,               3
2020-2021,43,Henrico County ,250,L. Douglas Wilder Middle,               6
2020-2021,43,Henrico County ,140,Mills E. Godwin High,              17
2020-2021,43,Henrico County ,280,Pocahontas Middle,               2
2020-2021,43,Henrico County ,690,Quioccasin Middle School,               7
2020-2021,43,Henrico County ,80,Short Pump Middle,               3
2020-2021,43,Henrico County ,520,Tuckahoe Middle,               4
2020-2021,43,Henrico County ,580,Varina High,              41
2020-2021,44,Henry County ,10,Bassett High,               7
2020-2021,44,Henry County ,620,Fieldale-Collinsville Middle ,               2
2020-2021,44,Henry County ,20,Magna Vista High,              20
2020-2021,114,Hopewell City ,110,Carter G. Woodson Middle,               1
2020-2021,114,Hopewell City ,120,Hopewell High,              57
2020-2021,46,Isle of Wight County ,422,Georgie D. Tyler Middle,               4
2020-2021,46,Isle of Wight County ,40,Smithfield High,               8
2020-2021,46,Isle of Wight County ,50,Smithfield Middle,               2
2020-2021,46,Isle of Wight County ,250,Windsor High,               6
2020-2021,48,King George County ,120,King George High,              34
2020-2021,48,King George County ,10,King George Middle,               2
2020-2021,50,King William County ,160,Hamilton Holmes Middle,               2
2020-2021,50,King William County ,130,King William High,              11
2020-2021,49,King and Queen County ,280,Central High,               1
2020-2021,49,King and Queen County ,200,King & Queen Elementary,               1
2020-2021,51,Lancaster County ,10,Lancaster High,               9
2020-2021,52,Lee County ,470,Jonesville Middle,               1
2020-2021,52,Lee County ,300,Lee High,              18
2020-2021,137,Lexington City ,1440,Lylburn Downing Middle,               5
2020-2021,53,Loudoun County ,940,Belmont Ridge Middle,               1
2020-2021,53,Loudoun County ,1120,Brambleton Middle,               1
2020-2021,53,Loudoun County ,420,Briar Woods High ,               1
2020-2021,53,Loudoun County ,740,Broad Run High,              15
2020-2021,53,Loudoun County ,31,Dominion High,              10
2020-2021,53,Loudoun County ,120,Freedom High ,               4
2020-2021,53,Loudoun County ,900,Heritage High,               7
2020-2021,53,Loudoun County ,370,John Champe High School,               1
2020-2021,53,Loudoun County ,660,Loudoun County High,              11
2020-2021,53,Loudoun County ,680,Loudoun Valley High,               1
2020-2021,53,Loudoun County ,60,Park View High,              37
2020-2021,53,Loudoun County ,140,Potomac Falls High,              14
2020-2021,53,Loudoun County ,1050,Riverside High,               2
2020-2021,53,Loudoun County ,1060,Rock Ridge High,               3
2020-2021,53,Loudoun County ,90,Smart's Mill Middle ,               3
2020-2021,53,Loudoun County ,760,Sterling Middle,               1
2020-2021,53,Loudoun County ,850,Stone Bridge High,               2
2020-2021,53,Loudoun County ,570,Stone Hill Middle,               1
2020-2021,53,Loudoun County ,200,Tuscarora High,              29
2020-2021,53,Loudoun County ,590,Woodgrove High,               6
2020-2021,54,Louisa County ,602,Louisa County High,              22
2020-2021,54,Louisa County ,601,Louisa County Middle,               4
2020-2021,55,Lunenburg County ,560,Central High,               6
2020-2021,115,Lynchburg City ,260,E.C. Glass High ,              27
2020-2021,115,Lynchburg City ,130,Heritage High,              32
2020-2021,115,Lynchburg City ,350,Linkhorne Middle,               2
2020-2021,115,Lynchburg City ,170,Paul Laurence Dunbar Middle for Innovation ,               3
2020-2021,115,Lynchburg City ,340,Sandusky Middle,               2
2020-2021,56,Madison County ,221,Madison County High,               1
2020-2021,143,Manassas City ,70,Grace E. Metz Middle ,              12
2020-2021,143,Manassas City ,370,Osbourn High,              50
2020-2021,144,Manassas Park City ,30,Manassas Park High,              36
2020-2021,144,Manassas Park City ,31,Manassas Park Middle,               5
2020-2021,116,Martinsville City ,110,Martinsville High,              10
2020-2021,57,Mathews County ,190,Mathews High,               9
2020-2021,57,Mathews County ,100,Thomas Hunter Middle,               1
2020-2021,58,Mecklenburg County ,980,Bluestone  High,               8
2020-2021,58,Mecklenburg County ,960,Bluestone Middle,               1
2020-2021,58,Mecklenburg County ,990,Park View High,              18
2020-2021,58,Mecklenburg County ,950,Park View Middle,               2
2020-2021,59,Middlesex County ,90,Middlesex High,               1
2020-2021,60,Montgomery County ,650,Auburn High,               4
2020-2021,60,Montgomery County ,760,Blacksburg High,              11
2020-2021,60,Montgomery County ,770,Christiansburg High,              20
2020-2021,60,Montgomery County ,671,Christiansburg Middle,               5
2020-2021,60,Montgomery County ,904,Eastern Montgomery High,               9
2020-2021,62,Nelson County ,710,Nelson County High,               7
2020-2021,63,New Kent County ,20,New Kent High ,               1
2020-2021,63,New Kent County ,100,New Kent Middle ,               1
2020-2021,117,Newport News City ,1393,Crittenden Middle,               3
2020-2021,117,Newport News City ,280,Denbigh High,              23
2020-2021,117,Newport News City ,1260,Ethel M. Gildersleeve Middle,               7
2020-2021,117,Newport News City ,1395,Heritage High,              27
2020-2021,117,Newport News City ,1270,Homer L. Hines Middle,              10
2020-2021,117,Newport News City ,20,J.M. Dozier Middle ,               7
2020-2021,117,Newport News City ,1400,Mary Passage Middle,               7
2020-2021,117,Newport News City ,1220,Menchville High,              32
2020-2021,117,Newport News City ,1070,Warwick High,              30
2020-2021,117,Newport News City ,1396,Woodside High,              12
2020-2021,118,Norfolk City ,760,Azalea Gardens Middle,               9
2020-2021,118,Norfolk City ,20,Blair Middle,               1
2020-2021,118,Norfolk City ,880,Booker T Washington High,              24
2020-2021,118,Norfolk City ,390,Granby High,              92
2020-2021,118,Norfolk City ,790,Lake Taylor,               3
2020-2021,118,Norfolk City ,840,Lake Taylor High ,              41
2020-2021,118,Norfolk City ,10,Matthew Fontaine Maury High,              46
2020-2021,118,Norfolk City ,490,Northside Middle,              11
2020-2021,118,Norfolk City ,580,Norview High,              53
2020-2021,118,Norfolk City ,570,Norview Middle,               8
2020-2021,118,Norfolk City ,770,Southside STEM Academy at Campostella ,               3
2020-2021,118,Norfolk City ,30,William H. Ruffner Middle,               5
2020-2021,65,Northampton County ,350,Northampton High,              11
2020-2021,66,Northumberland County ,40,Northumberland High,               2
2020-2021,119,Norton City ,20,J.I. Burton High ,               4
2020-2021,67,Nottoway County ,301,Nottoway High,              15
2020-2021,67,Nottoway County ,302,Nottoway Middle,               2
2020-2021,68,Orange County ,330,Orange County High ,               9
2020-2021,69,Page County ,110,Luray High,               3
2020-2021,69,Page County ,380,Page County High,               1
2020-2021,70,Patrick County ,350,Hardin Reynolds Elementary,               1
2020-2021,70,Patrick County ,700,Patrick County High,               9
2020-2021,120,Petersburg City ,200,Petersburg High,              27
2020-2021,120,Petersburg City ,121,Vernon Johns Middle,               5
2020-2021,71,Pittsylvania County ,1720,Chatham High,               8
2020-2021,71,Pittsylvania County ,1680,Dan River High,               6
2020-2021,71,Pittsylvania County ,1090,Dan River Middle,               1
2020-2021,71,Pittsylvania County ,1700,Gretna High,               6
2020-2021,71,Pittsylvania County ,290,Gretna Middle,               3
2020-2021,71,Pittsylvania County ,1730,Tunstall High,              10
2020-2021,142,Poquoson City ,10,Poquoson High,               4
2020-2021,142,Poquoson City ,130,Poquoson Middle,               3
2020-2021,121,Portsmouth City ,500,Churchland High,              19
2020-2021,121,Portsmouth City ,320,Churchland Middle,               7
2020-2021,121,Portsmouth City ,1130,Cradock Middle,               5
2020-2021,121,Portsmouth City ,240,I.C. Norcom High,              16
2020-2021,121,Portsmouth City ,310,William E. Waters Middle,               6
2020-2021,121,Portsmouth City ,1660,Woodrow Wilson High,              50
2020-2021,72,Powhatan County ,11,Powhatan High,               5
2020-2021,73,Prince Edward County ,400,Prince Edward County High,              26
2020-2021,73,Prince Edward County ,20,Prince Edward Middle,               2
2020-2021,74,Prince George County ,320,J.E.J. Moore Middle ,               6
2020-2021,74,Prince George County ,20,Prince George High,              22
2020-2021,75,Prince William County ,290,Battlefield High ,               8
2020-2021,75,Prince William County ,530,Brentsville District High,               9
2020-2021,75,Prince William County ,920,Bull Run Middle,               2
2020-2021,75,Prince William County ,710,C.D. Hylton High,              16
2020-2021,75,Prince William County ,5010,Charles J. Colgan Sr. High,              10
2020-2021,75,Prince William County ,870,Forest Park High,              33
2020-2021,75,Prince William County ,520,Fred M. Lynn Middle,               1
2020-2021,75,Prince William County ,300,Freedom High ,             115
2020-2021,75,Prince William County ,690,Gar-Field High,              84
2020-2021,75,Prince William County ,640,George M. Hampton Middle,               3
2020-2021,75,Prince William County ,510,Graham Park Middle,               1
2020-2021,75,Prince William County ,380,Herbert J. Saunders Middle,               1
2020-2021,75,Prince William County ,720,Lake Ridge Middle,               1
2020-2021,75,Prince William County ,80,Osbourn Park High,              44
2020-2021,75,Prince William County ,501,Parkside Middle,               1
2020-2021,75,Prince William County ,1060,Patriot High,               7
2020-2021,75,Prince William County ,140,Potomac High,              36
2020-2021,75,Prince William County ,170,Potomac Middle,               6
2020-2021,75,Prince William County ,591,Rippon Middle,               6
2020-2021,75,Prince William County ,780,Stuart M. Beville Middle,               2
2020-2021,75,Prince William County ,150,The Nokesville School,               1
2020-2021,75,Prince William County ,480,Unity Braxton Middle ,               2
2020-2021,75,Prince William County ,680,Unity Reed High,              96
2020-2021,75,Prince William County ,60,Woodbridge High,              59
2020-2021,75,Prince William County ,560,Woodbridge Middle,               1
2020-2021,77,Pulaski County ,10,Pulaski County Senior High,              12
2020-2021,122,Radford City ,41,Radford High,               3
2020-2021,78,Rappahannock County ,230,Rappahannock County High,               5
2020-2021,123,Richmond City ,30,Albert Hill Middle,               1
2020-2021,123,Richmond City ,750,Amelia Street Special Education,               1
2020-2021,123,Richmond City ,850,Armstrong High ,              42
2020-2021,123,Richmond City ,50,Binford Middle,               0
2020-2021,123,Richmond City ,621,Franklin Military Academy,               3
2020-2021,123,Richmond City ,741,George Wythe High,             198
2020-2021,123,Richmond City ,470,Henderson Middle,               6
2020-2021,123,Richmond City ,1510,Huguenot High,              79
2020-2021,123,Richmond City ,730,John Marshall High,              16
2020-2021,123,Richmond City ,3105,Lucille M. Brown Middle,               9
2020-2021,123,Richmond City ,770,Martin Luther King Jr. Middle ,               7
2020-2021,123,Richmond City ,90,Open High,               1
2020-2021,123,Richmond City ,3110,Richmond Alternative School,             109
2020-2021,123,Richmond City ,452,Richmond Community High,               2
2020-2021,123,Richmond City ,1631,River City Middle,              16
2020-2021,123,Richmond City ,480,Thomas C. Boushall Middle,               5
2020-2021,123,Richmond City ,20,Thomas Jefferson High,               9
2020-2021,79,Richmond County ,210,Rappahannock High,               3
2020-2021,124,Roanoke City ,280,Addison Aerospace Magnet Middle,               8
2020-2021,124,Roanoke City ,210,Breckinridge Middle,               1
2020-2021,124,Roanoke City ,450,James Madison Middle,               1
2020-2021,124,Roanoke City ,230,John P. Fishwick Middle,               3
2020-2021,124,Roanoke City ,390,Patrick Henry High,              50
2020-2021,124,Roanoke City ,400,William Fleming High,              81
2020-2021,124,Roanoke City ,150,Woodrow Wilson Middle,               2
2020-2021,80,Roanoke County ,470,Cave Spring High,               9
2020-2021,80,Roanoke County ,620,Cave Spring Middle,               2
2020-2021,80,Roanoke County ,610,Glenvar High,               9
2020-2021,80,Roanoke County ,754,Hidden Valley High,               3
2020-2021,80,Roanoke County ,520,Northside High,              12
2020-2021,80,Roanoke County ,640,Northside Middle,               2
2020-2021,80,Roanoke County ,630,William Byrd High,              14
2020-2021,81,Rockbridge County ,22,Rockbridge County High,              27
2020-2021,82,Rockingham County ,870,Broadway High,              13
2020-2021,82,Rockingham County ,391,East Rockingham High,               8
2020-2021,82,Rockingham County ,960,J. Frank Hillyard Middle,               2
2020-2021,82,Rockingham County ,20,Spotswood High,              11
2020-2021,82,Rockingham County ,850,Turner Ashby High,              10
2020-2021,83,Russell County ,791,Castlewood High,               2
2020-2021,83,Russell County ,540,Honaker High,              10
2020-2021,83,Russell County ,140,Lebanon High,               9
2020-2021,139,Salem City ,70,Salem High,              10
2020-2021,84,Scott County ,770,Gate City High,               8
2020-2021,84,Scott County ,771,Gate City Middle,               2
2020-2021,84,Scott County ,260,Rye Cove High,               3
2020-2021,85,Shenandoah County ,780,Central High,               5
2020-2021,85,Shenandoah County ,40,North Fork Middle,               2
2020-2021,85,Shenandoah County ,30,Peter Muhlenberg Middle,               1
2020-2021,85,Shenandoah County ,50,Signal Knob Middle,               1
2020-2021,85,Shenandoah County ,790,Stonewall Jackson High,               8
2020-2021,85,Shenandoah County ,770,Strasburg High,               1
2020-2021,86,Smyth County ,680,Marion Middle,               1
2020-2021,86,Smyth County ,700,Marion Senior High,               4
2020-2021,86,Smyth County ,120,Northwood Middle,               1
2020-2021,87,Southampton County ,690,Southampton High,              16
2020-2021,87,Southampton County ,700,Southampton Middle,               1
2020-2021,88,Spotsylvania County ,50,Battlefield Middle,               1
2020-2021,88,Spotsylvania County ,381,Chancellor High,              34
2020-2021,88,Spotsylvania County ,382,Chancellor Middle,               2
2020-2021,88,Spotsylvania County ,20,Courtland High,              20
2020-2021,88,Spotsylvania County ,509,Freedom Middle,               1
2020-2021,88,Spotsylvania County ,506,Massaponax High,              51
2020-2021,88,Spotsylvania County ,505,Ni River Middle,               1
2020-2021,88,Spotsylvania County ,220,Post Oak Middle,               5
2020-2021,88,Spotsylvania County ,510,Riverbend High ,              22
2020-2021,88,Spotsylvania County ,370,Spotsylvania High,              37
2020-2021,89,Stafford County ,421,Brooke Point High,              19
2020-2021,89,Stafford County ,424,Colonial Forge High,               9
2020-2021,89,Stafford County ,432,Donald B. Dixon-Lyle R. Smith Middle,               3
2020-2021,89,Stafford County ,10,Edward E. Drew Jr. Middle,               1
2020-2021,89,Stafford County ,422,H.H. Poole Middle,               4
2020-2021,89,Stafford County ,430,Mountain View High ,              10
2020-2021,89,Stafford County ,30,North Stafford High,              33
2020-2021,89,Stafford County ,426,Rodney E. Thompson Middle,               6
2020-2021,89,Stafford County ,440,Shirley C. Heim Middle,               3
2020-2021,89,Stafford County ,112,Stafford Middle,               2
2020-2021,89,Stafford County ,20,Stafford Senior High,              36
2020-2021,89,Stafford County ,162,T. Benton Gayle Middle,               3
2020-2021,126,Staunton City ,30,Staunton High,              25
2020-2021,127,Suffolk City ,397,Colonel Fred Cherry Middle,               3
2020-2021,127,Suffolk City ,370,John F. Kennedy Middle,               2
2020-2021,127,Suffolk City ,380,John Yeates Middle,               1
2020-2021,127,Suffolk City ,395,King's Fork High,              31
2020-2021,127,Suffolk City ,393,King's Fork Middle,               3
2020-2021,127,Suffolk City ,300,Lakeland High,              26
2020-2021,127,Suffolk City ,240,Nansemond River High,              15
2020-2021,90,Surry County ,10,Surry County High,               4
2020-2021,91,Sussex County ,340,Sussex Central High,               1
2020-2021,92,Tazewell County ,940,Graham High,               3
2020-2021,92,Tazewell County ,821,Richlands High,              13
2020-2021,92,Tazewell County ,890,Tazewell High,               3
2020-2021,128,Virginia Beach City ,530,Bayside High,              29
2020-2021,128,Virginia Beach City ,700,Bayside Middle,               3
2020-2021,128,Virginia Beach City ,790,Brandon Middle,               2
2020-2021,128,Virginia Beach City ,610,First Colonial High,              16
2020-2021,128,Virginia Beach City ,440,Floyd Kellam High,               5
2020-2021,128,Virginia Beach City ,30,Frank W. Cox High,              18
2020-2021,128,Virginia Beach City ,430,Great Neck Middle,               1
2020-2021,128,Virginia Beach City ,1050,Green Run Collegiate,               1
2020-2021,128,Virginia Beach City ,10,Green Run High,              21
2020-2021,128,Virginia Beach City ,740,Independence Middle,               2
2020-2021,128,Virginia Beach City ,620,Kempsville High,              24
2020-2021,128,Virginia Beach City ,690,Kempsville Middle,               1
2020-2021,128,Virginia Beach City ,1030,Landstown High,              13
2020-2021,128,Virginia Beach City ,931,Landstown Middle,               2
2020-2021,128,Virginia Beach City ,970,Larkspur Middle,               2
2020-2021,128,Virginia Beach City ,730,Lynnhaven Middle,               5
2020-2021,128,Virginia Beach City ,960,Ocean Lakes High,               8
2020-2021,128,Virginia Beach City ,640,Plaza Middle,               2
2020-2021,128,Virginia Beach City ,321,Princess Anne High,              18
2020-2021,128,Virginia Beach City ,750,Princess Anne Middle,               1
2020-2021,128,Virginia Beach City ,850,Salem High,               9
2020-2021,128,Virginia Beach City ,920,Tallwood High,              21
2020-2021,93,Warren County ,250,Skyline High,               6
2020-2021,93,Warren County ,260,Skyline Middle,               2
2020-2021,93,Warren County ,230,Warren County High,               9
2020-2021,94,Washington County ,1030,Abingdon High,               7
2020-2021,94,Washington County ,1090,Glade Spring Middle,               1
2020-2021,94,Washington County ,1060,Holston High,               2
2020-2021,94,Washington County ,1040,John S. Battle High,              12
2020-2021,94,Washington County ,1050,Patrick Henry High,               4
2020-2021,94,Washington County ,620,Wallace Middle,               1
2020-2021,130,Waynesboro City ,600,Waynesboro High,              12
2020-2021,207,West Point ,290,West Point Middle/High,               3
2020-2021,95,Westmoreland County ,300,Montross Middle,               1
2020-2021,95,Westmoreland County ,120,Washington & Lee High,               2
2020-2021,131,Williamsburg-James City County ,202,Jamestown High,              11
2020-2021,131,Williamsburg-James City County ,90,Lafayette High,              14
2020-2021,131,Williamsburg-James City County ,100,Toano Middle,               1
2020-2021,131,Williamsburg-James City County ,204,Warhill High,              22
2020-2021,132,Winchester City ,70,Daniel Morgan Middle School,               2
2020-2021,132,Winchester City ,40,John Handley High School,              45
2020-2021,96,Wise County ,1000,Central High,               2
2020-2021,96,Wise County ,652,Eastside High,               1
2020-2021,96,Wise County ,1010,Union High,               3
2020-2021,97,Wythe County ,760,Fort Chiswell High,               2
2020-2021,97,Wythe County ,721,George Wythe High,               5
2020-2021,97,Wythe County ,202,Rural Retreat High,               1
2020-2021,98,York County ,20,Bruton High,               6
2020-2021,98,York County ,332,Grafton High,               9
2020-2021,98,York County ,200,Queens Lake Middle,               1
2020-2021,98,York County ,230,Tabb High,               5
2020-2021,98,York County ,30,York High,               1
2020-2021,98,York County ,335,York River Academy,               1
