url,category,description,source,dataset_title,format
https://nces.ed.gov/ccd/Data/zip/ccd_sch_029_1819_w_0a_04082019_csv.zip,enrollment,"NCES CCD Public School Universe (national CSV zip; filter ST=15 HI, ST=51 VA)",,,
https://nces.ed.gov/ccd/data/zip/st991bxls.zip,enrollment,NCES CCD State Nonfiscal Survey (national; state-level enrollment/staff),,,
https://civilrightsdata.ed.gov/assets/downloads/2017-2018/School-Climate/Offenses/Offenses.xlsx,discipline,CRDC: 2017-18 Arrests Civil Rights Data Collection — Offenses,CRDC,2017-18 Arrests Civil Rights Data Collection,XLSX
https://civilrightsdata.ed.gov/assets/downloads/2017-2018/School-Climate/Arrests/School-Related-Arrest/School-Related-Arrest_by-no-disability.xlsx,discipline,CRDC: 2017-18 Arrests Civil Rights Data Collection — School-Related Arrests without disability,CRDC,2017-18 Arrests Civil Rights Data Collection,XLSX
https://civilrightsdata.ed.gov/assets/downloads/2017-2018/School-Climate/Arrests/School-Related-Arrest/School-Related-Arrest_by-disability-and-no.xlsx,discipline,CRDC: 2017-18 Arrests Civil Rights Data Collection — School-Related Arrests with and without disability,CRDC,2017-18 Arrests Civil Rights Data Collection,XLSX
https://civilrightsdata.ed.gov/assets/downloads/2017-2018/School-Climate/Arrests/School-Related-Arrest/School-Related-Arrest_by-disability.xlsx,discipline,CRDC: 2017-18 Arrests Civil Rights Data Collection — School-Related Arrests by disability,CRDC,2017-18 Arrests Civil Rights Data Collection,XLSX
https://civilrightsdata.ed.gov/assets/downloads/2017-2018/School-Climate/Arrests/Referred-to-Law-Enforcement/Referred-to-Law-Enforcement_by-no-disability.xlsx,discipline,CRDC: 2017-18 Arrests Civil Rights Data Collection — Referred to Law Enforcement without disability,CRDC,2017-18 Arrests Civil Rights Data Collection,XLSX
https://civilrightsdata.ed.gov/assets/downloads/2017-2018/School-Climate/Arrests/Referred-to-Law-Enforcement/Referred-to-Law-Enforcement_by-disability-and-no.xlsx,discipline,CRDC: 2017-18 Arrests Civil Rights Data Collection — Referred to Law Enforcement with and without disability,CRDC,2017-18 Arrests Civil Rights Data Collection,XLSX
https://civilrightsdata.ed.gov/assets/downloads/2017-2018/School-Climate/Arrests/Referred-to-Law-Enforcement/Referred-to-Law-Enforcement_by-disability.xlsx,discipline,CRDC: 2017-18 Arrests Civil Rights Data Collection — Referred to Law Enforcement by disability,CRDC,2017-18 Arrests Civil Rights Data Collection,XLSX
https://civilrightsdata.ed.gov/assets/downloads/2017-2018/Discipline/Discipline/Days-missed-due-to-OoS-Suspensions.xlsx,discipline,CRDC: 2017-18 Discipline Civil Rights Data Collection — Days missed due to out-of-school suspensions,CRDC,2017-18 Discipline Civil Rights Data Collection,XLSX
https://civilrightsdata.ed.gov/assets/downloads/2017-2018/Discipline/Discipline/Expulsions-w-and-wo-ed-service/Expulsions-w-and-wo-ed-service_by-disability-and-no.xlsx,discipline,CRDC: 2017-18 Discipline Civil Rights Data Collection — Expulsions with and without educational services,CRDC,2017-18 Discipline Civil Rights Data Collection,XLSX
https://civilrightsdata.ed.gov/assets/downloads/2017-2018/Discipline/Discipline/Expulsions-with-ed-service/Expulsions-with-ed-service_by-disability-and-no.xlsx,discipline,CRDC: 2017-18 Discipline Civil Rights Data Collection — Expulsions with educational services,CRDC,2017-18 Discipline Civil Rights Data Collection,XLSX
https://civilrightsdata.ed.gov/assets/downloads/2017-2018/Discipline/Discipline/More-Than-One-Oos-Suspensions/More-Than-One-OoS-Suspensions_by-disability-and-no.xlsx,discipline,CRDC: 2017-18 Discipline Civil Rights Data Collection — More than one out-of-school suspension,CRDC,2017-18 Discipline Civil Rights Data Collection,XLSX
https://civilrightsdata.ed.gov/assets/downloads/2017-2018/Discipline/Discipline/One-or-More-In-School-Suspensions/One-or-More-In-School-Suspensions_by-disability-and-no.xlsx,discipline,CRDC: 2017-18 Discipline Civil Rights Data Collection — In-school suspension,CRDC,2017-18 Discipline Civil Rights Data Collection,XLSX
https://civilrightsdata.ed.gov/assets/downloads/2017-2018/Discipline/Discipline/Expulsions-without-ed-service/Expulsions-without-ed-service_by-disability-and-no.xlsx,discipline,CRDC: 2017-18 Discipline Civil Rights Data Collection — Expulsions without educational services,CRDC,2017-18 Discipline Civil Rights Data Collection,XLSX
https://civilrightsdata.ed.gov/assets/downloads/2017-2018/Discipline/Discipline/One-or-More-Oos-Suspensions/One-or-More-OoS-Suspensions_by-disability-and-no.xlsx,discipline,CRDC: 2017-18 Discipline Civil Rights Data Collection — One or more out-of-school suspensions,CRDC,2017-18 Discipline Civil Rights Data Collection,XLSX
https://civilrightsdata.ed.gov/assets/downloads/2017-2018/Discipline/Discipline/One-Out-of-School%20Suspensions/One-Out-of-School-Suspensions_by-disability-and-no.xlsx,discipline,CRDC: 2017-18 Discipline Civil Rights Data Collection — One out-of-school suspension,CRDC,2017-18 Discipline Civil Rights Data Collection,XLSX
https://civilrightsdata.ed.gov/assets/downloads/2017-2018/Discipline/Discipline/Corporal-Punishment/Corporal-Punishment_by-Disability-and-no.xlsx,discipline,CRDC: 2017-18 Discipline Civil Rights Data Collection — Corporal punishment,CRDC,2017-18 Discipline Civil Rights Data Collection,XLSX
https://civilrightsdata.ed.gov/assets/downloads/2017-2018/Student-Enrollment/Preschool-Enrollment/Preschool-Enrollment.xlsx,enrollment,CRDC: 2017-18 Student Enrollment Civil Rights Data Collection — Preschool Enrollment,CRDC,2017-18 Student Enrollment Civil Rights Data Collection,XLSX
https://civilrightsdata.ed.gov/assets/downloads/2017-2018/Student-Enrollment/All-Enrollment/Enrollment-Limited-English-Proficient.xlsx,enrollment,CRDC: 2017-18 Student Enrollment Civil Rights Data Collection — Enrollment-Limited-English-Proficient.xlsx,CRDC,2017-18 Student Enrollment Civil Rights Data Collection,XLSX
https://civilrightsdata.ed.gov/assets/downloads/2017-2018/Student-Enrollment/All-Enrollment/Enrollment-Section-504-only.xlsx,enrollment,CRDC: 2017-18 Student Enrollment Civil Rights Data Collection — Enrollment-Section-504-only.xlsx,CRDC,2017-18 Student Enrollment Civil Rights Data Collection,XLSX
https://civilrightsdata.ed.gov/assets/downloads/2017-2018/Student-Enrollment/All-Enrollment/Enrollment-IDEA.xlsx,enrollment,CRDC: 2017-18 Student Enrollment Civil Rights Data Collection — Enrollment-IDEA.xlsx,CRDC,2017-18 Student Enrollment Civil Rights Data Collection,XLSX
https://civilrightsdata.ed.gov/assets/downloads/2017-2018/Student-Enrollment/All-Enrollment/Enrollment-Overall.xlsx,enrollment,CRDC: 2017-18 Student Enrollment Civil Rights Data Collection — Enrollment-Overall.xlsx,CRDC,2017-18 Student Enrollment Civil Rights Data Collection,XLSX
https://civilrightsdata.ed.gov/assets/downloads/2017-2018/School-Staff/School-Support-Staff/Counselors_High-School.xlsx,teachers,CRDC: 2017-18 School Staff Civil Rights Data Collection — Counselors High School,CRDC,2017-18 School Staff Civil Rights Data Collection,XLSX
https://civilrightsdata.ed.gov/assets/downloads/2017-2018/School-Staff/Classroom-Teachers/Teacher-Certification-and-Years-of-Experience.xlsx,teachers,CRDC: 2017-18 School Staff Civil Rights Data Collection — Teacher Certification and Years of Experience,CRDC,2017-18 School Staff Civil Rights Data Collection,XLSX
https://civilrightsdata.ed.gov/assets/downloads/2017-2018/School-Programs/International-Baccalaureate-(IB)/IB-Enrollment-by-state.xlsx,enrollment,CRDC: 2017-18 School Programs Civil Rights Data Collection — International Baccalaureate Enrollment,CRDC,2017-18 School Programs Civil Rights Data Collection,XLSX
https://civilrightsdata.ed.gov/assets/downloads/2017-2018/School-Programs/Gifted-and-Talented/Gifted-Talented-Enrollment.xlsx,enrollment,CRDC: 2017-18 School Programs Civil Rights Data Collection — Gifted and Talented Enrollment,CRDC,2017-18 School Programs Civil Rights Data Collection,XLSX
https://civilrightsdata.ed.gov/assets/downloads/2017-2018/School-Programs/English-Language-Instruction-Education-Programs/English-Language-Instruction-Programs.xlsx,other,CRDC: 2017-18 School Programs Civil Rights Data Collection — English Language Instruction Program Enrollment,CRDC,2017-18 School Programs Civil Rights Data Collection,XLSX
https://civilrightsdata.ed.gov/assets/downloads/2017-2018/Discipline/Discipline/Preschool-Discipline.xlsx,discipline,CRDC: 2017-18 Preschool Discipline Civil Rights Data Collection — Incidents of Preschool corporal punishment and suspension,CRDC,2017-18 Preschool Discipline Civil Rights Data Collection,XLSX
https://civilrightsdata.ed.gov/assets/downloads/2017-2018/Discipline/Discipline/Preschool-One-or-More-Out-of-School-Suspensions.xlsx,discipline,CRDC: 2017-18 Preschool Discipline Civil Rights Data Collection — Preschool one or more out-of-school suspensions,CRDC,2017-18 Preschool Discipline Civil Rights Data Collection,XLSX
https://civilrightsdata.ed.gov/assets/downloads/2017-2018/Discipline/Discipline/Preschool-One-Out-of-School-Suspension.xlsx,discipline,CRDC: 2017-18 Preschool Discipline Civil Rights Data Collection — Preschool one out-of-school suspension,CRDC,2017-18 Preschool Discipline Civil Rights Data Collection,XLSX
https://civilrightsdata.ed.gov/assets/downloads/2017-2018/Discipline/Discipline/Preschool-Expulsions.xlsx,discipline,CRDC: 2017-18 Preschool Discipline Civil Rights Data Collection — Preschool expulsions,CRDC,2017-18 Preschool Discipline Civil Rights Data Collection,XLSX
https://civilrightsdata.ed.gov/assets/downloads/2017-2018/Discipline/Discipline/Preschool-More-than-One-Out-of-School-Suspension.xlsx,discipline,CRDC: 2017-18 Preschool Discipline Civil Rights Data Collection — Preschool more than one out-of-school suspension,CRDC,2017-18 Preschool Discipline Civil Rights Data Collection,XLSX
https://civilrightsdata.ed.gov/assets/downloads/2017-2018/Discipline/Discipline/Preschool-Corporal-Punishment.xlsx,discipline,CRDC: 2017-18 Preschool Discipline Civil Rights Data Collection — Preschool corporal punishment,CRDC,2017-18 Preschool Discipline Civil Rights Data Collection,XLSX
https://civilrightsdata.ed.gov/assets/downloads/2017-2018/Student-Retention/Retention-(by-grade)/Retention-in-Grade-12.xlsx,other,CRDC: 2017-18 Student Retention Civil Rights Data Collection — Grade 12,CRDC,2017-18 Student Retention Civil Rights Data Collection,XLSX
https://civilrightsdata.ed.gov/assets/downloads/2017-2018/Student-Retention/Retention-(by-grade)/Retention-in-Grade-11.xlsx,other,CRDC: 2017-18 Student Retention Civil Rights Data Collection — Grade 11,CRDC,2017-18 Student Retention Civil Rights Data Collection,XLSX
https://civilrightsdata.ed.gov/assets/downloads/2017-2018/Student-Retention/Retention-(by-grade)/Retention-in-Grade-10.xlsx,other,CRDC: 2017-18 Student Retention Civil Rights Data Collection — Grade 10,CRDC,2017-18 Student Retention Civil Rights Data Collection,XLSX
https://civilrightsdata.ed.gov/assets/downloads/2017-2018/Student-Retention/Retention-(by-grade)/Retention-in-Grade-9.xlsx,other,CRDC: 2017-18 Student Retention Civil Rights Data Collection — Grade 9,CRDC,2017-18 Student Retention Civil Rights Data Collection,XLSX
https://civilrightsdata.ed.gov/assets/downloads/2017-2018/Student-Retention/Retention-(by-grade)/Retention-in-Grade-8.xlsx,other,CRDC: 2017-18 Student Retention Civil Rights Data Collection — Grade 8,CRDC,2017-18 Student Retention Civil Rights Data Collection,XLSX
https://civilrightsdata.ed.gov/assets/downloads/2017-2018/Student-Retention/Retention-(by-grade)/Retention-in-Grade-7.xlsx,other,CRDC: 2017-18 Student Retention Civil Rights Data Collection — Grade 7,CRDC,2017-18 Student Retention Civil Rights Data Collection,XLSX
https://civilrightsdata.ed.gov/assets/downloads/2017-2018/Student-Retention/Retention-(by-grade)/Retention-in-Grade-6.xlsx,other,CRDC: 2017-18 Student Retention Civil Rights Data Collection — Grade 6,CRDC,2017-18 Student Retention Civil Rights Data Collection,XLSX
https://civilrightsdata.ed.gov/assets/downloads/2017-2018/Student-Retention/Retention-(by-grade)/Retention-in-Grade-5.xlsx,other,CRDC: 2017-18 Student Retention Civil Rights Data Collection — Grade 5,CRDC,2017-18 Student Retention Civil Rights Data Collection,XLSX
https://civilrightsdata.ed.gov/assets/downloads/2017-2018/Student-Retention/Retention-(by-grade)/Retention-in-Grade-4.xlsx,other,CRDC: 2017-18 Student Retention Civil Rights Data Collection — Grade 4,CRDC,2017-18 Student Retention Civil Rights Data Collection,XLSX
https://civilrightsdata.ed.gov/assets/downloads/2017-2018/Student-Retention/Retention-(by-grade)/Retention-in-Grade-3.xlsx,other,CRDC: 2017-18 Student Retention Civil Rights Data Collection — Grade 3,CRDC,2017-18 Student Retention Civil Rights Data Collection,XLSX
https://civilrightsdata.ed.gov/assets/downloads/2017-2018/Student-Retention/Retention-(by-grade)/Retention-in-Grade-2.xlsx,other,CRDC: 2017-18 Student Retention Civil Rights Data Collection — Grade 2,CRDC,2017-18 Student Retention Civil Rights Data Collection,XLSX
https://civilrightsdata.ed.gov/assets/downloads/2017-2018/Student-Retention/Retention-(by-grade)/Retention-in-Grade-1.xlsx,other,CRDC: 2017-18 Student Retention Civil Rights Data Collection — Grade 1,CRDC,2017-18 Student Retention Civil Rights Data Collection,XLSX
https://civilrightsdata.ed.gov/assets/downloads/2017-2018/Student-Retention/Retention-(by-grade)/Retention-in-Kindergarten.xlsx,other,CRDC: 2017-18 Student Retention Civil Rights Data Collection — Kindergarten,CRDC,2017-18 Student Retention Civil Rights Data Collection,XLSX
https://civilrightsdata.ed.gov/assets/downloads/2017-2018/College-Prepatory-Exams/SAT-ACT/SAT-or-ACT-Participation-by-state.xlsx,other,CRDC: 2017-18 College Preparatory Exams Civil Rights Data Collection — SAT/ACT Participation,CRDC,2017-18 College Preparatory Exams Civil Rights Data Collection,XLSX
https://civilrightsdata.ed.gov/assets/downloads/2017-2018/College-Prepatory-Exams/Advanced-Placement-Exams/Advanced-Placement-Participation-by-state_Took-Exam.xlsx,other,CRDC: 2017-18 College Preparatory Exams Civil Rights Data Collection — Took AP Exam,CRDC,2017-18 College Preparatory Exams Civil Rights Data Collection,XLSX
https://civilrightsdata.ed.gov/assets/downloads/2017-2018/College-Prepatory-Exams/Advanced-Placement-Exams/Advanced-Placement-Participation-by-state_Did-Not-Take-Exam.xlsx,other,CRDC: 2017-18 College Preparatory Exams Civil Rights Data Collection — Did not take AP Exam,CRDC,2017-18 College Preparatory Exams Civil Rights Data Collection,XLSX
https://civilrightsdata.ed.gov/assets/downloads/2017-2018/Course-Enrollment/Advanced-Placement-(courses)/Advanced-Placement-Other-Subjects-Enrollment.xlsx,enrollment,CRDC: 2017-18 Advanced Placement Courses Civil Rights Data Collection — AP other subjects,CRDC,2017-18 Advanced Placement Courses Civil Rights Data Collection,XLSX
https://civilrightsdata.ed.gov/assets/downloads/2017-2018/Course-Enrollment/Advanced-Placement-(courses)/Advanced-Placement-Science-Enrollment.xlsx,enrollment,CRDC: 2017-18 Advanced Placement Courses Civil Rights Data Collection — AP science,CRDC,2017-18 Advanced Placement Courses Civil Rights Data Collection,XLSX
https://civilrightsdata.ed.gov/assets/downloads/2017-2018/Course-Enrollment/Advanced-Placement-(courses)/Advanced-Placement-Mathematics-Enrollment.xlsx,enrollment,CRDC: 2017-18 Advanced Placement Courses Civil Rights Data Collection — AP mathematics,CRDC,2017-18 Advanced Placement Courses Civil Rights Data Collection,XLSX
https://civilrightsdata.ed.gov/assets/downloads/2017-2018/Course-Enrollment/Advanced-Placement-(courses)/Advanced-Placement-Enrollment.xlsx,enrollment,CRDC: 2017-18 Advanced Placement Courses Civil Rights Data Collection — Advanced Placement Total Enrollment,CRDC,2017-18 Advanced Placement Courses Civil Rights Data Collection,XLSX
https://civilrightsdata.ed.gov/assets/downloads/2017-2018/School-Climate/Harassment-or-Bullying/Harassment-Bullying-on-basis-of-disability_discplined.xlsx,discipline,CRDC: 2017-18 Harassment or Bullying Civil Rights Data Collection — On basis of disability - disciplined,CRDC,2017-18 Harassment or Bullying Civil Rights Data Collection,XLSX
https://civilrightsdata.ed.gov/assets/downloads/2017-2018/School-Climate/Harassment-or-Bullying/Harassment-Bullying-on-basis-of-disability_reported.xlsx,discipline,CRDC: 2017-18 Harassment or Bullying Civil Rights Data Collection — On basis of disability - reported,CRDC,2017-18 Harassment or Bullying Civil Rights Data Collection,XLSX
https://civilrightsdata.ed.gov/assets/downloads/2017-2018/School-Climate/Harassment-or-Bullying/Harassment-Bullying-on-basis-of-race_disciplined.xlsx,discipline,CRDC: 2017-18 Harassment or Bullying Civil Rights Data Collection — On basis of race - disciplined,CRDC,2017-18 Harassment or Bullying Civil Rights Data Collection,XLSX
https://civilrightsdata.ed.gov/assets/downloads/2017-2018/School-Climate/Harassment-or-Bullying/Harassment-Bullying-on-basis-of-race_reported.xlsx,discipline,CRDC: 2017-18 Harassment or Bullying Civil Rights Data Collection — On basis of race - reported,CRDC,2017-18 Harassment or Bullying Civil Rights Data Collection,XLSX
https://civilrightsdata.ed.gov/assets/downloads/2017-2018/School-Climate/Harassment-or-Bullying/Harassment-Bullying-on-basis-of-sex_disciplined.xlsx,discipline,CRDC: 2017-18 Harassment or Bullying Civil Rights Data Collection — On basis of sex - disciplined,CRDC,2017-18 Harassment or Bullying Civil Rights Data Collection,XLSX
https://civilrightsdata.ed.gov/assets/downloads/2017-2018/School-Climate/Harassment-or-Bullying/Harassment-Bullying-on-basis-of-sex_reported.xlsx,discipline,CRDC: 2017-18 Harassment or Bullying Civil Rights Data Collection — On basis of sex - reported,CRDC,2017-18 Harassment or Bullying Civil Rights Data Collection,XLSX
https://civilrightsdata.ed.gov/assets/downloads/2017-2018/Course-Enrollment/Mathematics-and-Science/Enrollment-in-Physics.xlsx,enrollment,CRDC: 2017-18 Mathematics and Science Civil Rights Data Collection — Physics,CRDC,2017-18 Mathematics and Science Civil Rights Data Collection,XLSX
https://civilrightsdata.ed.gov/assets/downloads/2017-2018/Course-Enrollment/Mathematics-and-Science/Enrollment-in-Chemistry.xlsx,enrollment,CRDC: 2017-18 Mathematics and Science Civil Rights Data Collection — Chemistry,CRDC,2017-18 Mathematics and Science Civil Rights Data Collection,XLSX
https://civilrightsdata.ed.gov/assets/downloads/2017-2018/Course-Enrollment/Mathematics-and-Science/Enrollment-in-Biology.xlsx,enrollment,CRDC: 2017-18 Mathematics and Science Civil Rights Data Collection — Biology,CRDC,2017-18 Mathematics and Science Civil Rights Data Collection,XLSX
https://civilrightsdata.ed.gov/assets/downloads/2017-2018/Course-Enrollment/Mathematics-and-Science/Enrollment-in-Advanced-Mathematics.xlsx,enrollment,CRDC: 2017-18 Mathematics and Science Civil Rights Data Collection — Advanced mathematics,CRDC,2017-18 Mathematics and Science Civil Rights Data Collection,XLSX
https://civilrightsdata.ed.gov/assets/downloads/2017-2018/Course-Enrollment/Mathematics-and-Science/Enrollment-in-Algebra-II.xlsx,enrollment,CRDC: 2017-18 Mathematics and Science Civil Rights Data Collection — Algebra II,CRDC,2017-18 Mathematics and Science Civil Rights Data Collection,XLSX
https://civilrightsdata.ed.gov/assets/downloads/2017-2018/Course-Enrollment/Mathematics-and-Science/Enrollment-in-Geometry-in-High-School.xlsx,enrollment,CRDC: 2017-18 Mathematics and Science Civil Rights Data Collection — Geometry in high school,CRDC,2017-18 Mathematics and Science Civil Rights Data Collection,XLSX
https://civilrightsdata.ed.gov/assets/downloads/2017-2018/Course-Enrollment/Mathematics-and-Science/Enrollment-in-Geometry-in-Grade-8.xlsx,enrollment,CRDC: 2017-18 Mathematics and Science Civil Rights Data Collection — Geometry Grade 8,CRDC,2017-18 Mathematics and Science Civil Rights Data Collection,XLSX
https://civilrightsdata.ed.gov/assets/downloads/2017-2018/Course-Enrollment/Mathematics-and-Science/Enrollment-in-Algebra-I_Grades-11-12.xlsx,enrollment,CRDC: 2017-18 Mathematics and Science Civil Rights Data Collection — Algebra I Grades 11-12,CRDC,2017-18 Mathematics and Science Civil Rights Data Collection,XLSX
https://civilrightsdata.ed.gov/assets/downloads/2017-2018/Course-Enrollment/Mathematics-and-Science/Enrollment-in-Algebra-I_Grades-9-10.xlsx,enrollment,CRDC: 2017-18 Mathematics and Science Civil Rights Data Collection — Algebra I Grades 9-10,CRDC,2017-18 Mathematics and Science Civil Rights Data Collection,XLSX
https://civilrightsdata.ed.gov/assets/downloads/2017-2018/Course-Enrollment/Mathematics-and-Science/Enrollment-in-Algebra-I_Grade-8.xlsx,enrollment,CRDC: 2017-18 Mathematics and Science Civil Rights Data Collection — Algebra I Grade 8,CRDC,2017-18 Mathematics and Science Civil Rights Data Collection,XLSX
https://civilrightsdata.ed.gov/assets/downloads/2017-2018/Course-Enrollment/Mathematics-and-Science/Enrollment-in-Algebra-I_Grade-7.xlsx,enrollment,CRDC: 2017-18 Mathematics and Science Civil Rights Data Collection — Algebra I Grade 7,CRDC,2017-18 Mathematics and Science Civil Rights Data Collection,XLSX
https://civilrightsdata.ed.gov/assets/downloads/2017-2018/Course-Enrollment/Mathematics-and-Science/High-Schools-Offering-Science-Classes.xlsx,enrollment,CRDC: 2017-18 Mathematics and Science Civil Rights Data Collection — High schools offering science courses,CRDC,2017-18 Mathematics and Science Civil Rights Data Collection,XLSX
https://civilrightsdata.ed.gov/assets/downloads/2017-2018/Course-Enrollment/Mathematics-and-Science/High-Schools-Offering-Mathematics-Classes.xlsx,enrollment,CRDC: 2017-18 Mathematics and Science Civil Rights Data Collection — High schools offering mathematics courses,CRDC,2017-18 Mathematics and Science Civil Rights Data Collection,XLSX
https://civilrightsdata.ed.gov/assets/downloads/2017-2018/Course-Enrollment/Mathematics-and-Science/Middle-Schools-Offering-Mathematics-Classes.xlsx,enrollment,CRDC: 2017-18 Mathematics and Science Civil Rights Data Collection — Middle schools offering mathematics courses,CRDC,2017-18 Mathematics and Science Civil Rights Data Collection,XLSX
https://civilrightsdata.ed.gov/assets/downloads/2017-2018/Restraint-and-Seclusion/Restraint-and-Seclusion/Restraint-or-Seclusion.Students-not-served-under-IDEA_phys.xlsx,other,CRDC: 2017-18 Restraint and Seclusion Civil Rights Data Collection — Physical restraint Non IDEA,CRDC,2017-18 Restraint and Seclusion Civil Rights Data Collection,XLSX
https://civilrightsdata.ed.gov/assets/downloads/2017-2018/Restraint-and-Seclusion/Restraint-and-Seclusion/Restraint-or-Seclusion.Students-not-served-under-IDEA_seclusion.xlsx,other,CRDC: 2017-18 Restraint and Seclusion Civil Rights Data Collection — Seclusion Non IDEA,CRDC,2017-18 Restraint and Seclusion Civil Rights Data Collection,XLSX
https://civilrightsdata.ed.gov/assets/downloads/2017-2018/Restraint-and-Seclusion/Restraint-and-Seclusion/Restraint-or-Seclusion.Students-served-under-IDEA_seclusion.xlsx,other,CRDC: 2017-18 Restraint and Seclusion Civil Rights Data Collection — Seclusion IDEA,CRDC,2017-18 Restraint and Seclusion Civil Rights Data Collection,XLSX
https://civilrightsdata.ed.gov/assets/downloads/2017-2018/Restraint-and-Seclusion/Restraint-and-Seclusion/Restraint-or-Seclusion.Students-under-IDEA-or-not_secl.xlsx,other,CRDC: 2017-18 Restraint and Seclusion Civil Rights Data Collection — Seclusion IDEA/Non IDEA,CRDC,2017-18 Restraint and Seclusion Civil Rights Data Collection,XLSX
https://civilrightsdata.ed.gov/assets/downloads/2017-2018/Restraint-and-Seclusion/Restraint-and-Seclusion/Restraint-or-Seclusion.Students-served-under-IDEA_phys.xlsx,other,CRDC: 2017-18 Restraint and Seclusion Civil Rights Data Collection — Physical restraint IDEA,CRDC,2017-18 Restraint and Seclusion Civil Rights Data Collection,XLSX
https://civilrightsdata.ed.gov/assets/downloads/2017-2018/Restraint-and-Seclusion/Restraint-and-Seclusion/Restraint-or-Seclusion.Students-under-IDEA-or-not_phys.xlsx,other,CRDC: 2017-18 Restraint and Seclusion Civil Rights Data Collection — Physical restraint IDEA/Non IDEA,CRDC,2017-18 Restraint and Seclusion Civil Rights Data Collection,XLSX
https://civilrightsdata.ed.gov/assets/downloads/2017-2018/Restraint-and-Seclusion/Restraint-and-Seclusion/Restraint-or-Seclusion.Students-not-served-under-IDEA_mech.xlsx,other,CRDC: 2017-18 Restraint and Seclusion Civil Rights Data Collection — Mechanical restraint Non IDEA,CRDC,2017-18 Restraint and Seclusion Civil Rights Data Collection,XLSX
https://civilrightsdata.ed.gov/assets/downloads/2017-2018/Restraint-and-Seclusion/Restraint-and-Seclusion/Restraint-or-Seclusion.Students-served-under-IDEA_mech.xlsx,other,CRDC: 2017-18 Restraint and Seclusion Civil Rights Data Collection — Mechanical restraint IDEA,CRDC,2017-18 Restraint and Seclusion Civil Rights Data Collection,XLSX
https://civilrightsdata.ed.gov/assets/downloads/2017-2018/Restraint-and-Seclusion/Restraint-and-Seclusion/Restraint-or-Seclusion.Students-under-IDEA-or-not_mech.xlsx,other,CRDC: 2017-18 Restraint and Seclusion Civil Rights Data Collection — Mechanical restraint IDEA/Non IDEA,CRDC,2017-18 Restraint and Seclusion Civil Rights Data Collection,XLSX
https://civilrightsdata.ed.gov/assets/ocr/docs/2017-18-crdc-data.zip,other,CRDC: Civil Rights Data Collection (CRDC) for the 2017-18 school year — 2017-18-crdc-data.zip,CRDC,Civil Rights Data Collection (CRDC) for the 2017-18 school year,ZIP
https://data-nces.opendata.arcgis.com/api/download/v1/items/b480c30aa8654d23be9b79a0feb436e3/csv?layers=0,other,CRDC: Public School Characteristics 2021-22 — CSV,CRDC,Public School Characteristics 2021-22,CSV
https://data-nces.opendata.arcgis.com/api/download/v1/items/b480c30aa8654d23be9b79a0feb436e3/shapefile?layers=0,other,CRDC: Public School Characteristics 2021-22 — Shapefile,CRDC,Public School Characteristics 2021-22,ZIP
https://data-nces.opendata.arcgis.com/api/download/v1/items/71710fd5ae9a43768f221c89e8ff7bb0/csv?layers=0,other,CRDC: School District Characteristics 2021-22 — CSV,CRDC,School District Characteristics 2021-22,CSV
https://data-nces.opendata.arcgis.com/api/download/v1/items/71710fd5ae9a43768f221c89e8ff7bb0/shapefile?layers=0,other,CRDC: School District Characteristics 2021-22 — Shapefile,CRDC,School District Characteristics 2021-22,ZIP
https://data-nces.opendata.arcgis.com/api/download/v1/items/ca8a6ea2361049fdb48de07988f953ff/csv?layers=0,other,CRDC: School District Characteristics 2020-21 — CSV,CRDC,School District Characteristics 2020-21,CSV
https://data-nces.opendata.arcgis.com/api/download/v1/items/ca8a6ea2361049fdb48de07988f953ff/shapefile?layers=0,other,CRDC: School District Characteristics 2020-21 — Shapefile,CRDC,School District Characteristics 2020-21,ZIP
https://data-nces.opendata.arcgis.com/datasets/nces::school-district-characteristics-2020-21.zip,other,CRDC: School District Characteristics 2020-21 — School District Characteristics 2020-21,CRDC,School District Characteristics 2020-21,ZIP
https://data-nces.opendata.arcgis.com/datasets/nces::school-district-characteristics-2020-21.csv?where=1=1&outSR=%7B%22latestWkid%22%3A4269%2C%22wkid%22%3A4269%7D,test_scores,CRDC: School District Characteristics 2020-21 — CSV,CRDC,School District Characteristics 2020-21,CSV
https://data-nces.opendata.arcgis.com/datasets/nces::school-district-characteristics-2020-21.zip?where=1=1&outSR=%7B%22latestWkid%22%3A4269%2C%22wkid%22%3A4269%7D,test_scores,CRDC: School District Characteristics 2020-21 — Shapefile,CRDC,School District Characteristics 2020-21,ZIP
https://data-nces.opendata.arcgis.com/api/download/v1/items/9c46f665e0ec499a8a06e2f31f5831fd/csv?layers=0,other,CRDC: School District Characteristics 2017-18 — CSV,CRDC,School District Characteristics 2017-18,CSV
https://data-nces.opendata.arcgis.com/api/download/v1/items/9c46f665e0ec499a8a06e2f31f5831fd/shapefile?layers=0,other,CRDC: School District Characteristics 2017-18 — Shapefile,CRDC,School District Characteristics 2017-18,ZIP
https://data-nces.opendata.arcgis.com/datasets/nces::school-district-characteristics-2017-18.zip,other,CRDC: School District Characteristics 2017-18 — School District Characteristics 2017-18,CRDC,School District Characteristics 2017-18,ZIP
https://nces.ed.gov/programs/edge/data/TL_2018_SD.zip,other,CRDC: School District Characteristics 2017-18 — Layers by District Type,CRDC,School District Characteristics 2017-18,ZIP
https://data-nces.opendata.arcgis.com/datasets/nces::school-district-characteristics-2017-18.csv?outSR=%7B%22latestWkid%22%3A4269%2C%22wkid%22%3A4269%7D,test_scores,CRDC: School District Characteristics 2017-18 — CSV,CRDC,School District Characteristics 2017-18,CSV
https://data-nces.opendata.arcgis.com/datasets/nces::school-district-characteristics-2017-18.zip?outSR=%7B%22latestWkid%22%3A4269%2C%22wkid%22%3A4269%7D,test_scores,CRDC: School District Characteristics 2017-18 — Shapefile,CRDC,School District Characteristics 2017-18,ZIP
https://nces.ed.gov/programs/edge/data/TL_2021_SD.zip,other,CRDC: School District Characteristics 2020-21 — Layers by District Type,CRDC,School District Characteristics 2020-21,ZIP
https://data-nces.opendata.arcgis.com/datasets/nces::school-district-characteristics-2020-21.csv?outSR=%7B%22latestWkid%22%3A4326%2C%22wkid%22%3A4326%7D,test_scores,CRDC: School District Characteristics 2020-21 — CSV,CRDC,School District Characteristics 2020-21,CSV
https://data-nces.opendata.arcgis.com/datasets/nces::school-district-characteristics-2020-21.zip?outSR=%7B%22latestWkid%22%3A4326%2C%22wkid%22%3A4326%7D,test_scores,CRDC: School District Characteristics 2020-21 — Shapefile,CRDC,School District Characteristics 2020-21,ZIP
https://data-nces.opendata.arcgis.com/datasets/nces::school-district-characteristics-2017-18.csv?where=1=1&outSR=%7B%22latestWkid%22%3A4269%2C%22wkid%22%3A4269%7D,test_scores,CRDC: School District Characteristics 2017-18 — CSV,CRDC,School District Characteristics 2017-18,CSV
https://data-nces.opendata.arcgis.com/datasets/nces::school-district-characteristics-2017-18.zip?where=1=1&outSR=%7B%22latestWkid%22%3A4269%2C%22wkid%22%3A4269%7D,test_scores,CRDC: School District Characteristics 2017-18 — Shapefile,CRDC,School District Characteristics 2017-18,ZIP
https://data-nces.opendata.arcgis.com/api/download/v1/items/e3cbd4087f144ec5ac3b31094ec84199/csv?layers=0,other,CRDC: Public School Characteristics 2020-21 — CSV,CRDC,Public School Characteristics 2020-21,CSV
https://data-nces.opendata.arcgis.com/api/download/v1/items/e3cbd4087f144ec5ac3b31094ec84199/shapefile?layers=0,other,CRDC: Public School Characteristics 2020-21 — Shapefile,CRDC,Public School Characteristics 2020-21,ZIP
https://data-nces.opendata.arcgis.com/datasets/nces::public-school-characteristics-2020-21.zip,other,CRDC: Public School Characteristics 2020-21 — Public School Characteristics 2020-21,CRDC,Public School Characteristics 2020-21,ZIP
https://nces.ed.gov/programs/edge/data/EDGE_GEOCODE_PUBLICLEA_2021.zip,other,CRDC: Public School Characteristics 2020-21 — Public School District File,CRDC,Public School Characteristics 2020-21,ZIP
https://data-nces.opendata.arcgis.com/datasets/nces::public-school-characteristics-2020-21.csv?outSR=%7B%22latestWkid%22%3A4326%2C%22wkid%22%3A4326%7D,test_scores,CRDC: Public School Characteristics 2020-21 — CSV,CRDC,Public School Characteristics 2020-21,CSV
https://data-nces.opendata.arcgis.com/datasets/nces::public-school-characteristics-2020-21.zip?outSR=%7B%22latestWkid%22%3A4326%2C%22wkid%22%3A4326%7D,test_scores,CRDC: Public School Characteristics 2020-21 — Shapefile,CRDC,Public School Characteristics 2020-21,ZIP
https://data-nces.opendata.arcgis.com/datasets/nces::public-school-characteristics-2020-21.csv?where=1=1&outSR=%7B%22latestWkid%22%3A4326%2C%22wkid%22%3A4326%7D,test_scores,CRDC: Public School Characteristics 2020-21 — CSV,CRDC,Public School Characteristics 2020-21,CSV
https://data-nces.opendata.arcgis.com/datasets/nces::public-school-characteristics-2020-21.zip?where=1=1&outSR=%7B%22latestWkid%22%3A4326%2C%22wkid%22%3A4326%7D,test_scores,CRDC: Public School Characteristics 2020-21 — Shapefile,CRDC,Public School Characteristics 2020-21,ZIP
https://data-nces.opendata.arcgis.com/api/download/v1/items/075dafd36b3443abb45332f1ef396f09/csv?layers=0,other,CRDC: Public School Characteristics 2017-18 — CSV,CRDC,Public School Characteristics 2017-18,CSV
https://data-nces.opendata.arcgis.com/api/download/v1/items/075dafd36b3443abb45332f1ef396f09/shapefile?layers=0,other,CRDC: Public School Characteristics 2017-18 — Shapefile,CRDC,Public School Characteristics 2017-18,ZIP
https://data-nces.opendata.arcgis.com/datasets/nces::public-school-characteristics-2017-18.zip,other,CRDC: Public School Characteristics 2017-18 — Public School Characteristics 2017-18,CRDC,Public School Characteristics 2017-18,ZIP
https://data-nces.opendata.arcgis.com/datasets/nces::public-school-characteristics-2017-18.csv?where=1=1&outSR=%7B%22latestWkid%22%3A4326%2C%22wkid%22%3A4326%7D,test_scores,CRDC: Public School Characteristics 2017-18 — CSV,CRDC,Public School Characteristics 2017-18,CSV
https://data-nces.opendata.arcgis.com/datasets/nces::public-school-characteristics-2017-18.zip?where=1=1&outSR=%7B%22latestWkid%22%3A4326%2C%22wkid%22%3A4326%7D,test_scores,CRDC: Public School Characteristics 2017-18 — Shapefile,CRDC,Public School Characteristics 2017-18,ZIP
https://nces.ed.gov/programs/edge/data/EDGE_GEOCODE_PUBLICLEA_1718.zip,other,CRDC: Public School Characteristics 2017-18 — Public School District File,CRDC,Public School Characteristics 2017-18,ZIP
https://data-nces.opendata.arcgis.com/datasets/nces::public-school-characteristics-2017-18.csv?outSR=%7B%22latestWkid%22%3A3857%2C%22wkid%22%3A102100%7D,test_scores,CRDC: Public School Characteristics 2017-18 — CSV,CRDC,Public School Characteristics 2017-18,CSV
https://data-nces.opendata.arcgis.com/datasets/nces::public-school-characteristics-2017-18.zip?outSR=%7B%22latestWkid%22%3A3857%2C%22wkid%22%3A102100%7D,test_scores,CRDC: Public School Characteristics 2017-18 — Shapefile,CRDC,Public School Characteristics 2017-18,ZIP
