source,year_hint,category,dataset_title,format,url,description
CRDC,2015-16,discipline,2015-16 Discipline Civil Rights Data Collection,XLSX,https://civilrightsdata.ed.gov/assets/downloads/2015-2016/Preschool-Discipline.xlsx,CRDC: 2015-16 Discipline Civil Rights Data Collection — Incidents of Preschool Corporal Punishment and Suspension
CRDC,2015-16,discipline,2015-16 Discipline Civil Rights Data Collection,XLSX,https://civilrightsdata.ed.gov/assets/downloads/2015-2016/Preschool-Expulsions.xlsx,CRDC: 2015-16 Discipline Civil Rights Data Collection — Preschool Expulsions
CRDC,2015-16,discipline,2015-16 Discipline Civil Rights Data Collection,XLSX,https://civilrightsdata.ed.gov/assets/downloads/2015-2016/Preschool-One-or-More-out-of-school-suspensions.xlsx,CRDC: 2015-16 Discipline Civil Rights Data Collection — Preschool One or More Out-of-School Suspension
CRDC,2015-16,discipline,2015-16 Discipline Civil Rights Data Collection,XLSX,https://civilrightsdata.ed.gov/assets/downloads/2015-2016/Preschool-More-than-one-out-of-school-suspension.xlsx,CRDC: 2015-16 Discipline Civil Rights Data Collection — Preschool More Than One Out-of-School Suspension
CRDC,2015-16,discipline,2015-16 Discipline Civil Rights Data Collection,XLSX,https://civilrightsdata.ed.gov/assets/downloads/2015-2016/Preschool-One-out-of-school-suspension.xlsx,CRDC: 2015-16 Discipline Civil Rights Data Collection — Preschool One Out-of-School Suspension
CRDC,2015-16,discipline,2015-16 Discipline Civil Rights Data Collection,XLSX,https://civilrightsdata.ed.gov/assets/downloads/2015-2016/Preschool-Corporal-Punishment.xlsx,CRDC: 2015-16 Discipline Civil Rights Data Collection — Preschool Corporal Punishment
CRDC,2015-16,discipline,2015-16 Discipline Civil Rights Data Collection,XLSX,https://civilrightsdata.ed.gov/assets/downloads/2015-2016/Days-missed-due-to-out-of-school-suspensions.xlsx,CRDC: 2015-16 Discipline Civil Rights Data Collection — Days Missed Due to Out-of-School Suspensions
CRDC,2015-16,discipline,2015-16 Discipline Civil Rights Data Collection,XLSX,https://civilrightsdata.ed.gov/assets/downloads/2015-2016/Transferred-to-alternative-school.xlsx,CRDC: 2015-16 Discipline Civil Rights Data Collection — Transfers to Alternative Schools
CRDC,2015-16,discipline,2015-16 Discipline Civil Rights Data Collection,XLSX,https://civilrightsdata.ed.gov/assets/downloads/2015-2016/Referral-to-law-enforcement.xlsx,CRDC: 2015-16 Discipline Civil Rights Data Collection — Referrals to Law Enforcement
CRDC,2015-16,discipline,2015-16 Discipline Civil Rights Data Collection,XLSX,https://civilrightsdata.ed.gov/assets/downloads/2015-2016/Expulsions-with-and-without-educational-services.xlsx,CRDC: 2015-16 Discipline Civil Rights Data Collection — Expulsions with and without Educational Services
CRDC,2015-16,discipline,2015-16 Discipline Civil Rights Data Collection,XLSX,https://civilrightsdata.ed.gov/assets/downloads/2015-2016/Expulsions-with-educational-services.xlsx,CRDC: 2015-16 Discipline Civil Rights Data Collection — Expulsions with Educational Services
CRDC,2015-16,discipline,2015-16 Discipline Civil Rights Data Collection,XLSX,https://civilrightsdata.ed.gov/assets/downloads/2015-2016/More-than-one-out-of-school-suspension.xlsx,CRDC: 2015-16 Discipline Civil Rights Data Collection — More Than One Out-of-School Suspension
CRDC,2015-16,discipline,2015-16 Discipline Civil Rights Data Collection,XLSX,https://civilrightsdata.ed.gov/assets/downloads/2015-2016/In-school-suspensions.xlsx,CRDC: 2015-16 Discipline Civil Rights Data Collection — In-school Suspension
CRDC,2015-16,discipline,2015-16 Discipline Civil Rights Data Collection,XLSX,https://civilrightsdata.ed.gov/assets/downloads/2015-2016/School-related-arrests.xlsx,CRDC: 2015-16 Discipline Civil Rights Data Collection — School-related Arrests
CRDC,2015-16,discipline,2015-16 Discipline Civil Rights Data Collection,XLSX,https://civilrightsdata.ed.gov/assets/downloads/2015-2016/Expulsions-due-to-zero-tolerance-policies.xlsx,CRDC: 2015-16 Discipline Civil Rights Data Collection — Expulsions Under Zero Tolerance Policies
CRDC,2015-16,discipline,2015-16 Discipline Civil Rights Data Collection,XLSX,https://civilrightsdata.ed.gov/assets/downloads/2015-2016/Expulsions-without-educational-services.xlsx,CRDC: 2015-16 Discipline Civil Rights Data Collection — Expulsions without Educational Services
CRDC,2015-16,discipline,2015-16 Discipline Civil Rights Data Collection,XLSX,https://civilrightsdata.ed.gov/assets/downloads/2015-2016/One-or-more-out-of-school-suspensions.xlsx,CRDC: 2015-16 Discipline Civil Rights Data Collection — One or More Out-of-School Suspensions
CRDC,2015-16,discipline,2015-16 Discipline Civil Rights Data Collection,XLSX,https://civilrightsdata.ed.gov/assets/downloads/2015-2016/One-out-of-school-suspension.xlsx,CRDC: 2015-16 Discipline Civil Rights Data Collection — One Out-of-School Suspension
CRDC,2015-16,discipline,2015-16 Discipline Civil Rights Data Collection,XLSX,https://civilrightsdata.ed.gov/assets/downloads/2015-2016/Corporal-Punishment.xlsx,CRDC: 2015-16 Discipline Civil Rights Data Collection — Corporal Punishment
CRDC,2015-16,test_scores,2015-16 Advanced Placement Civil Rights Data Collection,XLSX,https://civilrightsdata.ed.gov/assets/downloads/2015-2016/Advanced-Placement-Other-Subjects-Enrollment.xlsx,CRDC: 2015-16 Advanced Placement Civil Rights Data Collection — AP other subjects
CRDC,2015-16,test_scores,2015-16 Advanced Placement Civil Rights Data Collection,XLSX,https://civilrightsdata.ed.gov/assets/downloads/2015-2016/Advanced-Placement-Science-Enrollment.xlsx,CRDC: 2015-16 Advanced Placement Civil Rights Data Collection — AP Science
CRDC,2015-16,test_scores,2015-16 Advanced Placement Civil Rights Data Collection,XLSX,https://civilrightsdata.ed.gov/assets/downloads/2015-2016/Advanced-Placement-Mathematics-Enrollment.xlsx,CRDC: 2015-16 Advanced Placement Civil Rights Data Collection — AP Mathematics
CRDC,2015-16,test_scores,2015-16 Advanced Placement Civil Rights Data Collection,XLSX,https://civilrightsdata.ed.gov/assets/downloads/2015-2016/Advanced-Placement-Enrollment.xlsx,CRDC: 2015-16 Advanced Placement Civil Rights Data Collection — Advanced Placement Total Enrollment
CRDC,2015-16,other,Civil Rights Data Collection State Files 2015-16,XLS,https://data.ed.gov/dataset/1aaf0125-13d8-4237-87d1-3c137bb89eec/resource/81582205-c14e-4faf-ba19-4adb75bb96d1/download/crdc-2015-16-codebook.xls,CRDC: Civil Rights Data Collection State Files 2015-16 — Code Book
CRDC,2015-16,other,Civil Rights Data Collection State Files 2015-16,CSV,https://data.ed.gov/dataset/1aaf0125-13d8-4237-87d1-3c137bb89eec/resource/cec48bcf-8a11-4373-87f6-07b0e0753c89/download/crdc-2015-16-al-aug-2018.csv,CRDC: Civil Rights Data Collection State Files 2015-16 — Alabama - File as of August 2018
CRDC,2015-16,other,Civil Rights Data Collection State Files 2015-16,CSV,https://data.ed.gov/dataset/1aaf0125-13d8-4237-87d1-3c137bb89eec/resource/f5f7d35e-1aa5-4663-97d0-fea2d6b3a516/download/crdc2015-16-al-oct-2018.csv,CRDC: Civil Rights Data Collection State Files 2015-16 — Alabama - File as of October 2018
CRDC,2015-16,other,Civil Rights Data Collection State Files 2015-16,CSV,https://data.ed.gov/dataset/1aaf0125-13d8-4237-87d1-3c137bb89eec/resource/ba6cadcc-5d5d-49ed-a031-a50406291723/download/crdc-2015-16-ak-aug-2018.csv,CRDC: Civil Rights Data Collection State Files 2015-16 — Alaska - File as of August 2018
CRDC,2015-16,other,Civil Rights Data Collection State Files 2015-16,CSV,https://data.ed.gov/dataset/1aaf0125-13d8-4237-87d1-3c137bb89eec/resource/1e862688-51ed-4f95-b124-6820b6804f49/download/crdc2015-16-ak-oct-2018.csv,CRDC: Civil Rights Data Collection State Files 2015-16 — Alaska - File as of October 2018
CRDC,2015-16,other,Civil Rights Data Collection State Files 2015-16,CSV,https://data.ed.gov/dataset/1aaf0125-13d8-4237-87d1-3c137bb89eec/resource/f2be7b0b-0385-4d22-b431-33cbb3d77c32/download/crdc-2015-16-az-aug-2018.csv,CRDC: Civil Rights Data Collection State Files 2015-16 — Arizona - File as of August 2018
CRDC,2015-16,other,Civil Rights Data Collection State Files 2015-16,CSV,https://data.ed.gov/dataset/1aaf0125-13d8-4237-87d1-3c137bb89eec/resource/6d79e38e-ebea-42b6-bef4-d5af4e195ff7/download/crdc2015-16-az-oct-2018.csv,CRDC: Civil Rights Data Collection State Files 2015-16 — Arizona - File as of October 2018
CRDC,2015-16,other,Civil Rights Data Collection State Files 2015-16,CSV,https://data.ed.gov/dataset/1aaf0125-13d8-4237-87d1-3c137bb89eec/resource/7a5e35a3-43d9-49b9-82fb-d2ec466a0478/download/crdc-2015-16-ar-aug-2018.csv,CRDC: Civil Rights Data Collection State Files 2015-16 — Arkansas - File as of August 2018
CRDC,2015-16,other,Civil Rights Data Collection State Files 2015-16,CSV,https://data.ed.gov/dataset/1aaf0125-13d8-4237-87d1-3c137bb89eec/resource/b2cd248f-5bb6-46a7-8a56-8b87577b74a1/download/crdc2015-16-ar-oct-2018.csv,CRDC: Civil Rights Data Collection State Files 2015-16 — Arkansas - File as of October 2018
CRDC,2015-16,other,Civil Rights Data Collection State Files 2015-16,CSV,https://data.ed.gov/dataset/1aaf0125-13d8-4237-87d1-3c137bb89eec/resource/7e258c9e-4aa2-4e90-8a4e-01f191f3656d/download/crdc-2015-16-ca-aug-2018.csv,CRDC: Civil Rights Data Collection State Files 2015-16 — California - File as of August 2018
CRDC,2015-16,other,Civil Rights Data Collection State Files 2015-16,CSV,https://data.ed.gov/dataset/1aaf0125-13d8-4237-87d1-3c137bb89eec/resource/a8e3580a-d0d9-4d07-86aa-8640a81ea866/download/crdc2015-16-ca-oct-2018.csv,CRDC: Civil Rights Data Collection State Files 2015-16 — California - File as of October 2018
CRDC,2015-16,other,Civil Rights Data Collection State Files 2015-16,CSV,https://data.ed.gov/dataset/1aaf0125-13d8-4237-87d1-3c137bb89eec/resource/73388515-6fcd-44a1-880b-5293149198bb/download/crdc-2015-16-co-aug-2018.csv,CRDC: Civil Rights Data Collection State Files 2015-16 — Colorado - File as of August 2018
CRDC,2015-16,other,Civil Rights Data Collection State Files 2015-16,CSV,https://data.ed.gov/dataset/1aaf0125-13d8-4237-87d1-3c137bb89eec/resource/d6b31179-0f65-4e3c-bea9-d22b4ed79e4d/download/crdc2015-16-co-oct-2018.csv,CRDC: Civil Rights Data Collection State Files 2015-16 — Colorado - File as of October 2018
CRDC,2015-16,other,Civil Rights Data Collection State Files 2015-16,CSV,https://data.ed.gov/dataset/1aaf0125-13d8-4237-87d1-3c137bb89eec/resource/eee07b70-1864-4ec2-a5dc-c0c101d3c4cf/download/crdc-2015-16-ct-aug-2018.csv,CRDC: Civil Rights Data Collection State Files 2015-16 — Connecticut - File as of August 2018
CRDC,2015-16,other,Civil Rights Data Collection State Files 2015-16,CSV,https://data.ed.gov/dataset/1aaf0125-13d8-4237-87d1-3c137bb89eec/resource/0e76491e-9f2e-49c8-a3d3-203d821d529e/download/crdc2015-16-ct-oct-2018.csv,CRDC: Civil Rights Data Collection State Files 2015-16 — Connecticut - File as of October 2018
CRDC,2015-16,other,Civil Rights Data Collection State Files 2015-16,CSV,https://data.ed.gov/dataset/1aaf0125-13d8-4237-87d1-3c137bb89eec/resource/c38b6055-22e9-46c6-a563-319c15dcbe41/download/crdc-2015-16-de-aug-2018.csv,CRDC: Civil Rights Data Collection State Files 2015-16 — Delaware - File as of August 2018
CRDC,2015-16,other,Civil Rights Data Collection State Files 2015-16,CSV,https://data.ed.gov/dataset/1aaf0125-13d8-4237-87d1-3c137bb89eec/resource/0b718f59-b2f9-4b8e-a3c6-551d179cdc79/download/crdc2015-16-de-oct-2018.csv,CRDC: Civil Rights Data Collection State Files 2015-16 — Delaware - File as of October 2018
CRDC,2015-16,other,Civil Rights Data Collection State Files 2015-16,CSV,https://data.ed.gov/dataset/1aaf0125-13d8-4237-87d1-3c137bb89eec/resource/ebb21d91-7270-4139-8fcb-9327fc54d9ea/download/crdc-2015-16-dc-aug-2018.csv,CRDC: Civil Rights Data Collection State Files 2015-16 — District of Columbia - File as of August 2018
CRDC,2015-16,other,Civil Rights Data Collection State Files 2015-16,CSV,https://data.ed.gov/dataset/1aaf0125-13d8-4237-87d1-3c137bb89eec/resource/f5c6b515-b1ff-4e3d-a1d0-ab899ba93c00/download/crdc2015-16-dc-oct-2018.csv,CRDC: Civil Rights Data Collection State Files 2015-16 — District of Columbia
CRDC,2015-16,other,Civil Rights Data Collection State Files 2015-16,CSV,https://data.ed.gov/dataset/1aaf0125-13d8-4237-87d1-3c137bb89eec/resource/cbc50319-44b3-4913-a27c-35300f6c4f2f/download/crdc-2015-16-fl-aug-2018.csv,CRDC: Civil Rights Data Collection State Files 2015-16 — Florida - File as of August 2018
CRDC,2015-16,other,Civil Rights Data Collection State Files 2015-16,CSV,https://data.ed.gov/dataset/1aaf0125-13d8-4237-87d1-3c137bb89eec/resource/a4142140-fc27-46d8-ad29-2f9683b639c9/download/crdc2015-16-fl-oct-2018.csv,CRDC: Civil Rights Data Collection State Files 2015-16 — Florida - File as of October 2018
CRDC,2015-16,other,Civil Rights Data Collection State Files 2015-16,CSV,https://data.ed.gov/dataset/1aaf0125-13d8-4237-87d1-3c137bb89eec/resource/70bcd50b-d08f-4223-be96-584d6c52c48e/download/crdc-2015-16-ga-aug-2018.csv,CRDC: Civil Rights Data Collection State Files 2015-16 — Georgia - File as of August 2018
CRDC,2015-16,other,Civil Rights Data Collection State Files 2015-16,CSV,https://data.ed.gov/dataset/1aaf0125-13d8-4237-87d1-3c137bb89eec/resource/760c8c6e-73fd-4e2b-8eef-0f5afc3d84f1/download/crdc2015-16-ga-oct-2018.csv,CRDC: Civil Rights Data Collection State Files 2015-16 — Georgia - File as of October 2018
CRDC,2015-16,other,Civil Rights Data Collection State Files 2015-16,CSV,https://data.ed.gov/dataset/1aaf0125-13d8-4237-87d1-3c137bb89eec/resource/d09eeb42-d1e1-4c71-be15-3a20cd6c2068/download/crdc-2015-16-hi-aug-2018.csv,CRDC: Civil Rights Data Collection State Files 2015-16 — Hawaii - File as of August 2018
CRDC,2015-16,other,Civil Rights Data Collection State Files 2015-16,CSV,https://data.ed.gov/dataset/1aaf0125-13d8-4237-87d1-3c137bb89eec/resource/89896ced-a3b7-4c22-ac5e-0573ca3e3f4a/download/crdc2015-16-hi-oct-2018.csv,CRDC: Civil Rights Data Collection State Files 2015-16 — Hawaii - File as of October 2018
CRDC,2015-16,other,Civil Rights Data Collection State Files 2015-16,CSV,https://data.ed.gov/dataset/1aaf0125-13d8-4237-87d1-3c137bb89eec/resource/fcfa7070-40fa-443c-9867-76eef504e017/download/crdc-2015-16-id-aug-2018.csv,CRDC: Civil Rights Data Collection State Files 2015-16 — Idaho - File as of August 2018
CRDC,2015-16,other,Civil Rights Data Collection State Files 2015-16,CSV,https://data.ed.gov/dataset/1aaf0125-13d8-4237-87d1-3c137bb89eec/resource/dd263be9-e0c7-4739-8506-024a94211729/download/crdc2015-16-id-oct-2018.csv,CRDC: Civil Rights Data Collection State Files 2015-16 — Idaho - File as of October 2018
CRDC,2015-16,other,Civil Rights Data Collection State Files 2015-16,CSV,https://data.ed.gov/dataset/1aaf0125-13d8-4237-87d1-3c137bb89eec/resource/c1d13dae-2fc6-49e4-9b6b-73060a964072/download/crdc-2015-16-il-aug-2018.csv,CRDC: Civil Rights Data Collection State Files 2015-16 — Illinois - File as of August 2018
CRDC,2015-16,other,Civil Rights Data Collection State Files 2015-16,CSV,https://data.ed.gov/dataset/1aaf0125-13d8-4237-87d1-3c137bb89eec/resource/d535645b-a525-4359-a23a-3d430f0edce1/download/crdc2015-16-il-oct-2018.csv,CRDC: Civil Rights Data Collection State Files 2015-16 — Illinois - File as of October 2018
CRDC,2015-16,other,Civil Rights Data Collection State Files 2015-16,CSV,https://data.ed.gov/dataset/1aaf0125-13d8-4237-87d1-3c137bb89eec/resource/97582a01-c38b-4c68-a7f1-b2c05fa68d5d/download/crdc-2015-16-in-aug-2018.csv,CRDC: Civil Rights Data Collection State Files 2015-16 — Indiana - File as of August 2018
CRDC,2015-16,other,Civil Rights Data Collection State Files 2015-16,CSV,https://data.ed.gov/dataset/1aaf0125-13d8-4237-87d1-3c137bb89eec/resource/d5896d4a-df36-42ee-9df4-6604ceced6dd/download/crdc2015-16-in-oct-2018.csv,CRDC: Civil Rights Data Collection State Files 2015-16 — Indiana - File as of October 2018
CRDC,2015-16,other,Civil Rights Data Collection State Files 2015-16,CSV,https://data.ed.gov/dataset/1aaf0125-13d8-4237-87d1-3c137bb89eec/resource/37e33a53-e78c-4915-893c-50dbda9ca4ca/download/crdc-2015-16-ia-aug-2018.csv,CRDC: Civil Rights Data Collection State Files 2015-16 — Iowa - File as of August 2018
CRDC,2015-16,other,Civil Rights Data Collection State Files 2015-16,CSV,https://data.ed.gov/dataset/1aaf0125-13d8-4237-87d1-3c137bb89eec/resource/f7c0ed91-f2fa-4f21-bd07-3d72c3417852/download/crdc2015-16-ia-oct-2018.csv,CRDC: Civil Rights Data Collection State Files 2015-16 — Iowa - File as of October 2018
CRDC,2015-16,other,Civil Rights Data Collection State Files 2015-16,CSV,https://data.ed.gov/dataset/1aaf0125-13d8-4237-87d1-3c137bb89eec/resource/5a9e78c0-3797-4861-b477-06f7268da144/download/crdc-2015-16-ks-aug-2018.csv,CRDC: Civil Rights Data Collection State Files 2015-16 — Kansas - File as of August 2018
CRDC,2015-16,other,Civil Rights Data Collection State Files 2015-16,CSV,https://data.ed.gov/dataset/1aaf0125-13d8-4237-87d1-3c137bb89eec/resource/fc838206-b997-48db-92be-30889a82af5e/download/crdc2015-16-ks-oct-2018.csv,CRDC: Civil Rights Data Collection State Files 2015-16 — Kansas - File as of October 2018
CRDC,2015-16,other,Civil Rights Data Collection State Files 2015-16,CSV,https://data.ed.gov/dataset/1aaf0125-13d8-4237-87d1-3c137bb89eec/resource/093a6e39-3a95-4f68-a054-cd46e81a02f5/download/crdc-2015-16-ky-aug-2018.csv,CRDC: Civil Rights Data Collection State Files 2015-16 — Kentucky - File as of August 2018
CRDC,2015-16,other,Civil Rights Data Collection State Files 2015-16,CSV,https://data.ed.gov/dataset/1aaf0125-13d8-4237-87d1-3c137bb89eec/resource/9fe81249-32a0-4872-8940-26fb57299598/download/crdc2015-16-ky-oct-2018.csv,CRDC: Civil Rights Data Collection State Files 2015-16 — Kentucky - File as of October 2018
CRDC,2015-16,other,Civil Rights Data Collection State Files 2015-16,CSV,https://data.ed.gov/dataset/1aaf0125-13d8-4237-87d1-3c137bb89eec/resource/6f5fd61c-99fd-4a18-852b-52fc91bd7b3d/download/crdc-2015-16-la-aug-2018.csv,CRDC: Civil Rights Data Collection State Files 2015-16 — Louisiana - File as of August 2018
CRDC,2015-16,other,Civil Rights Data Collection State Files 2015-16,CSV,https://data.ed.gov/dataset/1aaf0125-13d8-4237-87d1-3c137bb89eec/resource/8ab9820b-65fa-4609-9104-85c34c1424f6/download/crdc2015-16-la-oct-2018.csv,CRDC: Civil Rights Data Collection State Files 2015-16 — Louisiana - File as of October 2018
CRDC,2015-16,other,Civil Rights Data Collection State Files 2015-16,CSV,https://data.ed.gov/dataset/1aaf0125-13d8-4237-87d1-3c137bb89eec/resource/2f3f9f84-091b-4a1f-9689-682b10467b5d/download/crdc-2015-16-me-aug-2018.csv,CRDC: Civil Rights Data Collection State Files 2015-16 — Maine - File as of August 2018
CRDC,2015-16,other,Civil Rights Data Collection State Files 2015-16,CSV,https://data.ed.gov/dataset/1aaf0125-13d8-4237-87d1-3c137bb89eec/resource/be6aa2a8-f6aa-40c1-b04d-3ebf13a1fc95/download/crdc2015-16-me-oct-2018.csv,CRDC: Civil Rights Data Collection State Files 2015-16 — Maine - File as of October 2018
CRDC,2015-16,other,Civil Rights Data Collection State Files 2015-16,CSV,https://data.ed.gov/dataset/1aaf0125-13d8-4237-87d1-3c137bb89eec/resource/f4a24d92-4012-4b96-8f14-e8826ed404aa/download/crdc-2015-16-md-aug-2018.csv,CRDC: Civil Rights Data Collection State Files 2015-16 — Maryland - File as of August 2018
CRDC,2015-16,other,Civil Rights Data Collection State Files 2015-16,CSV,https://data.ed.gov/dataset/1aaf0125-13d8-4237-87d1-3c137bb89eec/resource/eeceb572-61a4-4160-8dbd-71b47f4751ac/download/crdc2015-16-md-oct-2018.csv,CRDC: Civil Rights Data Collection State Files 2015-16 — Maryland - File as of October 2018
CRDC,2015-16,other,Civil Rights Data Collection State Files 2015-16,CSV,https://data.ed.gov/dataset/1aaf0125-13d8-4237-87d1-3c137bb89eec/resource/888e2528-9ebb-4316-a221-12b7cc2b9f62/download/crdc-2015-16-ma-aug-2018.csv,CRDC: Civil Rights Data Collection State Files 2015-16 — Massachusetts - File as of August 2018
CRDC,2015-16,other,Civil Rights Data Collection State Files 2015-16,CSV,https://data.ed.gov/dataset/1aaf0125-13d8-4237-87d1-3c137bb89eec/resource/4a17907f-f0da-48c4-8018-574ac3ebc11a/download/crdc2015-16-ma-oct-2018.csv,CRDC: Civil Rights Data Collection State Files 2015-16 — Massachusetts - File as of October 2018
CRDC,2015-16,other,Civil Rights Data Collection State Files 2015-16,CSV,https://data.ed.gov/dataset/1aaf0125-13d8-4237-87d1-3c137bb89eec/resource/d213c95f-fb7d-4565-bbd5-4b30fe7f9941/download/crdc-2015-16-mi-aug-2018.csv,CRDC: Civil Rights Data Collection State Files 2015-16 — Michigan - File as of August 2018
CRDC,2015-16,other,Civil Rights Data Collection State Files 2015-16,CSV,https://data.ed.gov/dataset/1aaf0125-13d8-4237-87d1-3c137bb89eec/resource/867f8b76-fe85-4e9a-b5d7-bd67d0a2cc1b/download/crdc2015-16-mi-oct-2018.csv,CRDC: Civil Rights Data Collection State Files 2015-16 — Michigan - File as of October 2018
CRDC,2015-16,other,Civil Rights Data Collection State Files 2015-16,CSV,https://data.ed.gov/dataset/1aaf0125-13d8-4237-87d1-3c137bb89eec/resource/25ba2c68-6573-40ee-85c0-70b4340e4d21/download/crdc-2015-16-mn-aug-2018.csv,CRDC: Civil Rights Data Collection State Files 2015-16 — Minnesota - File as of August 2018
CRDC,2015-16,other,Civil Rights Data Collection State Files 2015-16,CSV,https://data.ed.gov/dataset/1aaf0125-13d8-4237-87d1-3c137bb89eec/resource/b608b6fe-a1b6-48a0-901e-d7f19c4198c4/download/crdc2015-16-mn-oct-2018.csv,CRDC: Civil Rights Data Collection State Files 2015-16 — Minnesota - File as of October 2018
CRDC,2015-16,other,Civil Rights Data Collection State Files 2015-16,CSV,https://data.ed.gov/dataset/1aaf0125-13d8-4237-87d1-3c137bb89eec/resource/764bbfa6-3f11-4c62-bcdc-e8816dffd077/download/crdc-2015-16-ms-aug-2018.csv,CRDC: Civil Rights Data Collection State Files 2015-16 — Mississippi - File as of August 2018
CRDC,2015-16,other,Civil Rights Data Collection State Files 2015-16,CSV,https://data.ed.gov/dataset/1aaf0125-13d8-4237-87d1-3c137bb89eec/resource/7e5eb0d7-c09d-434a-bad5-b758bc3f67fa/download/crdc2015-16-ms-oct-2018.csv,CRDC: Civil Rights Data Collection State Files 2015-16 — Mississippi - File as of October 2018
CRDC,2015-16,other,Civil Rights Data Collection State Files 2015-16,CSV,https://data.ed.gov/dataset/1aaf0125-13d8-4237-87d1-3c137bb89eec/resource/b5e809ea-8077-4007-95a9-e6fb596d8e47/download/crdc-2015-16-mo-aug-2018.csv,CRDC: Civil Rights Data Collection State Files 2015-16 — Missouri - File as of August 2018
CRDC,2015-16,other,Civil Rights Data Collection State Files 2015-16,CSV,https://data.ed.gov/dataset/1aaf0125-13d8-4237-87d1-3c137bb89eec/resource/67151250-af6f-433b-a3ea-26264cec79e4/download/crdc2015-16-mo-oct-2018.csv,CRDC: Civil Rights Data Collection State Files 2015-16 — Missouri - File as of October 2018
CRDC,2015-16,other,Civil Rights Data Collection State Files 2015-16,CSV,https://data.ed.gov/dataset/1aaf0125-13d8-4237-87d1-3c137bb89eec/resource/5ddbc6ba-d7a3-4ffd-88e4-1702cb40fee1/download/crdc-2015-16-mt-aug-2018.csv,CRDC: Civil Rights Data Collection State Files 2015-16 — Montana - File as of August 2018
CRDC,2015-16,other,Civil Rights Data Collection State Files 2015-16,CSV,https://data.ed.gov/dataset/1aaf0125-13d8-4237-87d1-3c137bb89eec/resource/8c4a9ae8-29a7-4afa-b41b-bf22ae288e65/download/crdc2015-16-mt-oct-2018.csv,CRDC: Civil Rights Data Collection State Files 2015-16 — Montana - File as of October 2018
CRDC,2015-16,other,Civil Rights Data Collection State Files 2015-16,CSV,https://data.ed.gov/dataset/1aaf0125-13d8-4237-87d1-3c137bb89eec/resource/b2b7c0c3-8b4f-416b-920c-e3a55ffea074/download/crdc-2015-16-ne-aug-2018.csv,CRDC: Civil Rights Data Collection State Files 2015-16 — Nebraska - File as of August 2018
CRDC,2015-16,other,Civil Rights Data Collection State Files 2015-16,CSV,https://data.ed.gov/dataset/1aaf0125-13d8-4237-87d1-3c137bb89eec/resource/6bd14275-cd20-4b7c-abb8-bfd3e0a2b2fb/download/crdc2015-16-ne-oct-2018.csv,CRDC: Civil Rights Data Collection State Files 2015-16 — Nebraska - File as of October 2018
CRDC,2015-16,other,Civil Rights Data Collection State Files 2015-16,CSV,https://data.ed.gov/dataset/1aaf0125-13d8-4237-87d1-3c137bb89eec/resource/046f2d81-8fb0-4f6c-8a73-184b1ed9076c/download/crdc-2015-16-nv-aug-2018.csv,CRDC: Civil Rights Data Collection State Files 2015-16 — Nevada - File as of August 2018
CRDC,2015-16,other,Civil Rights Data Collection State Files 2015-16,CSV,https://data.ed.gov/dataset/1aaf0125-13d8-4237-87d1-3c137bb89eec/resource/928f1dc8-3503-40de-b819-1b350ee9d6ac/download/crdc2015-16-nv-oct-2018.csv,CRDC: Civil Rights Data Collection State Files 2015-16 — Nevada - File as of October 2018
CRDC,2015-16,other,Civil Rights Data Collection State Files 2015-16,CSV,https://data.ed.gov/dataset/1aaf0125-13d8-4237-87d1-3c137bb89eec/resource/f0ef7737-f428-480d-9f6e-ed208cf2c6da/download/crdc-2015-16-nh-aug-2018.csv,CRDC: Civil Rights Data Collection State Files 2015-16 — New Hampshire - File as of August 2018
CRDC,2015-16,other,Civil Rights Data Collection State Files 2015-16,CSV,https://data.ed.gov/dataset/1aaf0125-13d8-4237-87d1-3c137bb89eec/resource/50c5fc24-7d83-498f-b8de-39cad45a7137/download/crdc2015-16-nh-oct-2018.csv,CRDC: Civil Rights Data Collection State Files 2015-16 — New Hampshire - File as of October 2018
CRDC,2015-16,other,Civil Rights Data Collection State Files 2015-16,CSV,https://data.ed.gov/dataset/1aaf0125-13d8-4237-87d1-3c137bb89eec/resource/0b129130-10af-4d71-81bc-425ddfbf25a1/download/crdc-2015-16-nj-aug-2018.csv,CRDC: Civil Rights Data Collection State Files 2015-16 — New Jersey - File as of August 2018
CRDC,2015-16,other,Civil Rights Data Collection State Files 2015-16,CSV,https://data.ed.gov/dataset/1aaf0125-13d8-4237-87d1-3c137bb89eec/resource/ccfbd21b-b339-4641-821a-5e951692dbb6/download/crdc2015-16-nj-oct-2018.csv,CRDC: Civil Rights Data Collection State Files 2015-16 — New Jersey - File as of October 2018
CRDC,2015-16,other,Civil Rights Data Collection State Files 2015-16,CSV,https://data.ed.gov/dataset/1aaf0125-13d8-4237-87d1-3c137bb89eec/resource/f205a6b5-9f00-4443-8cf4-ac78d4e18a9d/download/crdc-2015-16-nm-aug-2018.csv,CRDC: Civil Rights Data Collection State Files 2015-16 — New Mexico - File as of August 2018
CRDC,2015-16,other,Civil Rights Data Collection State Files 2015-16,CSV,https://data.ed.gov/dataset/1aaf0125-13d8-4237-87d1-3c137bb89eec/resource/6786439c-00bb-4351-812f-8a9697ae11b5/download/crdc2015-16-nm-oct-2018.csv,CRDC: Civil Rights Data Collection State Files 2015-16 — New Mexico - File as of October 2018
CRDC,2015-16,other,Civil Rights Data Collection State Files 2015-16,CSV,https://data.ed.gov/dataset/1aaf0125-13d8-4237-87d1-3c137bb89eec/resource/5c1b0db3-a4af-4942-b43e-d6d86b80dd31/download/crdc-2015-16-ny-aug-2018.csv,CRDC: Civil Rights Data Collection State Files 2015-16 — New York - File as of August 2018
CRDC,2015-16,other,Civil Rights Data Collection State Files 2015-16,CSV,https://data.ed.gov/dataset/1aaf0125-13d8-4237-87d1-3c137bb89eec/resource/8fa0b222-98c7-458c-99f3-56894eede530/download/crdc2015-16-ny-oct-2018.csv,CRDC: Civil Rights Data Collection State Files 2015-16 — New York - File as of October 2018
CRDC,2015-16,other,Civil Rights Data Collection State Files 2015-16,CSV,https://data.ed.gov/dataset/1aaf0125-13d8-4237-87d1-3c137bb89eec/resource/7cb33376-f90c-4c38-9de5-c7d5ee04c814/download/crdc-2015-16-nc-aug-2018.csv,CRDC: Civil Rights Data Collection State Files 2015-16 — North Carolina - File as of August 2018
CRDC,2015-16,other,Civil Rights Data Collection State Files 2015-16,CSV,https://data.ed.gov/dataset/1aaf0125-13d8-4237-87d1-3c137bb89eec/resource/ee0ba016-b3e3-4ec9-8562-54e48ff8618a/download/crdc2015-16-nc-oct-2018.csv,CRDC: Civil Rights Data Collection State Files 2015-16 — North Carolina - File as of October 2018
CRDC,2015-16,other,Civil Rights Data Collection State Files 2015-16,CSV,https://data.ed.gov/dataset/1aaf0125-13d8-4237-87d1-3c137bb89eec/resource/8059da15-12ec-4cee-ba92-13b373a355d4/download/crdc-2015-16-nd-aug-2018.csv,CRDC: Civil Rights Data Collection State Files 2015-16 — North Dakota - File as of August 2018
CRDC,2015-16,other,Civil Rights Data Collection State Files 2015-16,CSV,https://data.ed.gov/dataset/1aaf0125-13d8-4237-87d1-3c137bb89eec/resource/32973f92-1eca-4195-bd78-f99435dcec53/download/crdc2015-16-nd-oct-2018.csv,CRDC: Civil Rights Data Collection State Files 2015-16 — North Dakota - File as of October 2018
CRDC,2015-16,other,Civil Rights Data Collection State Files 2015-16,CSV,https://data.ed.gov/dataset/1aaf0125-13d8-4237-87d1-3c137bb89eec/resource/aa964f26-33c0-4694-82bd-7d607cfa3b9c/download/crdc-2015-16-oh-aug-2018.csv,CRDC: Civil Rights Data Collection State Files 2015-16 — Ohio - File as of August 2018
CRDC,2015-16,other,Civil Rights Data Collection State Files 2015-16,CSV,https://data.ed.gov/dataset/1aaf0125-13d8-4237-87d1-3c137bb89eec/resource/fdb8a2d2-1d1d-4d60-bf8a-84a23f076f05/download/crdc2015-16-oh-oct-2018.csv,CRDC: Civil Rights Data Collection State Files 2015-16 — Ohio - File as of October 2018
CRDC,2015-16,other,Civil Rights Data Collection State Files 2015-16,CSV,https://data.ed.gov/dataset/1aaf0125-13d8-4237-87d1-3c137bb89eec/resource/65710de3-47a6-48dc-b5bc-d4ed0d77d247/download/crdc-2015-16-ok-aug-2018.csv,CRDC: Civil Rights Data Collection State Files 2015-16 — Oklahoma - File as of August 2018
CRDC,2015-16,other,Civil Rights Data Collection State Files 2015-16,CSV,https://data.ed.gov/dataset/1aaf0125-13d8-4237-87d1-3c137bb89eec/resource/4afd0529-8801-4d06-a428-26729fdc12fd/download/crdc2015-16-ok-oct-2018.csv,CRDC: Civil Rights Data Collection State Files 2015-16 — Oklahoma - File as of October 2018
CRDC,2015-16,other,Civil Rights Data Collection State Files 2015-16,CSV,https://data.ed.gov/dataset/1aaf0125-13d8-4237-87d1-3c137bb89eec/resource/89069708-4472-48c4-baf7-9b12a6538bbe/download/crdc-2015-16-or-aug-2018.csv,CRDC: Civil Rights Data Collection State Files 2015-16 — Oregon - File as of August 2018
CRDC,2015-16,other,Civil Rights Data Collection State Files 2015-16,CSV,https://data.ed.gov/dataset/1aaf0125-13d8-4237-87d1-3c137bb89eec/resource/d5a3c3e6-8abc-4d60-a21b-c1e2eedd41a4/download/crdc2015-16-or-oct-2018.csv,CRDC: Civil Rights Data Collection State Files 2015-16 — Oregon - File as of October 2018
CRDC,2015-16,other,Civil Rights Data Collection State Files 2015-16,CSV,https://data.ed.gov/dataset/1aaf0125-13d8-4237-87d1-3c137bb89eec/resource/7fdae970-030d-4d79-8ddb-69183463e83d/download/crdc-2015-16-pa-aug-2018.csv,CRDC: Civil Rights Data Collection State Files 2015-16 — Pennsylvania - File as of August 2018
CRDC,2015-16,other,Civil Rights Data Collection State Files 2015-16,CSV,https://data.ed.gov/dataset/1aaf0125-13d8-4237-87d1-3c137bb89eec/resource/6ae183e4-a5bb-496f-8086-dd8e214d67ed/download/crdc2015-16-pa-oct-2018.csv,CRDC: Civil Rights Data Collection State Files 2015-16 — Pennsylvania - File as of October 2018
CRDC,2015-16,other,Civil Rights Data Collection State Files 2015-16,CSV,https://data.ed.gov/dataset/1aaf0125-13d8-4237-87d1-3c137bb89eec/resource/9d591634-cb75-48dd-83a1-67a2b877c9a0/download/crdc-2015-16-ri-aug-2018.csv,CRDC: Civil Rights Data Collection State Files 2015-16 — Rhode Island - File as of August 2018
CRDC,2015-16,other,Civil Rights Data Collection State Files 2015-16,CSV,https://data.ed.gov/dataset/1aaf0125-13d8-4237-87d1-3c137bb89eec/resource/15d5eaed-804a-4ae4-824c-f383c5ddcdb0/download/crdc2015-16-ri-oct-2018.csv,CRDC: Civil Rights Data Collection State Files 2015-16 — Rhode Island - File as of October 2018
CRDC,2015-16,other,Civil Rights Data Collection State Files 2015-16,CSV,https://data.ed.gov/dataset/1aaf0125-13d8-4237-87d1-3c137bb89eec/resource/c623b3f4-1153-42ab-a61d-88837af811c8/download/crdc-2015-16-sc-aug-2018.csv,CRDC: Civil Rights Data Collection State Files 2015-16 — South Carolina - File as of August 2018
CRDC,2015-16,other,Civil Rights Data Collection State Files 2015-16,CSV,https://data.ed.gov/dataset/1aaf0125-13d8-4237-87d1-3c137bb89eec/resource/1e70f884-c87f-43a6-9354-160f8de49b3c/download/crdc2015-16-sc-oct-2018.csv,CRDC: Civil Rights Data Collection State Files 2015-16 — South Carolina - File as of October 2018
CRDC,2015-16,other,Civil Rights Data Collection State Files 2015-16,CSV,https://data.ed.gov/dataset/1aaf0125-13d8-4237-87d1-3c137bb89eec/resource/0e058a92-d952-4bc6-a658-d6cc9d14fad3/download/crdc-2015-16-sd-aug-2018.csv,CRDC: Civil Rights Data Collection State Files 2015-16 — South Dakota - File as of August 2018
CRDC,2015-16,other,Civil Rights Data Collection State Files 2015-16,CSV,https://data.ed.gov/dataset/1aaf0125-13d8-4237-87d1-3c137bb89eec/resource/c2e193f9-dbd8-40ab-ae1f-d91b67f7d99b/download/crdc2015-16-sd-oct-2018.csv,CRDC: Civil Rights Data Collection State Files 2015-16 — South Dakota - File as of October 2018
CRDC,2015-16,other,Civil Rights Data Collection State Files 2015-16,CSV,https://data.ed.gov/dataset/1aaf0125-13d8-4237-87d1-3c137bb89eec/resource/0352af19-36c1-4e99-a9c0-877a085cc9fe/download/crdc-2015-16-tn-aug-2018.csv,CRDC: Civil Rights Data Collection State Files 2015-16 — Tennessee - File as of August 2018
CRDC,2015-16,other,Civil Rights Data Collection State Files 2015-16,CSV,https://data.ed.gov/dataset/1aaf0125-13d8-4237-87d1-3c137bb89eec/resource/0336602d-3ff2-4abb-8598-bb621948a3a5/download/crdc2015-16-tn-oct-2018.csv,CRDC: Civil Rights Data Collection State Files 2015-16 — Tennessee - File as of October 2018
CRDC,2015-16,other,Civil Rights Data Collection State Files 2015-16,CSV,https://data.ed.gov/dataset/1aaf0125-13d8-4237-87d1-3c137bb89eec/resource/e35b8f7c-90a2-40dd-a2de-f6f8fb6cdae9/download/crdc-2015-16-tx-aug-2018.csv,CRDC: Civil Rights Data Collection State Files 2015-16 — Texas - File as of August 2018
CRDC,2015-16,other,Civil Rights Data Collection State Files 2015-16,CSV,https://data.ed.gov/dataset/1aaf0125-13d8-4237-87d1-3c137bb89eec/resource/875c7b27-a0d9-4742-8e94-d058e2474c66/download/crdc2015-16-tx-oct-2018.csv,CRDC: Civil Rights Data Collection State Files 2015-16 — Texas - File as of October 2018
CRDC,2015-16,other,Civil Rights Data Collection State Files 2015-16,CSV,https://data.ed.gov/dataset/1aaf0125-13d8-4237-87d1-3c137bb89eec/resource/b0de6dc6-ba36-477f-a5e1-1835aa68d38a/download/crdc-2015-16-ut-aug-2018.csv,CRDC: Civil Rights Data Collection State Files 2015-16 — Utah - File as of August 2018
CRDC,2015-16,other,Civil Rights Data Collection State Files 2015-16,CSV,https://data.ed.gov/dataset/1aaf0125-13d8-4237-87d1-3c137bb89eec/resource/c610a70c-ceaa-437d-8265-38836b5f278e/download/crdc2015-16-ut-oct-2018.csv,CRDC: Civil Rights Data Collection State Files 2015-16 — Utah - File as of October 2018
CRDC,2015-16,other,Civil Rights Data Collection State Files 2015-16,CSV,https://data.ed.gov/dataset/1aaf0125-13d8-4237-87d1-3c137bb89eec/resource/d8ad8b19-a6dd-4337-8825-ee50a797dc53/download/crdc-2015-16-vt-aug-2018.csv,CRDC: Civil Rights Data Collection State Files 2015-16 — Vermont - File as of August 2018
CRDC,2015-16,other,Civil Rights Data Collection State Files 2015-16,CSV,https://data.ed.gov/dataset/1aaf0125-13d8-4237-87d1-3c137bb89eec/resource/0270dd70-d0f5-46c1-b0c1-e8931521d27b/download/crdc2015-16-vt-oct-2018.csv,CRDC: Civil Rights Data Collection State Files 2015-16 — Vermont - File as of October 2018
CRDC,2015-16,other,Civil Rights Data Collection State Files 2015-16,CSV,https://data.ed.gov/dataset/1aaf0125-13d8-4237-87d1-3c137bb89eec/resource/6077119f-e9de-4f59-9d73-815f4c321800/download/crdc-2015-16-va-aug-2018.csv,CRDC: Civil Rights Data Collection State Files 2015-16 — Virginia - File as of August 2018
CRDC,2015-16,other,Civil Rights Data Collection State Files 2015-16,CSV,https://data.ed.gov/dataset/1aaf0125-13d8-4237-87d1-3c137bb89eec/resource/3590a0e6-685a-4167-b3ce-1a5d41fe8730/download/crdc2015-16-va-oct-2018.csv,CRDC: Civil Rights Data Collection State Files 2015-16 — Virginia - File as of October 2018
CRDC,2015-16,other,Civil Rights Data Collection State Files 2015-16,CSV,https://data.ed.gov/dataset/1aaf0125-13d8-4237-87d1-3c137bb89eec/resource/80da0661-9e1a-461a-96a5-0fa5f6df1454/download/crdc-2015-16-wa-aug-2018.csv,CRDC: Civil Rights Data Collection State Files 2015-16 — Washington - File as of August 2018
CRDC,2015-16,other,Civil Rights Data Collection State Files 2015-16,CSV,https://data.ed.gov/dataset/1aaf0125-13d8-4237-87d1-3c137bb89eec/resource/8933e315-c8c0-4510-89ad-9d7a612acdd7/download/crdc2015-16-wa-oct-2018.csv,CRDC: Civil Rights Data Collection State Files 2015-16 — Washington - File as of October 2018
CRDC,2015-16,other,Civil Rights Data Collection State Files 2015-16,CSV,https://data.ed.gov/dataset/1aaf0125-13d8-4237-87d1-3c137bb89eec/resource/1b880e30-a9f5-4c1b-8cba-35aae1ade707/download/crdc-2015-16-wv-aug-2018.csv,CRDC: Civil Rights Data Collection State Files 2015-16 — West Virginia - File as of August 2018
CRDC,2015-16,other,Civil Rights Data Collection State Files 2015-16,CSV,https://data.ed.gov/dataset/1aaf0125-13d8-4237-87d1-3c137bb89eec/resource/1a706e04-c581-42b8-898c-243a7aad90fe/download/crdc2015-16-wv-oct-2018.csv,CRDC: Civil Rights Data Collection State Files 2015-16 — West Virginia - File as of October 2018
CRDC,2015-16,other,Civil Rights Data Collection State Files 2015-16,CSV,https://data.ed.gov/dataset/1aaf0125-13d8-4237-87d1-3c137bb89eec/resource/6d101426-6916-4fe1-be58-3e1d4158d8ef/download/crdc-2015-16-wi-aug-2018.csv,CRDC: Civil Rights Data Collection State Files 2015-16 — Wisconsin - File as of August 2018
CRDC,2015-16,other,Civil Rights Data Collection State Files 2015-16,CSV,https://data.ed.gov/dataset/1aaf0125-13d8-4237-87d1-3c137bb89eec/resource/a987412c-9b73-45bf-a053-f638d7416966/download/crdc2015-16-wi-oct-2018.csv,CRDC: Civil Rights Data Collection State Files 2015-16 — Wisconsin - File as of October 2018
CRDC,2015-16,other,Civil Rights Data Collection State Files 2015-16,CSV,https://data.ed.gov/dataset/1aaf0125-13d8-4237-87d1-3c137bb89eec/resource/ae0cd73a-309a-4fd4-9499-8fb1019c56ef/download/crdc-2015-16-wy-aug-2018.csv,CRDC: Civil Rights Data Collection State Files 2015-16 — Wyoming - File as of August 2018
CRDC,2015-16,other,Civil Rights Data Collection State Files 2015-16,CSV,https://data.ed.gov/dataset/1aaf0125-13d8-4237-87d1-3c137bb89eec/resource/c2a376bd-039d-42d3-be4a-434b2b9baa9f/download/crdc2015-16-wy-oct-2018.csv,CRDC: Civil Rights Data Collection State Files 2015-16 — Wyoming - File as of October 2018
CRDC,2015-16,enrollment,2015-16 Student Enrollment Civil Rights Data Collection,XLSX,https://civilrightsdata.ed.gov/assets/downloads/2015-2016/Enrollment-ELL.xlsx,CRDC: 2015-16 Student Enrollment Civil Rights Data Collection — ELL Enrollment
CRDC,2015-16,enrollment,2015-16 Student Enrollment Civil Rights Data Collection,XLSX,https://civilrightsdata.ed.gov/assets/downloads/2015-2016/Enrollment-Section-504-only.xlsx,CRDC: 2015-16 Student Enrollment Civil Rights Data Collection — Section 504 Enrollment
CRDC,2015-16,enrollment,2015-16 Student Enrollment Civil Rights Data Collection,XLSX,https://civilrightsdata.ed.gov/assets/downloads/2015-2016/Enrollment-IDEA.xlsx,CRDC: 2015-16 Student Enrollment Civil Rights Data Collection — IDEA Enrollment
CRDC,2015-16,enrollment,2015-16 Student Enrollment Civil Rights Data Collection,XLSX,https://civilrightsdata.ed.gov/assets/downloads/2015-2016/Enrollment-Overall.xlsx,CRDC: 2015-16 Student Enrollment Civil Rights Data Collection — Enrollment
CRDC,2015-16,teachers,2015-16 Classroom Teachers Civil Rights Data Collection,XLSX,https://civilrightsdata.ed.gov/assets/downloads/2015-2016/FTE-Support-Staff-High-School.xlsx,CRDC: 2015-16 Classroom Teachers Civil Rights Data Collection — Support Staff in High Schools
CRDC,2015-16,teachers,2015-16 Classroom Teachers Civil Rights Data Collection,XLSX,https://civilrightsdata.ed.gov/assets/downloads/2015-2016/FTE-Support-Staff-Middle-School.xlsx,CRDC: 2015-16 Classroom Teachers Civil Rights Data Collection — Support Staff in Middle Schools
CRDC,2015-16,teachers,2015-16 Classroom Teachers Civil Rights Data Collection,XLSX,https://civilrightsdata.ed.gov/assets/downloads/2015-2016/FTE-Support-Staff-Elementary-School.xlsx,CRDC: 2015-16 Classroom Teachers Civil Rights Data Collection — Support Staff in Elementary Schools
CRDC,2015-16,teachers,2015-16 Classroom Teachers Civil Rights Data Collection,XLSX,https://civilrightsdata.ed.gov/assets/downloads/2015-2016/Teacher-Retention.xlsx,CRDC: 2015-16 Classroom Teachers Civil Rights Data Collection — Teacher Retention
CRDC,2015-16,teachers,2015-16 Classroom Teachers Civil Rights Data Collection,XLSX,https://civilrightsdata.ed.gov/assets/downloads/2015-2016/Teacher-Certification-and-Years-of-Experience.xlsx,CRDC: 2015-16 Classroom Teachers Civil Rights Data Collection — Classroom Teachers
CRDC,2015-16,other,2015-16 Student Retention Civil Rights Data Collection,XLSX,https://civilrightsdata.ed.gov/assets/downloads/2015-2016/Retention-in-Grade-12.xlsx,CRDC: 2015-16 Student Retention Civil Rights Data Collection — Grade 12
CRDC,2015-16,other,2015-16 Student Retention Civil Rights Data Collection,XLSX,https://civilrightsdata.ed.gov/assets/downloads/2015-2016/Retention-in-Grade-11.xlsx,CRDC: 2015-16 Student Retention Civil Rights Data Collection — Grade 11
CRDC,2015-16,other,2015-16 Student Retention Civil Rights Data Collection,XLSX,https://civilrightsdata.ed.gov/assets/downloads/2015-2016/Retention-in-Grade-10.xlsx,CRDC: 2015-16 Student Retention Civil Rights Data Collection — Grade 10 
CRDC,2015-16,other,2015-16 Student Retention Civil Rights Data Collection,XLSX,https://civilrightsdata.ed.gov/assets/downloads/2015-2016/Retention-in-Grade-9.xlsx,CRDC: 2015-16 Student Retention Civil Rights Data Collection — Grade 9
CRDC,2015-16,other,2015-16 Student Retention Civil Rights Data Collection,XLSX,https://civilrightsdata.ed.gov/assets/downloads/2015-2016/Retention-in-Grade-8.xlsx,CRDC: 2015-16 Student Retention Civil Rights Data Collection — Grade 8
CRDC,2015-16,other,2015-16 Student Retention Civil Rights Data Collection,XLSX,https://civilrightsdata.ed.gov/assets/downloads/2015-2016/Retention-in-Grade-7.xlsx,CRDC: 2015-16 Student Retention Civil Rights Data Collection — Grade 7
CRDC,2015-16,other,2015-16 Student Retention Civil Rights Data Collection,XLSX,https://civilrightsdata.ed.gov/assets/downloads/2015-2016/Retention-in-Grade-6.xlsx,CRDC: 2015-16 Student Retention Civil Rights Data Collection — Grade 6
CRDC,2015-16,other,2015-16 Student Retention Civil Rights Data Collection,XLSX,https://civilrightsdata.ed.gov/assets/downloads/2015-2016/Retention-in-Grade-5.xlsx,CRDC: 2015-16 Student Retention Civil Rights Data Collection — Grade 5
CRDC,2015-16,other,2015-16 Student Retention Civil Rights Data Collection,XLSX,https://civilrightsdata.ed.gov/assets/downloads/2015-2016/Retention-in-Grade-4.xlsx,CRDC: 2015-16 Student Retention Civil Rights Data Collection — Grade 4
CRDC,2015-16,other,2015-16 Student Retention Civil Rights Data Collection,XLSX,https://civilrightsdata.ed.gov/assets/downloads/2015-2016/Retention-in-Grade-3.xlsx,CRDC: 2015-16 Student Retention Civil Rights Data Collection — Grade 3
CRDC,2015-16,other,2015-16 Student Retention Civil Rights Data Collection,XLSX,https://civilrightsdata.ed.gov/assets/downloads/2015-2016/Retention-in-Grade-2.xlsx,CRDC: 2015-16 Student Retention Civil Rights Data Collection — Grade 2
CRDC,2015-16,other,2015-16 Student Retention Civil Rights Data Collection,XLSX,https://civilrightsdata.ed.gov/assets/downloads/2015-2016/Retention-in-Grade-1.xlsx,CRDC: 2015-16 Student Retention Civil Rights Data Collection — Grade 1
CRDC,2015-16,other,2015-16 Student Retention Civil Rights Data Collection,XLSX,https://civilrightsdata.ed.gov/assets/downloads/2015-2016/Retention-in-Kindergarten.xlsx,CRDC: 2015-16 Student Retention Civil Rights Data Collection — Kindergarten
CRDC,2015-16,test_scores,2015-16 SAT/ACT Participation Civil Rights Data Collection,XLSX,https://civilrightsdata.ed.gov/assets/downloads/2015-2016/SAT-or-ACT-Participation-by-State.xlsx,CRDC: 2015-16 SAT/ACT Participation Civil Rights Data Collection — SAT/ACT Participation
CRDC,2015-16,enrollment,2015-16 International Baccalaureate Enrollment Civil Rights Data Collection,XLSX,https://civilrightsdata.ed.gov/assets/downloads/2015-2016/IB-Enrollment-by-State.xlsx,CRDC: 2015-16 International Baccalaureate Enrollment Civil Rights Data Collection — IB Enrolment
CRDC,2015-16,discipline,2015-16 Restraint and Seclusion Civil Rights Data Collection,XLSX,https://civilrightsdata.ed.gov/assets/downloads/2015-2016/Offenses.xlsx,CRDC: 2015-16 Restraint and Seclusion Civil Rights Data Collection — Offenses
CRDC,2015-16,discipline,2015-16 Restraint and Seclusion Civil Rights Data Collection,XLSX,https://civilrightsdata.ed.gov/assets/downloads/2015-2016/Seclusion.xlsx,CRDC: 2015-16 Restraint and Seclusion Civil Rights Data Collection — Seclusion
CRDC,2015-16,discipline,2015-16 Restraint and Seclusion Civil Rights Data Collection,XLSX,https://civilrightsdata.ed.gov/assets/downloads/2015-2016/Physical-Restraint.xlsx,CRDC: 2015-16 Restraint and Seclusion Civil Rights Data Collection — Physical Restraint
CRDC,2015-16,discipline,2015-16 Restraint and Seclusion Civil Rights Data Collection,XLSX,https://civilrightsdata.ed.gov/assets/downloads/2015-2016/Mechanical-Restraint.xlsx,CRDC: 2015-16 Restraint and Seclusion Civil Rights Data Collection — Mechanical Restraint
CRDC,2015-16,test_scores,2015-16 Mathematics and Science Civil Rights Data Collection,XLSX,https://civilrightsdata.ed.gov/assets/downloads/2015-2016/Enrollment-in-Physics.xlsx,CRDC: 2015-16 Mathematics and Science Civil Rights Data Collection — Physics
CRDC,2015-16,test_scores,2015-16 Mathematics and Science Civil Rights Data Collection,XLSX,https://civilrightsdata.ed.gov/assets/downloads/2015-2016/Enrollment-in-Chemistry.xlsx,CRDC: 2015-16 Mathematics and Science Civil Rights Data Collection — Chemistry
CRDC,2015-16,test_scores,2015-16 Mathematics and Science Civil Rights Data Collection,XLSX,https://civilrightsdata.ed.gov/assets/downloads/2015-2016/Enrollment-in-Biology.xlsx,CRDC: 2015-16 Mathematics and Science Civil Rights Data Collection — Biology
CRDC,2015-16,test_scores,2015-16 Mathematics and Science Civil Rights Data Collection,XLSX,https://civilrightsdata.ed.gov/assets/downloads/2015-2016/Enrollment-in-Calculus.xlsx,CRDC: 2015-16 Mathematics and Science Civil Rights Data Collection — Calculus
CRDC,2015-16,enrollment,2015-16 Mathematics and Science Civil Rights Data Collection,XLSX,https://civilrightsdata.ed.gov/assets/downloads/2015-2016/Enrollment-in-Advanced-Mathematics.xlsx,CRDC: 2015-16 Mathematics and Science Civil Rights Data Collection — Advanced Mathematics
CRDC,2015-16,test_scores,2015-16 Mathematics and Science Civil Rights Data Collection,XLSX,https://civilrightsdata.ed.gov/assets/downloads/2015-2016/Enrollment-in-Algebra-II.xlsx,CRDC: 2015-16 Mathematics and Science Civil Rights Data Collection — Algebra II
CRDC,2015-16,test_scores,2015-16 Mathematics and Science Civil Rights Data Collection,XLSX,https://civilrightsdata.ed.gov/assets/downloads/2015-2016/Enrollment-in-Geometry-in-High-School.xlsx,CRDC: 2015-16 Mathematics and Science Civil Rights Data Collection — Geometry in High School
CRDC,2015-16,test_scores,2015-16 Mathematics and Science Civil Rights Data Collection,XLSX,https://civilrightsdata.ed.gov/assets/downloads/2015-2016/Enrollment-in-Geometry-in-Grade-8.xlsx,CRDC: 2015-16 Mathematics and Science Civil Rights Data Collection — Geometry Grade 8
CRDC,2015-16,test_scores,2015-16 Mathematics and Science Civil Rights Data Collection,XLSX,https://civilrightsdata.ed.gov/assets/downloads/2015-2016/Enrollment-in-Algebra-I-Grades-11-12.xlsx,CRDC: 2015-16 Mathematics and Science Civil Rights Data Collection — Algebra I Grades 11-12
CRDC,2015-16,test_scores,2015-16 Mathematics and Science Civil Rights Data Collection,XLSX,https://civilrightsdata.ed.gov/assets/downloads/2015-2016/Enrollment-in-Algebra-I-Grades-9-10.xlsx,CRDC: 2015-16 Mathematics and Science Civil Rights Data Collection — Algebra I Grades 9-10
CRDC,2015-16,test_scores,2015-16 Mathematics and Science Civil Rights Data Collection,XLSX,https://civilrightsdata.ed.gov/assets/downloads/2015-2016/Enrollment-in-Algebra-I-Grade-8.xlsx,CRDC: 2015-16 Mathematics and Science Civil Rights Data Collection — Algebra I Grade 8
CRDC,2015-16,test_scores,2015-16 Mathematics and Science Civil Rights Data Collection,XLSX,https://civilrightsdata.ed.gov/assets/downloads/2015-2016/Enrollment-in-Algebra-I-Grade-7.xlsx,CRDC: 2015-16 Mathematics and Science Civil Rights Data Collection — Algebra I Grade 7
CRDC,2015-16,teachers,2015-16 Mathematics and Science Civil Rights Data Collection,XLSX,https://civilrightsdata.ed.gov/assets/downloads/2015-2016/High-School-Science-Classes-Certified-Teachers.xlsx,CRDC: 2015-16 Mathematics and Science Civil Rights Data Collection — High School Science classes taught by Certified Teachers
CRDC,2015-16,teachers,2015-16 Mathematics and Science Civil Rights Data Collection,XLSX,https://civilrightsdata.ed.gov/assets/downloads/2015-2016/High-School-Math-Classes-Certified-Teachers.xlsx,CRDC: 2015-16 Mathematics and Science Civil Rights Data Collection — High School Mathematics classes taught by Certified Teachers
CRDC,2015-16,teachers,2015-16 Mathematics and Science Civil Rights Data Collection,XLSX,https://civilrightsdata.ed.gov/assets/downloads/2015-2016/Middle-School-Math-Classes-Certified-Teachers.xlsx,CRDC: 2015-16 Mathematics and Science Civil Rights Data Collection — Middle School Mathematics classes taught by Certified Teachers
CRDC,2015-16,other,2015-16 Mathematics and Science Civil Rights Data Collection,XLSX,https://civilrightsdata.ed.gov/assets/downloads/2015-2016/High-Schools-Offering-Science-Classes.xlsx,CRDC: 2015-16 Mathematics and Science Civil Rights Data Collection — High Schools offering Science courses
CRDC,2015-16,other,2015-16 Mathematics and Science Civil Rights Data Collection,XLSX,https://civilrightsdata.ed.gov/assets/downloads/2015-2016/High-Schools-Offering-Mathematics-Classes.xlsx,CRDC: 2015-16 Mathematics and Science Civil Rights Data Collection — High Schools offering Mathematics courses
CRDC,2015-16,other,2015-16 Mathematics and Science Civil Rights Data Collection,XLSX,https://civilrightsdata.ed.gov/assets/downloads/2015-2016/Middle-Schools-Offering-Mathematics-Classes-Grade-7-and-8.xlsx,CRDC: 2015-16 Mathematics and Science Civil Rights Data Collection — Middle Schools offering Mathematic courses
CRDC,2015-16,test_scores,2015-16 Advanced Placement Exam Taking Civil Rights Data Collection,XLSX,https://civilrightsdata.ed.gov/assets/downloads/2015-2016/Advanced-Placement-Participation-by-State-Took-Exam.xlsx,CRDC: 2015-16 Advanced Placement Exam Taking Civil Rights Data Collection — Took AP Exam
CRDC,2015-16,test_scores,2015-16 Advanced Placement Exam Taking Civil Rights Data Collection,XLSX,https://civilrightsdata.ed.gov/assets/downloads/2015-2016/Advanced-Placement-Participation-by-State-Did-Not-Take-Exam.xlsx,CRDC: 2015-16 Advanced Placement Exam Taking Civil Rights Data Collection — Did Not Take AP Exam
CRDC,2015-16,other,Civil Rights Data Collection (CRDC) for the 2015-16  school year,ZIP,https://civilrightsdata.ed.gov/assets/ocr/docs/2015-16-crdc-data.zip,CRDC: Civil Rights Data Collection (CRDC) for the 2015-16  school year — 2015-16-crdc-data.zip
CRDC,2015-16,other,2015-16 Pathways to College and Career Readiness Civil Rights Data Collection,XLSX,https://civilrightsdata.ed.gov/assets/downloads/2015-2016/Chronic-Absenteeism.xlsx,CRDC: 2015-16 Pathways to College and Career Readiness Civil Rights Data Collection — Student Absenteeism
CRDC,2015-16,enrollment,2015-16 Pathways to College and Career Readiness Civil Rights Data Collection,XLSX,https://civilrightsdata.ed.gov/assets/downloads/2015-2016/Gifted-Talented-Enrollment.xlsx,CRDC: 2015-16 Pathways to College and Career Readiness Civil Rights Data Collection — Gifted and Talented
CRDC,2015-16,other,2015-16 Pathways to College and Career Readiness Civil Rights Data Collection,XLSX,https://civilrightsdata.ed.gov/assets/downloads/2015-2016/English-Language-Instruction-Programs.xlsx,CRDC: 2015-16 Pathways to College and Career Readiness Civil Rights Data Collection — English Language Instruction Educational Programs
CRDC,2015-16,enrollment,2015-16 Pathways to College and Career Readiness Civil Rights Data Collection,XLSX,https://civilrightsdata.ed.gov/assets/downloads/2015-2016/Preschool-Enrollment.xlsx,CRDC: 2015-16 Pathways to College and Career Readiness Civil Rights Data Collection — Preschool Enrollment
CRDC,2015-16,discipline,2015-16 Harassment or Bullying by Basis Category Civil Rights Data Collection,XLSX,https://civilrightsdata.ed.gov/assets/downloads/2015-2016/Allegations-of-Harassment-or-Bullying.xlsx,CRDC: 2015-16 Harassment or Bullying by Basis Category Civil Rights Data Collection — Allegations of Harassment or Bullying
CRDC,2015-16,discipline,2015-16 Harassment or Bullying by Basis Category Civil Rights Data Collection,XLSX,https://civilrightsdata.ed.gov/assets/downloads/2015-2016/Harassment-Bullying-on-basis-of-disability-disciplined.xlsx,CRDC: 2015-16 Harassment or Bullying by Basis Category Civil Rights Data Collection — On Basis of Disability - Disciplined 
CRDC,2015-16,discipline,2015-16 Harassment or Bullying by Basis Category Civil Rights Data Collection,XLSX,https://civilrightsdata.ed.gov/assets/downloads/2015-2016/Harassment-Bullying-on-basis-of-race-disciplined.xlsx,CRDC: 2015-16 Harassment or Bullying by Basis Category Civil Rights Data Collection — On Basis of Race - Disciplined
CRDC,2015-16,discipline,2015-16 Harassment or Bullying by Basis Category Civil Rights Data Collection,XLSX,https://civilrightsdata.ed.gov/assets/downloads/2015-2016/Harassment-Bullying-on-basis-of-sex-disciplined.xlsx,CRDC: 2015-16 Harassment or Bullying by Basis Category Civil Rights Data Collection — On Basis of Sex - Disciplined
CRDC,2015-16,discipline,2015-16 Harassment or Bullying by Basis Category Civil Rights Data Collection,XLSX,https://civilrightsdata.ed.gov/assets/downloads/2015-2016/Harassment-Bullying-on-basis-of-disability-reported.xlsx,CRDC: 2015-16 Harassment or Bullying by Basis Category Civil Rights Data Collection — On Basis of Disability - Reported
CRDC,2015-16,discipline,2015-16 Harassment or Bullying by Basis Category Civil Rights Data Collection,XLSX,https://civilrightsdata.ed.gov/assets/downloads/2015-2016/Harassment-Bullying-on-basis-of-race-reported.xlsx,CRDC: 2015-16 Harassment or Bullying by Basis Category Civil Rights Data Collection — On Basis of Race - Reported
CRDC,2015-16,discipline,2015-16 Harassment or Bullying by Basis Category Civil Rights Data Collection,XLSX,https://civilrightsdata.ed.gov/assets/downloads/2015-2016/Harassment-Bullying-on-basis-of-sex-reported.xlsx,CRDC: 2015-16 Harassment or Bullying by Basis Category Civil Rights Data Collection — On Basis of Sex - Reported
CRDC,2015-16,other,School District Composites SY 2015-16 TL 16,ZIP,https://nces.ed.gov/programs/edge/data/EDGE_SCHOOLDISTRICT_TL16_SY1516.zip,CRDC: School District Composites SY 2015-16 TL 16 — Single Composite File
CRDC,2020-21,test_scores,School District Characteristics 2020-21,ZIP,https://nces.ed.gov/programs/edge/data/TL_2021_SD.zip,CRDC: School District Characteristics 2020-21 — Layers by District Type
CRDC,2020-21,test_scores,Public School Characteristics 2020-21,ZIP,https://nces.ed.gov/programs/edge/data/EDGE_GEOCODE_PUBLICLEA_2021.zip,CRDC: Public School Characteristics 2020-21 — Public School District File
