state,category,dataset_title,resource_name,format,url,description
virginia,other,Local and Regional Schools and Centers 2021 - 2022,2021-22-local-and-regional-schools,XLSX,https://data.virginia.gov/dataset/89a641ec-9df2-4e40-bf49-160a9b7d3cee/resource/570a9ea5-5397-4c46-ae91-c0fe588a4925/download/2021-22-local-and-regional-schools-3-1.xlsx,Local and Regional Schools and Centers 2021 - 2022 — 2021-22-local-and-regional-schools
virginia,test_scores,Cohort Graduation and Dropout Report 2020,Cohort Graduation and Dropout Rate 2020,CSV,https://data.virginia.gov/dataset/c13dbcbb-92fd-4335-9f41-9d6f41b084eb/resource/19b88afb-e16d-450d-80fe-9dd11fa87f0d/download/cohort_statistics-7.csv,Cohort Graduation and Dropout Report 2020 — Cohort Graduation and Dropout Rate 2020
virginia,enrollment,2003-2004 Fall Membership School Totals by Grade,2003-2004 Fall Membership School Totals by Grade ,XLSX,https://data.virginia.gov/dataset/21daa5fe-7300-4ab6-a063-b40d1713a9b3/resource/fa15b15e-79f6-4df8-b327-888f9d73a10b/download/03-stg.xls,2003-2004 Fall Membership School Totals by Grade — 2003-2004 Fall Membership School Totals by Grade 
virginia,other,Home Schooled Students & Religious Exemptions 2015-16,Home Schooled Students & Religious Exemptions 2015-16,XLS,https://data.virginia.gov/dataset/320b9209-3a70-4e9c-afe5-79c22c971697/resource/23038d5c-08f2-42bb-adb3-9f930861a46c/download/2015_2016.xlsx,Home Schooled Students & Religious Exemptions 2015-16 — Home Schooled Students & Religious Exemptions 2015-16
virginia,other,Graduates & Completers - Graduates by Continuing Education Plans 2019 - 2020,2019-2020-division-totals-continuing-ed,XLS,https://data.virginia.gov/dataset/c1f08fe5-62bd-496c-b888-523c0694b1d7/resource/6b478b04-9708-40ac-a533-15ba4a80a096/download/2019-2020-division-totals-continuing-ed-1.xls,Graduates & Completers - Graduates by Continuing Education Plans 2019 - 2020 — 2019-2020-division-totals-continuing-ed
virginia,other,2002-2003 Gifted Education Annual Total Report,2003Gifted Education Annual Total Report,PDF,https://data.virginia.gov/dataset/8e0e3df2-0009-45cf-a022-8a925ef64843/resource/632c3d98-be30-4c0f-b5c5-787fae8d3d06/download/2003_gifted.pdf,2002-2003 Gifted Education Annual Total Report — 2003Gifted Education Annual Total Report
virginia,enrollment,"Administrative, Service and Support Personnel Positions by Function - Fiscal Year 2021",Fiscal Year 2021,XLSX,https://data.virginia.gov/dataset/311ecec4-029e-4d46-9cbf-f4d7593fcf72/resource/723e6739-ebb2-45b3-9590-4925fd7ecdff/download/table-18-fy21.xlsx,"Administrative, Service and Support Personnel Positions by Function - Fiscal Year 2021 — Fiscal Year 2021"
virginia,enrollment,2000-2001 Fall Membership School Totals by Grade,2000-2001 Fall Membership School Totals by Grade,XLSX,https://data.virginia.gov/dataset/c08429df-b628-4486-8415-057fd1d028b6/resource/313da14a-b613-4b1d-8a05-31a05839176d/download/2000-2001-fall-membership-school-totals-by-grade.xlsx,2000-2001 Fall Membership School Totals by Grade — 2000-2001 Fall Membership School Totals by Grade
virginia,enrollment,2000-2001 Gifted Annual Report by Membership,2000-2001 Gifted Annual Report by Membership,PDF,https://data.virginia.gov/dataset/8dbf75de-cf6a-4ef2-b604-4e3e30100583/resource/f9d29454-3b37-4fdb-9b93-9a7f46e01f0c/download/2001_gifted_membership.pdf,2000-2001 Gifted Annual Report by Membership — 2000-2001 Gifted Annual Report by Membership
virginia,other,Local and Regional Schools and Centers 2023 - 2024,2023-24 Local and Regional Schools,XLSX,https://data.virginia.gov/dataset/137bf667-69eb-40e6-afc7-c3885d24dd7b/resource/4054e1a3-8439-4b41-81fd-95969811cc2a/download/2023-24-local-and-regional-schools.xlsx,Local and Regional Schools and Centers 2023 - 2024 — 2023-24 Local and Regional Schools
virginia,other,Home Schooled Students & Religious Exemptions 2020 - 2021,2020-2021-homeschooled-religious-exempt,XLSX,https://data.virginia.gov/dataset/781d99db-9aa4-4f81-9fe0-a46fad7a5183/resource/de281d63-ae9e-4427-a050-06f477330b3b/download/2020-2021-homeschooled-religious-exempt.xlsx,Home Schooled Students & Religious Exemptions 2020 - 2021 — 2020-2021-homeschooled-religious-exempt
virginia,enrollment,Gifted Programs 2020 - 2021,Gifted Programs 2020 - 2021,PDF,https://data.virginia.gov/dataset/1c5b514f-7df6-4976-a3cc-34b1dd532828/resource/ecc7c002-b57a-4b3c-9610-a4bfb8ab8672/download/20202021annualreport.pdf,Gifted Programs 2020 - 2021 — Gifted Programs 2020 - 2021
virginia,enrollment,2004-2005 Fall Membership School Totals by Grade,2004-2005 Fall Membership School Totals by Grade,XLSX,https://data.virginia.gov/dataset/00e82ed5-703a-4c95-b392-f8c2c3e51b22/resource/5b721679-7f90-440f-8172-2882bc87452b/download/04-school-totals-by-grade.xls,2004-2005 Fall Membership School Totals by Grade — 2004-2005 Fall Membership School Totals by Grade
virginia,other,Local and Regional Schools and Centers 2020 - 2021,2020-21-local-and-regional-schools,XLSX,https://data.virginia.gov/dataset/0eff83da-badd-445e-8680-44c38b22e709/resource/f1f66818-b9cf-4004-aa29-d2f7d89259ad/download/2020-21-local-and-regional-schools-3.xlsx,Local and Regional Schools and Centers 2020 - 2021 — 2020-21-local-and-regional-schools
virginia,discipline,Dropout Information 2021 - 2022,Dropout information 2021 - 2022,XLSX,https://data.virginia.gov/dataset/846a03f0-5593-4db6-872d-d940347ff9d3/resource/1cb6784c-05f6-4d91-8ff3-38d785d7bc89/download/2021-22-table-6.xlsx,Dropout Information 2021 - 2022 — Dropout information 2021 - 2022
virginia,test_scores,Division Subject-Area 2019-2022,division-by-subject-2019-2022,CSV,https://data.virginia.gov/dataset/885580a6-3ac2-4f91-872b-69bca9ba2fbd/resource/b4238f68-988f-474e-a838-6ee9c2a21fc8/download/division-by-subject-2022.xlsx,Division Subject-Area 2019-2022 — division-by-subject-2019-2022
virginia,enrollment,2002-2003 Fall Membership School Totals by Grade,Fall Membership 2002-2003 School Totals by Grade,XLSX,https://data.virginia.gov/dataset/d4e6ffec-0355-4ba1-8f01-a5901ff99608/resource/09f44960-7a3b-4a66-a849-a5dae2047afc/download/fm_sch_grade-3.xls,2002-2003 Fall Membership School Totals by Grade — Fall Membership 2002-2003 School Totals by Grade
virginia,other,Home Schooled Students & Religious Exemptions 2013-14,Home Schooled Students & Religious Exemptions 2013-14 ,XLS,https://data.virginia.gov/dataset/ad131df9-6014-44e6-b514-275c4e05436a/resource/6aa3c9ea-e84d-4257-a2db-3a85c64c5a5c/download/2013_2014.xls,Home Schooled Students & Religious Exemptions 2013-14 — Home Schooled Students & Religious Exemptions 2013-14 
virginia,test_scores,Cohort Graduation and Dropout Report 2019,Cohort Graduation and Dropout Rate 2019,CSV,https://data.virginia.gov/dataset/89179d05-0009-4a08-a8bd-4f31ee47ed4a/resource/209a1d06-8d24-47e5-9bea-d64f6e7b6406/download/cohort_statistics-8.csv,Cohort Graduation and Dropout Report 2019 — Cohort Graduation and Dropout Rate 2019
virginia,other,Report of Graduates 2005-06,2005-06 Report of Combined Term High School Graduates by Document Type.,PDF,https://data.virginia.gov/dataset/4578d819-9f24-4d1c-abd4-6c143bfc5e55/resource/ddf63c37-1150-4fb6-8870-4bebb3860fee/download/grad-sch0304.pdf,Report of Graduates 2005-06 — 2005-06 Report of Combined Term High School Graduates by Document Type.
virginia,other,Report of Graduates 2005-06,2005-06 Combined Term High School Graduates by Continuing Education Plan.,PDF,https://data.virginia.gov/dataset/4578d819-9f24-4d1c-abd4-6c143bfc5e55/resource/14c19f35-44e0-46d7-a37b-a33f8f235f44/download/gradp0304.pdf,Report of Graduates 2005-06 — 2005-06 Combined Term High School Graduates by Continuing Education Plan.
virginia,other,Report of Graduates 2005-06,2005-06 Report of Graduate and Completer Totals by School.,PDF,https://data.virginia.gov/dataset/4578d819-9f24-4d1c-abd4-6c143bfc5e55/resource/4d768b48-b6a2-4b04-8c21-0ba7ac78eb1e/download/gradd0304.pdf,Report of Graduates 2005-06 — 2005-06 Report of Graduate and Completer Totals by School.
virginia,test_scores,2021-2022 Division Participation Rates,2021 - 2022 Division Participation Rates,XLSX,https://data.virginia.gov/dataset/84a85474-7ac6-409d-bcc0-2224fbaa5eca/resource/024edacd-006f-4d5e-a214-f10ec8977908/download/2021-2022-div-participation-rates.xlsx,2021-2022 Division Participation Rates — 2021 - 2022 Division Participation Rates
virginia,discipline,Annual School Dropouts - Grades 7 -12 - 2019 - 2020,annual_dropout_statistics 2019 - 2020,CSV,https://data.virginia.gov/dataset/4b75e09b-8e17-46db-a530-47b02ab7a007/resource/759391d8-a05b-40f8-87ba-1f64df5b6e94/download/annual_dropout_statistics-4.csv,Annual School Dropouts - Grades 7 -12 - 2019 - 2020 — annual_dropout_statistics 2019 - 2020
virginia,financials,Special Education Child Count 2019 - 2020,Special Education Child Count 2019 - 2020,CSV,https://data.virginia.gov/dataset/f870d07d-86ff-44e1-89fb-37a83e129a68/resource/38af1414-338f-4e6a-b45e-90b0e2dbf407/download/dec_1_statistics-3.csv,Special Education Child Count 2019 - 2020 — Special Education Child Count 2019 - 2020
virginia,test_scores,Cohort Graduation and Dropout Report 2021,Cohort Graduation and Dropout Rate 2021,CSV,https://data.virginia.gov/dataset/d2f4192e-a978-44ea-b6e9-c7fcdba2272f/resource/99a342e4-4e83-40f1-9b51-887a5c7e434f/download/cohort_statistics-6.csv,Cohort Graduation and Dropout Report 2021 — Cohort Graduation and Dropout Rate 2021
virginia,other,Home Schooled Students & Religious Exemptions 2021 - 2022,2021 - 2022-homeschool-and-religious-exempts,XLSX,https://data.virginia.gov/dataset/71cb5fb7-80ba-4163-b61c-cb2dbf9f736e/resource/6294d41f-7168-4b81-be04-b0853f7b5ea6/download/2021-2022-homeschool-and-religious-exempts.xlsx,Home Schooled Students & Religious Exemptions 2021 - 2022 — 2021 - 2022-homeschool-and-religious-exempts
virginia,enrollment,Fall Membership 2008-09 Division Totals by Grade,Fall Membership 2008-09 Division Totals by Grade,XLSX,https://data.virginia.gov/dataset/606ece5b-9a87-4fd1-89b4-ebdbd5d327f8/resource/10c3a9ea-ad7f-4853-bca4-3777f791f2ef/download/2008-div-tot-by-grade.xls,Fall Membership 2008-09 Division Totals by Grade — Fall Membership 2008-09 Division Totals by Grade
virginia,other,2000-2001 Gifted Education Annual Report,2001 Gifted Education Annual Report,PDF,https://data.virginia.gov/dataset/98c1284d-fcde-4ab8-b0e6-20c47e0a6376/resource/192594d9-e24b-43d4-af5b-568296257b1e/download/02062007_2001_giftededucationannualreport.pdf,2000-2001 Gifted Education Annual Report — 2001 Gifted Education Annual Report
virginia,other,School-Age Population Estimates by School Division 2024,School-Age Population Estimates by School Division 2024 ,XLSX,https://data.virginia.gov/dataset/071688b1-8d74-4d10-8b9b-eb8d7ea0d5dd/resource/d6f24896-e420-489b-be57-8b0f185a223b/download/scape_divisionestimates_july-1-2024_uvacooperctr.xlsx,School-Age Population Estimates by School Division 2024 — School-Age Population Estimates by School Division 2024 
virginia,other,Annual Reports of Graduates & Completers - Graduate and Completers Totals by School 2022- 2023,2022-totals-school,XLS,https://data.virginia.gov/dataset/1ed0b853-2e4b-46fa-b217-a2182292f399/resource/8475d9d8-da9a-4a4f-99ec-82ff5e27f6c7/download/2022-totals-school.xls,Annual Reports of Graduates & Completers - Graduate and Completers Totals by School 2022- 2023 — 2022-totals-school
virginia,enrollment,Chronic Absenteeism in VA schools for year 2019 - 2020,absenteeism-school-2019,XLSX,https://data.virginia.gov/dataset/af3a42ce-363d-46e9-8453-8441dce2bb06/resource/5dbf807a-2280-4ab9-b655-8922f995c056/download/chronic-absenteeism-school-2019.xlsx,Chronic Absenteeism in VA schools for year 2019 - 2020 — absenteeism-school-2019
virginia,enrollment,Superintendent's Annual Report - Membership 2022 - 2023,Membership 2022 - 2023,XLSX,https://data.virginia.gov/dataset/b320b8b2-3d2a-4dbc-8a0c-da9def4cc7f4/resource/91f614f1-cf32-4511-92cb-e99f0c2be91b/download/2022-23-table-1.xlsx,Superintendent's Annual Report - Membership 2022 - 2023 — Membership 2022 - 2023
virginia,enrollment,1997 Fall Membership Division Summary Excluding PK and UG,1997 Fall Membership Division Summary,XLSX,https://data.virginia.gov/dataset/8e7d532c-89d9-49db-9b03-7382bad6e588/resource/12733572-b823-4336-8a95-87bd109d472b/download/1997-fall-membership-division-summary-excluding.xlsx,1997 Fall Membership Division Summary Excluding PK and UG — 1997 Fall Membership Division Summary
virginia,enrollment,1999 Fall Membership Division Summary, 1999 Fall Membership Division Summary,XLSX,https://data.virginia.gov/dataset/6d4dbb0a-fa0d-4b08-8806-c232805b3701/resource/a4afddc6-20cb-49ad-b869-2db9ba72292f/download/99-fall-membership-division-summary.xlsx,1999 Fall Membership Division Summary —  1999 Fall Membership Division Summary
virginia,other,Total Instructional Positions and Average Annual Salaries - 2023,Total Instructional Positions and Average Annual Salaries  - 2023,XLSX,https://data.virginia.gov/dataset/b0c9a049-58f1-4d24-bd9f-c5cd1d9f1437/resource/eef69274-7523-4b5b-b76e-b43bfb466589/download/2022-2023-superintendents-annual-report-table-19.xlsx,Total Instructional Positions and Average Annual Salaries - 2023 — Total Instructional Positions and Average Annual Salaries  - 2023
virginia,other,Age/Grade Distribution 2022 - 2023,Age/Grade Distribution 2022 - 2023,XLSX,https://data.virginia.gov/dataset/ae3dd46b-6367-476f-8cef-164e7c896038/resource/e1353f36-a81c-42ee-bc0d-26dff7164929/download/2022-23-table-7.xlsx,Age/Grade Distribution 2022 - 2023 — Age/Grade Distribution 2022 - 2023
virginia,enrollment,1996-1997 Fall Membership Division Summaries by Ethnic Group,1996-1997 Fall Membership Division Summaries by Ethnic Group,XLSX,https://data.virginia.gov/dataset/b908907c-c175-4f85-8210-5a0150120dfe/resource/f1f3ce12-56fd-4717-9284-4a56701659c8/download/96-97-fall-mem-division-and-ethnicity.xlsx,1996-1997 Fall Membership Division Summaries by Ethnic Group — 1996-1997 Fall Membership Division Summaries by Ethnic Group
virginia,enrollment,2007-2008 Fall Membership School Totals by Grade,2007-2008 Fall Membership School Totals by Grade,XLSX,https://data.virginia.gov/dataset/a6f1271b-3d08-4b78-9a5a-03ce62fa5622/resource/6239807c-75f0-4cd7-bf15-9425b6e48781/download/school-totals-by-grade-2007.xls,2007-2008 Fall Membership School Totals by Grade — 2007-2008 Fall Membership School Totals by Grade
virginia,other,2016-2017 Gifted Annual Report,2016-2017 Gifted Annual Report,PDF,https://data.virginia.gov/dataset/8579cd00-e12a-49c5-91ac-080106a4a8c6/resource/9930653b-a0c5-41ab-a93d-161ecd87e8d0/download/2016-2017-gifted.pdf,2016-2017 Gifted Annual Report — 2016-2017 Gifted Annual Report
virginia,other,Local and Regional Schools and Centers 2012-13,Local and Regional Schools and Centers 2012-13 ,PDF,https://data.virginia.gov/dataset/ef29bba4-36d9-451d-9d35-98262575b838/resource/0714a715-73dd-4fd3-849e-57cbb399dce9/download/2012_13_local_reg_sch_ctrs_a.pdf,Local and Regional Schools and Centers 2012-13 — Local and Regional Schools and Centers 2012-13 
virginia,other,Annual Reports of Graduates & Completers - Graduate by Diploma Type 2022 - 2023,Division totals type 2022-2023,XLS,https://data.virginia.gov/dataset/82cda990-3166-460b-b70c-7b485f4dc52d/resource/9ad5c48f-9947-4ca7-9819-15538748dcc1/download/2022-2023-division-totals-doctype.xls,Annual Reports of Graduates & Completers - Graduate by Diploma Type 2022 - 2023 — Division totals type 2022-2023
virginia,test_scores,2022-2023 Division Participation Rates,2022- 2023 Division Participation Rates,XLSX,https://data.virginia.gov/dataset/d5d1ce25-0524-443a-be90-c741b295cef8/resource/3d135d90-3b9f-491e-8c0f-f507eb2a86c5/download/division_particpation_rates_2022_2023.xlsx,2022-2023 Division Participation Rates — 2022- 2023 Division Participation Rates
virginia,other,Local and Regional Schools and Centers 2014-15,Local and Regional Schools and Centers 2014-15,PDF,https://data.virginia.gov/dataset/867b75ee-95b8-4146-9abb-5a69039ee843/resource/9184b421-f53e-4585-89c6-c0a81613389e/download/2014_15_local_reg_sch_ctrs_a.pdf,Local and Regional Schools and Centers 2014-15 — Local and Regional Schools and Centers 2014-15
virginia,other,Total Instructional Positions and Average Annual Salaries - 2022,Total Instructional Positions and Average Annual Salaries - 2022,XLSX,https://data.virginia.gov/dataset/eb607c72-3a05-410e-8e6b-814dc708cd55/resource/0445c89a-02dc-4b66-8e0b-f157d5839c2b/download/table19-fy22.xlsx,Total Instructional Positions and Average Annual Salaries - 2022 — Total Instructional Positions and Average Annual Salaries - 2022
virginia,enrollment,1998-1999 Fall Membership Division Summaries by Ethnic Group,1998 - 1999 Fall Membership Division Summaries by Ethnic Group,XLSX,https://data.virginia.gov/dataset/b3596896-2898-451d-bb6a-80a725815b71/resource/acc947df-0f76-4459-9c23-5625a4f61ff4/download/98-99-division-by-ethnicity.xlsx,1998-1999 Fall Membership Division Summaries by Ethnic Group — 1998 - 1999 Fall Membership Division Summaries by Ethnic Group
virginia,enrollment,2005-2006 Fall Membership Division Totals by Grade,05 Division Totals by Grade,XLSX,https://data.virginia.gov/dataset/78058962-0b32-4312-bf3f-2f106fd2c475/resource/b0a364ea-1bb1-4456-9d83-00c07929a12a/download/05-division-totals-by-grade.xls,2005-2006 Fall Membership Division Totals by Grade — 05 Division Totals by Grade
virginia,enrollment,1996 Fall Membership Division Summary Excluding PK And PG,1996 Fall Membership Division Summary Excluding PK and PG ,XLSX,https://data.virginia.gov/dataset/2edf0e9d-0525-421b-b304-3ef2e91e0527/resource/b10729e2-03a3-46d6-b42d-e5a5e49ad4ad/download/1996-fall-mem-division-summary.xlsx,1996 Fall Membership Division Summary Excluding PK And PG — 1996 Fall Membership Division Summary Excluding PK and PG 
virginia,other,Local and Regional Schools and Centers 2022 - 2023,2022-23-local-and-regional-schools,XLSX,https://data.virginia.gov/dataset/852fc612-5dbc-4754-b89c-ee06c8c31d69/resource/a1d270b7-8f38-4562-afe2-df40f134f287/download/2022-23-local-and-regional-schools.xlsx,Local and Regional Schools and Centers 2022 - 2023 — 2022-23-local-and-regional-schools
virginia,enrollment,Fall Membership Statistics 2022- 2023,Fall membership statistics 2022 - 2023,CSV,https://data.virginia.gov/dataset/45f92067-e220-4412-8c7c-f21e27564432/resource/a21478a1-90d8-4f13-bc14-4c93eeeef0ea/download/fall_membership_statistics-4.csv,Fall Membership Statistics 2022- 2023 — Fall membership statistics 2022 - 2023
virginia,test_scores,Division Subject-Area 2015-2018,2015- 2018-division-subject-area,CSV,https://data.virginia.gov/dataset/c0ec08c8-9b01-452b-a14c-eff7d54e6410/resource/703ef5b4-9df3-4c1f-89f5-4ffdd95d726d/download/2017-2018-division-subject-area.xlsx,Division Subject-Area 2015-2018 — 2015- 2018-division-subject-area
virginia,enrollment,Student Enrollment and Attendance Data by Teaching Modality - 2020 - 2021,Mode of Instruction 2020 - 2021,XLSX,https://data.virginia.gov/dataset/94d44272-9504-4965-9a60-7f08405bd6e7/resource/2aa0dee9-3dd2-41c4-b487-38639bb3ac4f/download/2020-2021-mode-of-instruction.xlsx,Student Enrollment and Attendance Data by Teaching Modality - 2020 - 2021 — Mode of Instruction 2020 - 2021
virginia,other,Superintendent's Annual Report - Receipts of Division - Fiscal Year 2020,Fiscal Year 2020,XLSX,https://data.virginia.gov/dataset/f2b18957-4a96-444c-817b-adb257f46701/resource/a19f00d0-ee50-4374-ba90-bb54fd2653be/download/table-12-fy20.xlsx,Superintendent's Annual Report - Receipts of Division - Fiscal Year 2020 — Fiscal Year 2020
virginia,enrollment,"School Enrollment Projections data - April 15, 2024","School Enrollment Projections data - April 15, 2024",XLSX,https://data.virginia.gov/dataset/0be90d34-daa1-4602-8334-0f0905e3cdd8/resource/45d227dd-1a81-4b26-a94c-a20215e51b82/download/school_enrollment_projections_2024-04-15.xlsx,"School Enrollment Projections data - April 15, 2024 — School Enrollment Projections data - April 15, 2024"
virginia,other,Report of Graduates 2002-03,2002-03 Report of Combined Term High School Graduates by Document Type.,PDF,https://data.virginia.gov/dataset/80714336-ac87-4a0e-8ea1-c7281a1f43cc/resource/945cd2e6-04c4-437a-b5ee-79dd216d4f9f/download/grad-sch0203.pdf,Report of Graduates 2002-03 — 2002-03 Report of Combined Term High School Graduates by Document Type.
virginia,other,Report of Graduates 2002-03,2002-03 Combined Term High School Graduates by Continuing Education Plans,PDF,https://data.virginia.gov/dataset/80714336-ac87-4a0e-8ea1-c7281a1f43cc/resource/14dc3b9d-8267-4207-a6d9-b6053edeb7be/download/gradp0203.pdf,Report of Graduates 2002-03 — 2002-03 Combined Term High School Graduates by Continuing Education Plans
virginia,other,Report of Graduates 2002-03,2002-03 Report of Graduate and Completer Totals by School. ,PDF,https://data.virginia.gov/dataset/80714336-ac87-4a0e-8ea1-c7281a1f43cc/resource/58d833aa-458d-4d9e-945f-8d66c5351491/download/gradd0203.pdf,Report of Graduates 2002-03 — 2002-03 Report of Graduate and Completer Totals by School. 
virginia,enrollment,"Number of Days Taught, ADA, ADM 2019 - 2020","Number of Days Taught, ADA, ADM 2019 - 2020",XLSX,https://data.virginia.gov/dataset/dcf72521-462d-479c-a210-df18703d7bf1/resource/b79802c7-c348-4e51-b6f8-6ddd5d02c73c/download/2019-2020-table-08.xlsx,"Number of Days Taught, ADA, ADM 2019 - 2020 — Number of Days Taught, ADA, ADM 2019 - 2020"
virginia,enrollment,2007-08 Division Totals by Grade,2007-08 Division Totals by Grade,XLSX,https://data.virginia.gov/dataset/03fd8063-581a-4694-86fe-0f76e161cb74/resource/9d08025c-802d-404d-9017-5a40d4404791/download/div-totals-by-grade-2007.xls,2007-08 Division Totals by Grade — 2007-08 Division Totals by Grade
virginia,discipline,Dropout Information 2022 - 2023,Dropout information,XLSX,https://data.virginia.gov/dataset/373330cf-804a-4c13-a476-98ce93cfb484/resource/5ef440c8-e43e-4ab5-bfde-74d50067e640/download/2022-23-table-6.xlsx,Dropout Information 2022 - 2023 — Dropout information
virginia,other,Superintendent's Annual Report - Disbursements by Division - Fiscal Year - 2023,Disbursements by Division 2022  - 2023,XLSX,https://data.virginia.gov/dataset/50886103-c8a6-4180-8de7-6c52dbfe700a/resource/1dd73310-c811-41ac-acab-c381617831ca/download/2022-2023-superintendents-annual-report-table-13_-disbursements-by-division.xlsx,Superintendent's Annual Report - Disbursements by Division - Fiscal Year - 2023 — Disbursements by Division 2022  - 2023
virginia,enrollment,"Administrative, Service and Support Personnel Positions by Function - Fiscal Year 2020",Fiscal Year 2020,XLSX,https://data.virginia.gov/dataset/8cfdb0a3-43a2-4ece-a5a9-8044f9e77a08/resource/2d2381ab-2a0d-4df1-b607-618dd3ac9330/download/table-18-fy20.xlsx,"Administrative, Service and Support Personnel Positions by Function - Fiscal Year 2020 — Fiscal Year 2020"
virginia,other,School-Age Population Estimates- Town Estimates,School-Age Population Estimates- Town Estimates ,XLSX,https://data.virginia.gov/dataset/a5765968-9339-4c70-a750-b1bf97ce7b0a/resource/82b19d63-bfd6-4d7a-8c4c-8617be6171a3/download/scape_townestimates_july-1-2024_uvacooperctr.xlsx,School-Age Population Estimates- Town Estimates — School-Age Population Estimates- Town Estimates 
virginia,other,Local and Regional Schools and Centers 2006-07,Local and Regional Schools and Centers 2006-07,PDF,https://data.virginia.gov/dataset/6fd2eb39-8d27-49ca-9bc5-7b2c019771cc/resource/7047f701-0bde-4d93-bcb8-999e060cea80/download/2006_07_local_reg_sch_ctrs_a.pdf,Local and Regional Schools and Centers 2006-07 — Local and Regional Schools and Centers 2006-07
virginia,other,2015-2016 Gifted Annual Report,2015-2016 Gifted Annual Report,PDF,https://data.virginia.gov/dataset/90678f50-dc00-43ff-b5d2-330c265a0610/resource/ad880d0f-8e77-4375-b2f8-a166e1ec4448/download/2015-2016_gifted.pdf,2015-2016 Gifted Annual Report — 2015-2016 Gifted Annual Report
virginia,enrollment,"Administrative, Service and Support Personnel Positions by Function - Fiscal Year 2023",Fiscal Year 2023,XLSX,https://data.virginia.gov/dataset/60f5d1c9-2e79-43d3-a713-7ed6a4d7f5c4/resource/3a816a80-bcd2-4b21-9152-b10444f93d5d/download/2022-2023-superintendents-annual-report-table-18.xlsx,"Administrative, Service and Support Personnel Positions by Function - Fiscal Year 2023 — Fiscal Year 2023"
virginia,test_scores,"Report of LIMITED ENGLISH PROFICIENT (LEP) STUDENTS Receiving Services, as of September 30, 1998","Report of LEP Students Receiving Services as of Sept.\ 30, 1998",XLSX,https://data.virginia.gov/dataset/d8ab63e5-e7ec-4580-8ec4-7bb02066d78d/resource/46396e62-ba97-4c8e-aff7-07b92407c9d4/download/lep-98.xlsx,"Report of LIMITED ENGLISH PROFICIENT (LEP) STUDENTS Receiving Services, as of September 30, 1998 — Report of LEP Students Receiving Services as of Sept.\ 30, 1998"
virginia,other,2019-2020 Gifted Annual Report,2019-2020 Gifted Annual Report ,PDF,https://data.virginia.gov/dataset/0b94b5f2-ea7c-4c18-8328-5bf8f7316632/resource/78edd6b1-69ff-4b69-8544-5079ac54edb8/download/2019-2020-annual-report.pdf,2019-2020 Gifted Annual Report — 2019-2020 Gifted Annual Report 
virginia,test_scores,State Participation Rates,State_Participation_Rates_2020-2023,CSV,https://data.virginia.gov/dataset/46d95ddc-8553-46b8-98d4-061a7cb9fcb9/resource/3ea73f4b-d878-4005-bdf7-ba6a13de3fb3/download/state_participation_rates_2020-2023.xlsx,State Participation Rates — State_Participation_Rates_2020-2023
virginia,enrollment,Gifted Programs 2019 - 2020,Gifted programs 2019 - 2020,PDF,https://data.virginia.gov/dataset/64ad5bcb-42ad-4c76-bf32-40d6c43555ea/resource/60b76d03-5302-4e64-9a20-8c6db6f40a5b/download/20192020annualreport.pdf,Gifted Programs 2019 - 2020 — Gifted programs 2019 - 2020
virginia,enrollment,2001-2002 Gifted Annual Report by Membership,2002 Gifted Annual Report by Membership,PDF,https://data.virginia.gov/dataset/ff7cd8f5-3f71-43fe-b451-01db37aadfe9/resource/7cee8057-62a2-41ff-b4c5-17646f554303/download/2002_gifted_membership.pdf,2001-2002 Gifted Annual Report by Membership — 2002 Gifted Annual Report by Membership
virginia,enrollment,Fall membership statistics 2020 - 2021,Fall membership statistics 2020 - 2021,CSV,https://data.virginia.gov/dataset/28f58438-198c-4618-9a10-64504b847e25/resource/dafe9fa4-23a3-4c82-8ff9-50e915043798/download/fall_membership_statistics-5.csv,Fall membership statistics 2020 - 2021 — Fall membership statistics 2020 - 2021
virginia,enrollment,"Number of Days Taught, ADA, ADM 2021 - 2022","Number of Days Taught, ADA, ADM 2021 - 2022",XLSX,https://data.virginia.gov/dataset/e17206f7-377c-4861-b639-4e13c0536082/resource/032d7815-7c1f-4409-9aae-6120e43066d9/download/2021-2022-table-8.xlsx,"Number of Days Taught, ADA, ADM 2021 - 2022 — Number of Days Taught, ADA, ADM 2021 - 2022"
virginia,enrollment,Total Instructional Positions and Average Annual Salaries - 2021,Total Instructional Positions and Average Annual Salaries - 2021,XLSX,https://data.virginia.gov/dataset/155a0349-31c1-4900-9bfe-87ff969e3d9a/resource/c9772780-e52e-47a9-bc2d-2e67c5709708/download/table19-fy21.xlsx,Total Instructional Positions and Average Annual Salaries - 2021 — Total Instructional Positions and Average Annual Salaries - 2021
virginia,other,Local and Regional Schools and Centers 2010-11,Local and Regional Schools and Centers 2010-11 ,PDF,https://data.virginia.gov/dataset/878f7e59-dc31-43c4-ae51-a8208ef52c86/resource/33d28f4f-2b65-4c64-9c49-9412cd86a3ae/download/2010_11_local_reg_sch_ctrs_a.pdf,Local and Regional Schools and Centers 2010-11 — Local and Regional Schools and Centers 2010-11 
virginia,enrollment,Total Instructional Positions and Average Annual Salaries - 2020,Total Instructional Positions and Average Annual Salaries - 2020,XLSX,https://data.virginia.gov/dataset/25bb8f6e-2b39-46b3-8e3d-29537d8b6421/resource/a107a792-bb49-41c1-91a6-875a579d6228/download/table19-fy20.xlsx,Total Instructional Positions and Average Annual Salaries - 2020 — Total Instructional Positions and Average Annual Salaries - 2020
virginia,enrollment,Chronic Absenteeism in VA schools for year 2021 - 2022,absenteeism school 2021,XLSX,https://data.virginia.gov/dataset/0ae4df98-afdd-4636-9928-13ea28d122f0/resource/0cdbd673-e9af-4efa-a169-943e27626f0e/download/chronic-absenteeism-school-2021.xlsx,Chronic Absenteeism in VA schools for year 2021 - 2022 — absenteeism school 2021
virginia,enrollment,1999 School Census,1999 School Census,XLSX,https://data.virginia.gov/dataset/ce8d0fa3-b7f9-4e60-9723-88ce4a1af0d0/resource/d6a5605b-6b45-4610-b7c8-a4fc0b0ec80c/download/1999-school-census.xlsx,1999 School Census — 1999 School Census
virginia,other,Home Schooled Students & Religious Exemptions 2009-10,Home Schooled Students & Religious Exemptions 2009-10 ,XLS,https://data.virginia.gov/dataset/64efa1be-64a4-48b9-8642-528bb97895eb/resource/99d459a2-4f1f-408d-93ae-7375ee192497/download/2009_2010.xls,Home Schooled Students & Religious Exemptions 2009-10 — Home Schooled Students & Religious Exemptions 2009-10 
virginia,test_scores,State Test-by-Test 2017-2023,state_pass_rates_by_test_2017-2023.,CSV,https://data.virginia.gov/dataset/5002d90c-8f8a-45b8-b72f-7ccf99b85438/resource/eed1d4b3-633e-496e-820b-b13115b81e4f/download/state_pass_rates_by_test_2017-2023.xlsx,State Test-by-Test 2017-2023 — state_pass_rates_by_test_2017-2023.
virginia,enrollment,2002 School Census,School Census_2002,XLSX,https://data.virginia.gov/dataset/578b0887-aaf0-4573-bbde-e7fe1f4e3f0f/resource/4c5d840f-32e9-4bbd-933a-a652814f9285/download/2002-school-census.xlsx,2002 School Census — School Census_2002
virginia,enrollment,Fall membership statistics 2021 - 2022,Fall membership statistics 2021 - 2022,CSV,https://data.virginia.gov/dataset/8282419c-9ae9-45c0-8ddc-a943d8690efd/resource/7386c0f7-c520-4a7b-9d7f-62c6207374e9/download/fall_membership_statistics-2.csv,Fall membership statistics 2021 - 2022 — Fall membership statistics 2021 - 2022
virginia,other,Local and Regional Schools and Centers 2019 - 2020,2019-20-local-and-regional-schools,XLSX,https://data.virginia.gov/dataset/c7908ac4-2b74-4981-be77-887983f995cd/resource/44221d2c-e78d-4f95-a9e9-30b65ff4d2c8/download/2019-20-local-and-regional-schools-2.xlsx,Local and Regional Schools and Centers 2019 - 2020 — 2019-20-local-and-regional-schools
virginia,enrollment,2001-2002 Fall Membership Division Totals by Grade,Division Totals by Grade,XLSX,https://data.virginia.gov/dataset/b98f6d5a-2746-49dc-bc58-d15b79370b86/resource/b427e0f8-5625-4254-9a59-96d9946b629f/download/fm_div_grade-1.xls,2001-2002 Fall Membership Division Totals by Grade — Division Totals by Grade
virginia,enrollment,Fall Membership 2008-09 Division Summaries by Ethnicity,Fall Membership 2008-09 Division Summaries by Ethnicity ,XLSX,https://data.virginia.gov/dataset/7acf1d1f-ffe7-47e2-be86-9550318a8740/resource/61e70d11-b8e8-45d4-aa61-ccd17f22af5a/download/2008-div-summ-by-ethnicity.xls,Fall Membership 2008-09 Division Summaries by Ethnicity — Fall Membership 2008-09 Division Summaries by Ethnicity 
virginia,other,Graduates & Completers - Graduate and Completers Totals by School 2020 - 2021,2020-totals-school,XLS,https://data.virginia.gov/dataset/d12a1d84-248d-4f8c-82c1-3175aa2cf449/resource/191b8432-66a4-4c95-8434-beb3764d4d77/download/2020-totals-school.xls,Graduates & Completers - Graduate and Completers Totals by School 2020 - 2021 — 2020-totals-school
virginia,other,2005-2006 Gifted Annual Report,2006 Gifted Annual Report,PDF,https://data.virginia.gov/dataset/ed54c44f-274e-4331-b10e-84f60e2576b2/resource/3872d722-89e8-444c-bdd9-106d642f1386/download/2006_gifted.pdf,2005-2006 Gifted Annual Report — 2006 Gifted Annual Report
virginia,enrollment,"Number of Days Taught, ADA, ADM 2022 - 2023","Number of Days Taught, ADA, ADM 2022 - 2023",XLSX,https://data.virginia.gov/dataset/42902cf1-08b0-4af7-9777-fc051b2e1671/resource/f407a215-f24b-4d86-b2ff-5c4cae4ec389/download/2022-2023-table-08.xlsx,"Number of Days Taught, ADA, ADM 2022 - 2023 — Number of Days Taught, ADA, ADM 2022 - 2023"
virginia,other,Home Schooled Students & Religious Exemptions 2024-25,Home Schooled Students & Religious Exemptions 2024-25,XLSX,https://data.virginia.gov/dataset/a8f5cd2e-c9bd-4f46-9240-90f567722167/resource/b85c79f7-ef65-418b-a089-e34e7e5c1a1f/download/2024-2025-homeschool-and-religious-exempts.xlsx,Home Schooled Students & Religious Exemptions 2024-25 — Home Schooled Students & Religious Exemptions 2024-25
virginia,enrollment,2010-11 Fall Membership Division Summaries by Ethnicity,2010-11 Fall Membership Division Summaries by Ethnicity,XLSX,https://data.virginia.gov/dataset/143d41f5-8ca3-42d6-afe3-dc8f3cacd280/resource/2b2da7a0-e278-4fbb-b037-1f14bfdad3ff/download/2010-division_summaries_ethnicity.xls,2010-11 Fall Membership Division Summaries by Ethnicity — 2010-11 Fall Membership Division Summaries by Ethnicity
virginia,other,Superintendent's Annual Report - Disbursements by Division - Fiscal Year 2021,Fiscal Year 2021,XLSX,https://data.virginia.gov/dataset/3f9a5cf4-ed8c-4d33-a9d4-259f7042bf52/resource/f544873e-71ae-4fe8-a7ab-4b08d460b049/download/table-13-fy21.xlsx,Superintendent's Annual Report - Disbursements by Division - Fiscal Year 2021 — Fiscal Year 2021
virginia,enrollment,Fall Membership 2007-08 Division Summaries by Ethnicity,Fall Membership 2007-08 Division Summaries by Ethnicity,XLSX,https://data.virginia.gov/dataset/307f28f6-f93e-47b5-902a-bc926955e2fe/resource/42b85259-7462-43c9-ad27-70a1b62ab873/download/2007-div-summ-by-ethnicity.xls,Fall Membership 2007-08 Division Summaries by Ethnicity — Fall Membership 2007-08 Division Summaries by Ethnicity
virginia,enrollment,1997-1998 Fall Membership Division Summaries by Ethnic Group,1997 - 1998 Fall Membership Division Summaries by Ethnic Group,XLSX,https://data.virginia.gov/dataset/1bb5a156-6fc8-4a7b-a172-340ec6f809c3/resource/0b7c91e1-17e6-4eda-8f63-68cd5fa3c561/download/1997-1998-fall-membership-division-and-ethnic-group.xlsx,1997-1998 Fall Membership Division Summaries by Ethnic Group — 1997 - 1998 Fall Membership Division Summaries by Ethnic Group
virginia,other,Home-Schooled Students and Religious Exemptions 2003-4,Home-Schooled Students and Religious Exemptions 2003-4,XLSX,https://data.virginia.gov/dataset/502cd37c-8c30-49ce-aa8d-f171f1d155f9/resource/b1505a90-013e-451d-9633-360d91bc4c72/download/home-school-2004-5.xls,Home-Schooled Students and Religious Exemptions 2003-4 — Home-Schooled Students and Religious Exemptions 2003-4
virginia,test_scores,2021-2022 School Participation Rates,2021 - 2022 School Participation Rates,XLSX,https://data.virginia.gov/dataset/c022f90d-2bc8-4046-957f-d251356fd303/resource/4a2fc952-250d-4210-a819-aaddd5192632/download/2021-2022-sch-participation-rates.xlsx,2021-2022 School Participation Rates — 2021 - 2022 School Participation Rates
virginia,enrollment,1996-97 Fall Membership State Summaries by Grade and Ethnic Group,1996-97 Fall Membership State Summaries by Grade and Ethnic Group,XLSX,https://data.virginia.gov/dataset/4a60467f-f499-4ec4-88cd-d8e9eee3c5de/resource/1f25b64b-7dc0-433f-8b5c-0a66ba0c31d1/download/96-97-fall-membership-grade-and-ethnic.xlsx,1996-97 Fall Membership State Summaries by Grade and Ethnic Group — 1996-97 Fall Membership State Summaries by Grade and Ethnic Group
virginia,other,Number and Percentage of Students Promoted 2021 - 2022,Number and Percentage of Students Promoted 2021 - 2022,XLSX,https://data.virginia.gov/dataset/6dd1aabe-7f59-431e-a554-fc9e9004e5c0/resource/ec3a088c-7033-47be-8a57-7682dd133d66/download/2021-22-table3-1.xlsx,Number and Percentage of Students Promoted 2021 - 2022 — Number and Percentage of Students Promoted 2021 - 2022
virginia,other,Local and Regional Schools and Centers 2015-16,Local and Regional Schools and Centers 2015-16 ,PDF,https://data.virginia.gov/dataset/7b242dde-5cc7-4016-b223-c118717da0ac/resource/1ade794f-96de-4a6e-856b-a73614e6bc37/download/2015_16_local_reg_sch_ctrs_a.pdf,Local and Regional Schools and Centers 2015-16 — Local and Regional Schools and Centers 2015-16 
virginia,other,Home Schooled Students & Religious Exemptions 2022-23,Home Schooled Students & Religious Exemptions 2022-23,XLSX,https://data.virginia.gov/dataset/eeecb7e5-c39e-4aab-a089-422937154ec8/resource/e88c2375-8f43-40d9-a7c4-12d313de862a/download/2022-2023-homeschool-and-religious-exempts.xlsx,Home Schooled Students & Religious Exemptions 2022-23 — Home Schooled Students & Religious Exemptions 2022-23
virginia,other,Superintendent's Annual Report - Literary Fund - Fiscal Year 2020,Fiscal Year 2020,XLSX,https://data.virginia.gov/dataset/2bc88bbb-e4f1-42b7-9d8b-84b85a3c87f3/resource/ecb1b89c-62b5-45a1-bde3-2cd8afe61c02/download/table-10-fy20.xlsx,Superintendent's Annual Report - Literary Fund - Fiscal Year 2020 — Fiscal Year 2020
virginia,enrollment,2005-2006 Fall Membership Division Summaries by Ethnicity,2005-2006 Fall Membership Division Summaries by Ethnicity ,XLSX,https://data.virginia.gov/dataset/56563c5a-3d6f-4c3d-b473-614b76816990/resource/176d79c0-941b-4bbf-bb70-b0c4fe4b074c/download/05-division-summaries-by-ethnicity.xls,2005-2006 Fall Membership Division Summaries by Ethnicity — 2005-2006 Fall Membership Division Summaries by Ethnicity 
virginia,test_scores,Division Subject-Area  2022-2023,division_pass_rates_by_subject_by_stu_group_2022_2023,CSV,https://data.virginia.gov/dataset/89dd4c9f-d1e7-4579-bbe0-1606a209fe95/resource/6eda4924-53f1-4a68-aa03-6881f76bee9b/download/division_pass_rates_by_subject_by_stu_group_2022_2023.xlsx,Division Subject-Area  2022-2023 — division_pass_rates_by_subject_by_stu_group_2022_2023
virginia,other,Home Schooled Students & Religious Exemptions 2018-19,Home Schooled Students & Religious Exemptions 2018-19,XLSX,https://data.virginia.gov/dataset/bb2d1936-9fae-4d45-9f5c-bbd907955194/resource/e7806442-b0b1-4061-b1ea-138eb03c2ee6/download/2018-2019.xlsx,Home Schooled Students & Religious Exemptions 2018-19 — Home Schooled Students & Religious Exemptions 2018-19
virginia,enrollment,2002-2003 Fall Membership Division Totals by Ethnicity,2002-2003 Fall Membership Division Totals by Ethnicity,XLSX,https://data.virginia.gov/dataset/f3fa57a9-5d28-4e56-a1c8-c79ec73db804/resource/b14a005b-9520-44b0-8711-6b2c79e32f07/download/fm_div_race.xls,2002-2003 Fall Membership Division Totals by Ethnicity — 2002-2003 Fall Membership Division Totals by Ethnicity
virginia,other,Home Schooled Students & Religious Exemptions 2011-12,Home Schooled Students & Religious Exemptions 2011-12 ,XLS,https://data.virginia.gov/dataset/4f556d6e-fa6a-4eaa-a334-04495afac371/resource/2aa5760e-a966-438d-af78-65adaf218684/download/2011_2012.xls,Home Schooled Students & Religious Exemptions 2011-12 — Home Schooled Students & Religious Exemptions 2011-12 
virginia,enrollment,2005-2006 Fall Membership School Totals by Grade,2005-2006 Fall Membership School Totals by Grade,XLSX,https://data.virginia.gov/dataset/4a2ae34c-bf05-4e28-ac7c-2bd4f3fc2747/resource/2df59d5f-4fa9-4cb8-96ab-8b52fd3ced9f/download/05-school-totals-by-grade.xls,2005-2006 Fall Membership School Totals by Grade — 2005-2006 Fall Membership School Totals by Grade
virginia,other,2007-2008 Gifted Annual Report,2007-2008 Gifted Annual Report ,PDF,https://data.virginia.gov/dataset/02ec5090-0963-47ee-b81e-bf18944bd6ec/resource/bd2f74fa-8e46-4ffd-ab56-b71f9c471f04/download/2007-2008_gifted.pdf,2007-2008 Gifted Annual Report — 2007-2008 Gifted Annual Report 
virginia,enrollment,200607 Division Totals by Ethnicity,2006-07 Division Summaries by Ethnicity,XLSX,https://data.virginia.gov/dataset/38e19c40-d939-4f16-adba-50fe8704d20a/resource/6cfd032f-49a5-4d85-8e5b-ff9670d31770/download/2006-07-division-summaries-by-ethnicity.xls,200607 Division Totals by Ethnicity — 2006-07 Division Summaries by Ethnicity
virginia,other,Diploma Graduates and Completers 2021 - 2022,Diploma Graduates and Completers 2021 - 2022,XLSX,https://data.virginia.gov/dataset/7fea60f0-cb10-4dee-981f-29c3d47f35ef/resource/ad98a6f5-9fa8-4ed6-98da-d42777066d76/download/2021-22-table3.xlsx,Diploma Graduates and Completers 2021 - 2022 — Diploma Graduates and Completers 2021 - 2022
virginia,other,Local and Regional Schools and Centers 2007-08,Local and Regional Schools and Centers 2007-08 ,PDF,https://data.virginia.gov/dataset/f8c93331-ff1d-4dfc-b0a8-bc04102c6aad/resource/24ddcc89-f9b3-4ca2-ae9e-4aa79abe95bf/download/2007_08_local_reg_sch_ctrs_a.pdf,Local and Regional Schools and Centers 2007-08 — Local and Regional Schools and Centers 2007-08 
virginia,enrollment,Student Behavior and Administrative Response 2022 - 2023,student Behaviour 2022 - 2023,XLSX,https://data.virginia.gov/dataset/f34c144b-4714-42a9-8eb0-6b1efa4b665d/resource/95c217b7-aa50-4cca-a030-66a5d74e1d09/download/sbarsch2022.xlsx,Student Behavior and Administrative Response 2022 - 2023 — student Behaviour 2022 - 2023
virginia,other,Home Schooled Students & Religious Exemptions 2019-20,Home Schooled Students & Religious Exemptions 2019-20 ,XLSX,https://data.virginia.gov/dataset/807d7c63-9ff4-4f9e-b4a1-e74cdc932d6c/resource/6ac12d0f-0059-4f5a-9c87-4a6f2ad106b0/download/2019-2020-home-schooled-and-religious.xlsx,Home Schooled Students & Religious Exemptions 2019-20 — Home Schooled Students & Religious Exemptions 2019-20 
virginia,test_scores,School Accreditation Report 2022-23,School Accreditation Report 2022-23 ,XLSX,https://data.virginia.gov/dataset/2c3f15d8-6312-40d7-912e-9743c242ac2b/resource/42d4eb48-a702-4dcf-aaa0-85b797ac6d83/download/2022-2023-accreditation-summary.xlsx,School Accreditation Report 2022-23 — School Accreditation Report 2022-23 
virginia,other,Superintendent's Annual Report - Literary Fund - Fiscal Year 2022,Literary Fund 2021 - 2022,XLSX,https://data.virginia.gov/dataset/df9ca16d-8141-4349-9b95-04f4fcc6fb6b/resource/ff3b40c4-066b-4769-a9e6-f77951c9094d/download/table-10-fy22-1.xlsx,Superintendent's Annual Report - Literary Fund - Fiscal Year 2022 — Literary Fund 2021 - 2022
virginia,enrollment,Fall Membership Statistics 2023- 2024,Fall membership Statistics 2023 - 2024,CSV,https://data.virginia.gov/dataset/454e8f9f-d983-4c3b-a6b4-bed5b8335382/resource/0b97ef3e-8ca7-40c9-88f3-34b99dfa1791/download/fall_membership_statistics-3.csv,Fall Membership Statistics 2023- 2024 — Fall membership Statistics 2023 - 2024
virginia,discipline,Annual School Dropouts - Grades 7 -12 - 2022 - 2023,annual_dropout_statistics 2022 - 2023,CSV,https://data.virginia.gov/dataset/adfb9054-2675-45f3-a511-eae342c94253/resource/633993a2-f3e0-47ee-b0d8-dafcffbaddf7/download/annual_dropout_statistics.csv,Annual School Dropouts - Grades 7 -12 - 2022 - 2023 — annual_dropout_statistics 2022 - 2023
virginia,enrollment,1996 Fall Membership Division Summary Totals by Grade Including PK AND PG,1996 Fall Membership Division Summary,XLSX,https://data.virginia.gov/dataset/9f22845e-451e-470c-80ac-71b42ee3fe2f/resource/56c9c399-3046-4fbb-948c-14b35384a4d5/download/96-fall-membership-division-summary.xlsx,1996 Fall Membership Division Summary Totals by Grade Including PK AND PG — 1996 Fall Membership Division Summary
virginia,other,Home Schooled Students & Religious Exemptions 2006-07,Home Schooled Students & Religious Exemptions 2006-07 ,XLS,https://data.virginia.gov/dataset/c0ebea69-a653-4898-b205-3b6d302eeed6/resource/926d74b6-1193-420c-ab2a-27c5abbe0bb3/download/2006_2007.xls,Home Schooled Students & Religious Exemptions 2006-07 — Home Schooled Students & Religious Exemptions 2006-07 
virginia,enrollment,2000-2001 Fall Membership School Summaries by Ethnicity and Grade and Gender,School Summaries by Ethnicity and Grade and Gender,XLSX,https://data.virginia.gov/dataset/d1b4928f-c7a4-43d3-bb2d-9dbac21b5a70/resource/aefa632f-7a0b-42fd-a9fa-dd71d9f7b6c0/download/fm_sch_gr_race_gender.xls,2000-2001 Fall Membership School Summaries by Ethnicity and Grade and Gender — School Summaries by Ethnicity and Grade and Gender
virginia,other,Local and Regional Schools and Centers 2013-14,Local and Regional Schools and Centers 2013-14 ,PDF,https://data.virginia.gov/dataset/d7b44703-950f-403c-a758-59e962bb6ab2/resource/680a5347-75cc-4bd0-a88e-da197938d4f6/download/2013_14_local_reg_sch_ctrs_a.pdf,Local and Regional Schools and Centers 2013-14 — Local and Regional Schools and Centers 2013-14 
virginia,discipline,Annual School Dropouts - Grades 7 -12 - 2020 - 2021,annual_dropout_statistics 2020 - 2021,CSV,https://data.virginia.gov/dataset/179c5979-b55a-458c-9585-ebb68eea59d8/resource/14b1cae2-f7e8-4a69-aa73-0672685aea07/download/annual_dropout_statistics-3.csv,Annual School Dropouts - Grades 7 -12 - 2020 - 2021 — annual_dropout_statistics 2020 - 2021
virginia,other,Graduates & Completers - Graduates by Diploma Type 2019 - 2020,2019-2020-division-totals-doctype,XLS,https://data.virginia.gov/dataset/9c66dfaa-39ca-4f69-b507-e81d975e19a8/resource/1c4ba4ff-9e14-4f8e-b929-16933e282214/download/2019-2020-division-totals-doctype-1.xls,Graduates & Completers - Graduates by Diploma Type 2019 - 2020 — 2019-2020-division-totals-doctype
virginia,enrollment,2001-2002 Gifted Annual Report by Programs,2002 Gifted Annual Report by Programs,PDF,https://data.virginia.gov/dataset/33ca4d58-598a-4255-b0bf-2d291ee8ddf0/resource/660c310d-f49f-40bf-bca9-e851c7907c54/download/2002_gifted_programs.pdf,2001-2002 Gifted Annual Report by Programs — 2002 Gifted Annual Report by Programs
virginia,other,Age/Grade Distribution 2020 - 2021,Age/Grade Distribution 2020 - 2021,XLSX,https://data.virginia.gov/dataset/716e5987-1968-4ae2-b225-6d59aa153b5a/resource/f0f55f72-c18a-479e-b453-4cedf9f64c96/download/2020-21-table-7.xlsx,Age/Grade Distribution 2020 - 2021 — Age/Grade Distribution 2020 - 2021
virginia,other,2003-2004 Gifted Education Annual Total Report,2004 Gifted Education Annual Total Report,PDF,https://data.virginia.gov/dataset/1df6b43d-6698-47dc-bf75-8a642c15d6bb/resource/efa9230d-d70f-42ee-89fb-1b9c55ff4669/download/2004_gifted.pdf,2003-2004 Gifted Education Annual Total Report — 2004 Gifted Education Annual Total Report
virginia,other,Graduates & Completers - Graduates by Continuing Education Plans 2020 - 2021,2020-2021-division-totals-continuing-ed,XLS,https://data.virginia.gov/dataset/db1db696-924a-493b-a96a-121fb24e2393/resource/993f61ab-b923-4c50-8d00-281339e932eb/download/2020-2021-division-totals-continuing-ed-1.xls,Graduates & Completers - Graduates by Continuing Education Plans 2020 - 2021 — 2020-2021-division-totals-continuing-ed
virginia,other,Superintendent's Annual Report - Disbursements by Division - Fiscal Year - 2020,Fiscal Year 2020,XLSX,https://data.virginia.gov/dataset/609df3fd-dacb-4ff8-b698-67eb88cca5ac/resource/5cbc1d92-7300-4825-98dd-be82071afa9c/download/table-13-fy20.xlsx,Superintendent's Annual Report - Disbursements by Division - Fiscal Year - 2020 — Fiscal Year 2020
virginia,enrollment,Fall Membership Statistics 2019 - 2020,Fall Membership Statistics 2019 - 2020,CSV,https://data.virginia.gov/dataset/bdda1dcd-1316-407f-9a50-a5b17753ebf5/resource/73e43daa-d9fd-4e7e-a49a-7fe47639037f/download/fall_membership_statistics-6.csv,Fall Membership Statistics 2019 - 2020 — Fall Membership Statistics 2019 - 2020
virginia,other,Report of Graduates 2001-02,2001-02 Report of Combined Term High School Graduates by Document Type.,XLSX,https://data.virginia.gov/dataset/6f8d68a0-9e3e-4b4f-a17a-ac9ee6d6e275/resource/acfe9fdc-9fdf-4172-8c13-5e66ae53151a/download/2001-02.xlsx,Report of Graduates 2001-02 — 2001-02 Report of Combined Term High School Graduates by Document Type.
virginia,other,Report of Graduates 2001-02,2001-02 Combined Term High School Graduates by  Continuing Education Plans,XLSX,https://data.virginia.gov/dataset/6f8d68a0-9e3e-4b4f-a17a-ac9ee6d6e275/resource/98554038-fee0-4b2c-9095-ab9adfe50c82/download/2001-02_plan.xlsx,Report of Graduates 2001-02 — 2001-02 Combined Term High School Graduates by  Continuing Education Plans
virginia,enrollment,1999-00 Fall Membership State Summaries by Grade and Ethnic Group,1999-00 Fall Membership State Summaries by Grade and Ethnic Group,XLSX,https://data.virginia.gov/dataset/aead9350-cd4d-4a86-b1a2-4d47a8e4bd40/resource/b6b9437e-74f0-410c-add6-8c8d9c8db2da/download/1999-00-fall-membership.xlsx,1999-00 Fall Membership State Summaries by Grade and Ethnic Group — 1999-00 Fall Membership State Summaries by Grade and Ethnic Group
virginia,enrollment,1997-98 Fall Membership State Summaries by Grade and Ethnic Group,1997-98 Fall Membership State Summaries by Grade and Ethnic Group,XLSX,https://data.virginia.gov/dataset/ebabfdb1-0a67-4d52-b1cc-fc2a140c74ac/resource/d20e43db-3289-4a18-8f19-6eb30b38e4f6/download/1997-98-fall-membership.xlsx,1997-98 Fall Membership State Summaries by Grade and Ethnic Group — 1997-98 Fall Membership State Summaries by Grade and Ethnic Group
virginia,enrollment,Superintendent's Annual Report - Membership 2021 - 2022,Membership 2021 - 2022,XLSX,https://data.virginia.gov/dataset/50448175-6aca-4985-98f3-5fd534e76049/resource/4f298c7d-4f7d-4ea2-ba7c-1a1bfc34a297/download/2021-22-table-1.xlsx,Superintendent's Annual Report - Membership 2021 - 2022 — Membership 2021 - 2022
virginia,other,Home Schooled Students & Religious Exemptions 2023 - 2024,2023-2024-homeschool-and-religious-exempts,XLSX,https://data.virginia.gov/dataset/c30c52ff-d0aa-456c-b76e-09c91ae36ef2/resource/e605eb03-9cbd-4e6a-aef1-ca86b6c0a4f0/download/2023-2024-homeschool-and-religious-exempts.xlsx,Home Schooled Students & Religious Exemptions 2023 - 2024 — 2023-2024-homeschool-and-religious-exempts
virginia,enrollment,Student Behavior and Administrative Response 2021 - 2022,Student Behaviour 2021,XLSX,https://data.virginia.gov/dataset/c7e559ec-5d25-45cc-8eb7-febf9661f490/resource/027d7b9b-f325-4ca7-9bff-8dd4d3b61224/download/sbarsch2021.xlsx,Student Behavior and Administrative Response 2021 - 2022 — Student Behaviour 2021
virginia,enrollment,Chronic Absenteeism in VA schools for year 2022 - 2023,absenteeism School 2022,XLSX,https://data.virginia.gov/dataset/3bdcecf2-4ee9-40b5-b371-7a86125e8ebb/resource/9b477508-2c5a-4f59-ba21-a140bca562f5/download/chronic-absenteeism-school-2022.xlsx,Chronic Absenteeism in VA schools for year 2022 - 2023 — absenteeism School 2022
virginia,financials,Special Education Child Count 2021 - 2022,Special Education Child Count 2021-2022,CSV,https://data.virginia.gov/dataset/56243fc1-282a-414f-8018-ac5a4207c971/resource/b58ea3ab-0f2d-4935-b797-0c4da04501cc/download/dec_1_statistics-1.csv,Special Education Child Count 2021 - 2022 — Special Education Child Count 2021-2022
virginia,test_scores,School Accreditation Report 2023-24,School Accreditation Report 2023-24,XLSX,https://data.virginia.gov/dataset/155c5fa4-6fc0-4402-abc0-61ff39fb3be3/resource/6adf20c2-0251-460b-9730-efd01e913cd7/download/2023-2024-accreditation-summary.xlsx,School Accreditation Report 2023-24 — School Accreditation Report 2023-24
virginia,enrollment,2002-2003 Fall Membership Division Totals by Grade,2002-2003 Fall Membership Division Totals by Grade,XLSX,https://data.virginia.gov/dataset/a31c159e-e020-4a70-a880-1fe628de7013/resource/d92a08c0-338b-4943-9ddf-2320d5a57a9a/download/div-tot-grad.xls,2002-2003 Fall Membership Division Totals by Grade — 2002-2003 Fall Membership Division Totals by Grade
virginia,enrollment,Gifted Programs 2022 - 2023,Gifted Report 2022 - 2023,PDF,https://data.virginia.gov/dataset/b39c20f4-1d9e-4ec8-b5c3-808953bf07f4/resource/7a364211-459b-4b8a-ae05-79a5b2f45930/download/giftedannualreport2223.pdf,Gifted Programs 2022 - 2023 — Gifted Report 2022 - 2023
virginia,other,2004-2005 Gifted Education Annual Total Report,2005 Gifted Education Annual Total Report,PDF,https://data.virginia.gov/dataset/53ff2c17-2779-4f87-bfd7-42033b85f0bf/resource/2ff0b04a-da65-4df2-ac86-2929d65f66fc/download/2005_gifted-1.pdf,2004-2005 Gifted Education Annual Total Report — 2005 Gifted Education Annual Total Report
virginia,other,Graduates & Completers - Graduates by Diploma Type 2020 - 2021,2020-2021-division-totals-doctype,XLS,https://data.virginia.gov/dataset/2acffbff-f6e2-40cd-a016-41c8a483b876/resource/66a7ed9e-d3dc-40bc-ae68-07275d032e4b/download/2020-2021-division-totals-doctype-1.xls,Graduates & Completers - Graduates by Diploma Type 2020 - 2021 — 2020-2021-division-totals-doctype
virginia,enrollment,2006-07 School Totals by Grade,2006-07 school totals by grade,XLSX,https://data.virginia.gov/dataset/0b717857-4f58-48a2-8fd3-1dd8ebc18624/resource/3cb421d7-4207-4144-922c-881dccf6cd33/download/2006-07-school-totals-by-grade.xls,2006-07 School Totals by Grade — 2006-07 school totals by grade
virginia,test_scores,Cohort Graduation and Dropout Report 2023,Cohort Graduation and Dropout Rate 2023,CSV,https://data.virginia.gov/dataset/554735ce-fd3e-4077-af7f-868c32e51edf/resource/ccf203ad-862d-4522-8e9c-ab50de579ce7/download/cohort_statistics-4.csv,Cohort Graduation and Dropout Report 2023 — Cohort Graduation and Dropout Rate 2023
virginia,test_scores,2020-2021 Division Participation Rates,2020 -2021 Division Participation Rate,XLSX,https://data.virginia.gov/dataset/bf3bd599-983f-4872-953c-4f1f174f4da6/resource/a973c75a-e25f-4850-b768-caac2e588759/download/2020-2021-div-participation-rates.xlsx,2020-2021 Division Participation Rates — 2020 -2021 Division Participation Rate
virginia,test_scores,State Subject-Area,state_pass_rates_by_subject_by_stud_group_2017-2023,CSV,https://data.virginia.gov/dataset/80c61cf9-0799-41e3-819e-56a0ced31ca8/resource/de80bc30-1efb-40fb-b828-aa2cc7d3d158/download/state_pass_rates_by_subject_by_stud_group_2017-2023.xlsx,State Subject-Area — state_pass_rates_by_subject_by_stud_group_2017-2023
virginia,enrollment,Gifted Programs 2021  - 2022,Gifted Programs 2021 - 2022,PDF,https://data.virginia.gov/dataset/2df01429-c5b6-400c-9da1-0d1c6b0fdc0e/resource/df3c78c3-1a35-4d1a-901f-a9bb90cc5d04/download/20212022annualreport.pdf,Gifted Programs 2021  - 2022 — Gifted Programs 2021 - 2022
virginia,enrollment,2003-2004 Fall Membership Division Totals by Grade,2003-2004 Fall Membership Division Totals by Grade ,XLSX,https://data.virginia.gov/dataset/b95ad88b-37c6-4588-a97a-2d0f2144ae5f/resource/c4c1830d-f92e-4f59-88b3-23c119a9b167/download/03-dtg.xls,2003-2004 Fall Membership Division Totals by Grade — 2003-2004 Fall Membership Division Totals by Grade 
virginia,enrollment,2010-11 Fall Membership School Totals by Grade,2010-11 Fall Membership School Totals by Grade,XLSX,https://data.virginia.gov/dataset/82abc3c2-11ac-4028-a842-dd8810e1de31/resource/52197dff-aac9-4a82-823e-5a57f12d037e/download/2010-school_totals_grade.xls,2010-11 Fall Membership School Totals by Grade — 2010-11 Fall Membership School Totals by Grade
virginia,other,Home Schooled Students & Religious Exemptions 2014-15,Home Schooled Students & Religious Exemptions 2014-15,XLS,https://data.virginia.gov/dataset/e2c82481-adc1-49b9-a3e4-44d8658e3d9e/resource/0f3f1335-2e8f-4eda-83f5-65db3d54535a/download/2014_2015.xlsx,Home Schooled Students & Religious Exemptions 2014-15 — Home Schooled Students & Religious Exemptions 2014-15
virginia,discipline,Annual School Dropouts - Grades 7 -12 - 2021 - 2022,annual_dropout_statistics 2021 - 2022,CSV,https://data.virginia.gov/dataset/b57661c7-4fd8-4707-b0aa-3dcaada46679/resource/f413ea81-7209-4f28-93ef-9506a8de67f9/download/annual_dropout_statistics-2.csv,Annual School Dropouts - Grades 7 -12 - 2021 - 2022 — annual_dropout_statistics 2021 - 2022
virginia,other,2012-2013 Gifted Annual Report,2012-2013 Gifted Annual Report,PDF,https://data.virginia.gov/dataset/dec38ed3-ed08-4585-8dd0-f9652695d37b/resource/9228173f-a13c-49b3-b026-6560f37bf81b/download/2012-2013_gifted.pdf,2012-2013 Gifted Annual Report — 2012-2013 Gifted Annual Report
virginia,other,Graduates & Completers - Graduate and Completers Totals by School 2021 - 2022,2021-totals-school,XLS,https://data.virginia.gov/dataset/87ff7296-0940-41c1-af83-d7ab24c73ac2/resource/58238b55-596c-4d4b-8184-50eb4bc37d44/download/2021-totals-school.xls,Graduates & Completers - Graduate and Completers Totals by School 2021 - 2022 — 2021-totals-school
virginia,other,Superintendent's Annual Report - Literary Fund - Fiscal Year 2023,Literary Fund 2022 - 2023,XLSX,https://data.virginia.gov/dataset/f3627ae8-3181-4abb-a115-f4b018017ce1/resource/7682a128-7ee7-4a6f-9318-edcd99274d1a/download/2022-2023-superintendents-annual-report-table-10_-literary-fund.xlsx,Superintendent's Annual Report - Literary Fund - Fiscal Year 2023 — Literary Fund 2022 - 2023
virginia,enrollment,1997 Fall Membership Division Summary including PK and UG,1997 Fall Membership Division Summary,XLSX,https://data.virginia.gov/dataset/119e0f56-039d-4d64-9019-a9fd2f101695/resource/1c3a940a-efcf-4295-a1b4-79a14b64f4f0/download/1997-fall-membership-division-summary.xlsx,1997 Fall Membership Division Summary including PK and UG — 1997 Fall Membership Division Summary
virginia,enrollment,2000-2001 Division Totals by Grade,2000-2001 Fall Membership Division Totals by Grade,XLSX,https://data.virginia.gov/dataset/5e377a52-99db-4b2b-96e4-ef39d80009fa/resource/568993b7-c79b-4fdc-a2b8-179f9484796b/download/fm_div_grade.xls,2000-2001 Division Totals by Grade — 2000-2001 Fall Membership Division Totals by Grade
virginia,other,2018-2019 Gifted Annual Report,2018-2019 Gifted Annual Report ,PDF,https://data.virginia.gov/dataset/e4347acf-5e25-4579-8817-35cf9b5d0da7/resource/24a9c7e8-fce6-4a26-9fca-37bb1ddb2445/download/2018-2019-annual-report.pdf,2018-2019 Gifted Annual Report — 2018-2019 Gifted Annual Report 
virginia,other,2002-2003 Gifted Annual Report,2003 Gifted Annual Report,PDF,https://data.virginia.gov/dataset/15d3cec7-bb4f-4900-8740-af2bd7cbdfe8/resource/2b39c9d4-5302-463f-94e5-403ebfa809ca/download/2003_gifted.pdf,2002-2003 Gifted Annual Report — 2003 Gifted Annual Report
virginia,other,Age/Grade Distribution 2019 - 2020,Age/Grade Distribution 2019 - 2020,XLSX,https://data.virginia.gov/dataset/25fd66af-f3c6-4aec-b45e-09ba9c68a486/resource/1b4b4b2b-adc3-444b-be59-a1ecf0a5c3c4/download/2019-2020-table-7.xlsx,Age/Grade Distribution 2019 - 2020 — Age/Grade Distribution 2019 - 2020
virginia,other,Superintendent's Annual Report - Receipts of Division - Fiscal Year 2021,Fiscal Year 2021,XLSX,https://data.virginia.gov/dataset/21663c99-48d0-4f58-b84a-7f720993fcec/resource/48d87780-4c0b-4464-b897-ef2d0c74338a/download/table-12-fy21.xlsx,Superintendent's Annual Report - Receipts of Division - Fiscal Year 2021 — Fiscal Year 2021
virginia,enrollment,1998 Fall Membership Division Summary,1998-99 Fall Membership Division Summary,XLSX,https://data.virginia.gov/dataset/e5da29c1-e552-4f13-975b-3410dc7d6704/resource/0f0d5d1a-058d-47b4-8c45-d953291a3bbd/download/98-fall-membership-division-summary.xlsx,1998 Fall Membership Division Summary — 1998-99 Fall Membership Division Summary
virginia,other,Report of Graduates 1997-98,Report of Graduates 1997-98,XLSX,https://data.virginia.gov/dataset/07ccdc31-6f21-4d28-bab9-29cc0d56dfed/resource/ecab10e6-6018-4a6b-9059-c6c5e5fd36d4/download/1997-98-report-of-combined-term-high-school-graduates-by-document-type.xlsx,Report of Graduates 1997-98 — Report of Graduates 1997-98
virginia,other,Graduates & Completers - Graduate and Completers Totals by School 2019 - 2020,2019-totals-school,XLS,https://data.virginia.gov/dataset/a7c74cbd-5231-49a9-aa88-9ea29e8b6606/resource/1d2a46f3-9ed2-487c-8484-7f4edf4672b4/download/2019-totals-school.xls,Graduates & Completers - Graduate and Completers Totals by School 2019 - 2020 — 2019-totals-school
virginia,other,Report of Graduates 2004-05,2004-05 Report of Combined Term High School Graduates by Document Type.,PDF,https://data.virginia.gov/dataset/91a86ffb-07d6-4c72-aaef-6688cd1e42d6/resource/bafc2104-7798-41ba-9a2f-da351e82a0a5/download/grad-sch0304.pdf,Report of Graduates 2004-05 — 2004-05 Report of Combined Term High School Graduates by Document Type.
virginia,other,Report of Graduates 2004-05,2004-05 Combined Term High School Graduates by Continuing Education Plan,PDF,https://data.virginia.gov/dataset/91a86ffb-07d6-4c72-aaef-6688cd1e42d6/resource/178fc07c-450d-4878-9d7d-fa8ac0235682/download/gradp0304.pdf,Report of Graduates 2004-05 — 2004-05 Combined Term High School Graduates by Continuing Education Plan
virginia,other,Report of Graduates 2004-05,2004-05 Report of Graduate and Completer Totals by School.,PDF,https://data.virginia.gov/dataset/91a86ffb-07d6-4c72-aaef-6688cd1e42d6/resource/4d0e5434-78f6-4019-a223-074e866b5838/download/gradd0304.pdf,Report of Graduates 2004-05 — 2004-05 Report of Graduate and Completer Totals by School.
virginia,other,Local and Regional Schools and Centers 2008-09,Local and Regional Schools and Centers 2008-09,PDF,https://data.virginia.gov/dataset/dbddf92a-3549-401f-a929-2ff084efda1a/resource/9ecf6979-ba3f-4ade-8261-39797d8c2e0a/download/2008_09_local_reg_sch_ctrs_a.pdf,Local and Regional Schools and Centers 2008-09 — Local and Regional Schools and Centers 2008-09
virginia,other,Home Schooled Students & Religious Exemptions 2008-09,Home Schooled Students & Religious Exemptions 2008-09,XLS,https://data.virginia.gov/dataset/c50bca48-31b6-4753-964c-f6cabb310db7/resource/03b18664-4c06-4a96-8042-836d92f40d5f/download/2008_2009.xls,Home Schooled Students & Religious Exemptions 2008-09 — Home Schooled Students & Religious Exemptions 2008-09
virginia,enrollment,2005 TRIENNIAL SCHOOL CENSUS,2005 TRIENNIAL SCHOOL CENSUS,XLSX,https://data.virginia.gov/dataset/fb84a1ca-688a-4d70-ad3f-2f803357357f/resource/7aba44f8-eb14-4726-b8b5-56032adcbf0a/download/2005-triennial-school-census.xlsx,2005 TRIENNIAL SCHOOL CENSUS — 2005 TRIENNIAL SCHOOL CENSUS
virginia,other,Report of Graduates 2003-04,2003-04 Report of Combined Term High School Graduates by Document Type.,PDF,https://data.virginia.gov/dataset/d1e883bd-b60a-44d7-9663-1543bc6bd788/resource/2d55fd58-0e7c-4eb4-98a4-b6cc891e6010/download/grad-sch0304.pdf,Report of Graduates 2003-04 — 2003-04 Report of Combined Term High School Graduates by Document Type.
virginia,other,Report of Graduates 2003-04,2003-04 Combined Term High School Graduates by Continuing Education Plan,PDF,https://data.virginia.gov/dataset/d1e883bd-b60a-44d7-9663-1543bc6bd788/resource/d53d2750-a249-4cad-9b72-26bec5ef83ad/download/gradp0304.pdf,Report of Graduates 2003-04 — 2003-04 Combined Term High School Graduates by Continuing Education Plan
virginia,other,Report of Graduates 2003-04,2003-04 Report of Graduate and Completer Totals by School. ,PDF,https://data.virginia.gov/dataset/d1e883bd-b60a-44d7-9663-1543bc6bd788/resource/66f84e02-6245-438f-abb9-6da17cb9b393/download/gradd0304.pdf,Report of Graduates 2003-04 — 2003-04 Report of Graduate and Completer Totals by School. 
virginia,other,Home Schooled Students & Religious Exemptions 2017-18,Home Schooled Students & Religious Exemptions 2017-18,XLS,https://data.virginia.gov/dataset/554a4a50-e245-4cad-89c5-aff61fe626fb/resource/dd6db2a3-2e3a-417b-8a50-aa405dbf0695/download/2017_2018.xlsx,Home Schooled Students & Religious Exemptions 2017-18 — Home Schooled Students & Religious Exemptions 2017-18
virginia,other,Diploma Graduates and Completers 2022 - 2023,Diploma Graduates and Completers,XLSX,https://data.virginia.gov/dataset/a2efeb13-d1fa-483f-8521-bfdfc2b1f5fa/resource/b78e119b-9088-4871-9ad7-005fbb221262/download/2022-2023-table-05.xlsx,Diploma Graduates and Completers 2022 - 2023 — Diploma Graduates and Completers
virginia,other,American History,american_history,PDF,https://data.virginia.gov/dataset/aaa85e5a-6308-43b4-ac28-bf0977fbc14f/resource/fabce94d-aa71-46fe-8424-741f5db49e8a/download/documents_american_history.pdf,American History — american_history
virginia,test_scores,School Accreditation Report 2018-19,School Accreditation Report 2018-19 ,XLSX,https://data.virginia.gov/dataset/6b5a3af0-9d65-4d7e-b210-0cd556474c27/resource/42f294e8-3b2b-4e40-a18e-0d094f757670/download/2018-2019-accreditation-summary.xlsx,School Accreditation Report 2018-19 — School Accreditation Report 2018-19 
virginia,other,2022-2023 School Participation Rates,School Participation Rate,XLSX,https://data.virginia.gov/dataset/cafd762e-5197-4855-9d88-b245521b057b/resource/93bde4be-61c0-4b2f-9e1c-406e9748e5d9/download/school_participation_rates_2022_2023.xlsx,2022-2023 School Participation Rates — School Participation Rate
virginia,enrollment,2010-11 Fall Membership Division Totals by Grade,2010-11 Fall Membership Division Totals by Grade ,XLSX,https://data.virginia.gov/dataset/4c11646a-6895-46bd-b404-8906f8ab1e66/resource/a35cd74b-6b7d-4c56-a7b0-43da6e0ac444/download/2010-division_totals_grade.xls,2010-11 Fall Membership Division Totals by Grade — 2010-11 Fall Membership Division Totals by Grade 
virginia,enrollment,"Number of Days Taught, ADA, ADM 2020 - 2021","Number of Days Taught, ADA, ADM 2020 - 2021",XLSX,https://data.virginia.gov/dataset/dea44961-f38f-445d-ab37-c04a305eb909/resource/69c1cd28-e944-4cad-a591-0e62e242b100/download/2020-2021-table-8.xlsx,"Number of Days Taught, ADA, ADM 2020 - 2021 — Number of Days Taught, ADA, ADM 2020 - 2021"
virginia,other,Local and Regional Schools and Centers 2018-19,Local and Regional Schools and Centers 2018-19 ,XLSX,https://data.virginia.gov/dataset/ff8d68d3-3fd2-4833-a6d0-a57b45f674f0/resource/43e12ef5-d7ff-4aa7-b642-4a7e019fada6/download/local-and-regional-2018-to-2019.xlsx,Local and Regional Schools and Centers 2018-19 — Local and Regional Schools and Centers 2018-19 
virginia,other,2017-2018 Gifted Annual Report,2017-2018 Gifted Annual Report,PDF,https://data.virginia.gov/dataset/90bdfdd2-9620-4dce-8a91-68cea81c591c/resource/bdeee50f-98e0-4308-8e58-85997568aabb/download/2017-2018-annual-report.pdf,2017-2018 Gifted Annual Report — 2017-2018 Gifted Annual Report
virginia,other,2014-2015 Gifted Annual Report,2014-2015 Gifted Annual Report,PDF,https://data.virginia.gov/dataset/5309bcce-ce80-4f25-8ac0-35d00ff6061d/resource/7eddb4f4-f424-458e-b231-09d7dff4acc8/download/2014-2015_gifted.pdf,2014-2015 Gifted Annual Report — 2014-2015 Gifted Annual Report
virginia,enrollment,2003-2004 Fall Membership Division Summaries by Ethnicity,2003-2004 Fall Membership Division Summaries by Ethnicity ,XLSX,https://data.virginia.gov/dataset/cb8d0c1b-aa5f-4ac8-90c2-14e9c1cd4976/resource/460f1127-5fdf-440c-ad89-44d160c259d3/download/03-dse.xls,2003-2004 Fall Membership Division Summaries by Ethnicity — 2003-2004 Fall Membership Division Summaries by Ethnicity 
virginia,other,2001-2002 Gifted Education Annual Report,2002 Gifted Education Annual Report,PDF,https://data.virginia.gov/dataset/83d4f387-c798-4c1a-a786-450d46aa4bcb/resource/c3bdd7f8-66b5-438a-be81-a9d741acb008/download/2002_gifted_membership.pdf,2001-2002 Gifted Education Annual Report — 2002 Gifted Education Annual Report
virginia,enrollment,2005-06 Division Totals by Grade,2006-07 Division Totals by Grade,XLSX,https://data.virginia.gov/dataset/24a65204-b3af-484e-a124-d9671429a6b7/resource/665b1689-5d55-478a-9dbc-f2f5b4a05896/download/2006-07-div-totals-by-grade.xls,2005-06 Division Totals by Grade — 2006-07 Division Totals by Grade
virginia,financials,Special Education Child Count 2020 - 2021,Special Education Child Count 2020 - 2021,CSV,https://data.virginia.gov/dataset/ffa7f8e2-19c5-4e81-b1c8-603ab6488943/resource/10f3dea4-6639-419c-ba09-91d8e06006b0/download/dec_1_statistics-2.csv,Special Education Child Count 2020 - 2021 — Special Education Child Count 2020 - 2021
virginia,other,Superintendent's Annual Report - Receipts of Division - Fiscal Year 2023,2022-2023 Superintendent’s Annual Report,XLSX,https://data.virginia.gov/dataset/d165ec25-9d4a-47ef-869d-07ec871339ae/resource/2eda30f6-d30d-4573-af4c-78fe998ac088/download/2022-2023-superintendents-annual-report-table-12_-receipts-by-division.xlsx,Superintendent's Annual Report - Receipts of Division - Fiscal Year 2023 — 2022-2023 Superintendent’s Annual Report
virginia,other,Home-Schooled Students and Religious Exemptions 2005-2006,Home-Schooled Students and Religious Exemptions 2005 - 2006,PDF,https://data.virginia.gov/dataset/7365d493-3f4e-4729-8363-02957b3c3225/resource/5a1c784f-fb6d-4edf-a05d-c6830d104c9c/download/home-school-2005-6.pdf,Home-Schooled Students and Religious Exemptions 2005-2006 — Home-Schooled Students and Religious Exemptions 2005 - 2006
virginia,other,Local and Regional Schools and Centers 2009-10,Local and Regional Schools and Centers 2009-10 ,PDF,https://data.virginia.gov/dataset/287dc1e2-f018-46bc-b1e9-39859671072c/resource/fd98fe43-a42d-499b-9375-1c585ca839fa/download/2009_10_local_reg_sch_ctrs_a.pdf,Local and Regional Schools and Centers 2009-10 — Local and Regional Schools and Centers 2009-10 
virginia,enrollment,2009-10 Fall Membership School Totals by Grade,2009-10 Fall Membership School Totals by Grade,XLSX,https://data.virginia.gov/dataset/69bbd274-2b6a-4b80-852a-099936ca97f8/resource/1251b71d-b715-4e93-81e7-e5621300e7a1/download/2009-school_totals_grade.xls,2009-10 Fall Membership School Totals by Grade — 2009-10 Fall Membership School Totals by Grade
virginia,enrollment,2004-05 Division Summaries by Ethnicity,2004-05 Division Summaries by Ethnicity ,XLSX,https://data.virginia.gov/dataset/45608acc-5946-4fb5-b68b-9cf99f74d3e4/resource/9eb58961-8b2d-43ab-a377-bd617cfb9838/download/04-division-summaries-by-ethnicity-.xls,2004-05 Division Summaries by Ethnicity — 2004-05 Division Summaries by Ethnicity 
virginia,other,2010-2011 Gifted Annual Report,2010-2011 Gifted Annual Report,PDF,https://data.virginia.gov/dataset/a310eaf4-f754-4a72-ba49-b8572f12c7ca/resource/0f4c5d29-adf9-4b6a-9f09-7bc00a35612f/download/2010-2011_gifted.pdf,2010-2011 Gifted Annual Report — 2010-2011 Gifted Annual Report
virginia,test_scores,2020-2021 School Participation Rates,2020-2021 School Participation Rates,XLSX,https://data.virginia.gov/dataset/8b7752c3-dc40-4f5e-8b72-0a63478f21ca/resource/d511e791-71d8-4689-8e1a-7957ff7b1bc2/download/2020-2021-sch-participation-rates.xlsx,2020-2021 School Participation Rates — 2020-2021 School Participation Rates
virginia,enrollment,"Administrative, Service and Support Personnel Positions by Function - Fiscal Year 2022",Fiscal Year 2022,XLSX,https://data.virginia.gov/dataset/af24391d-71a5-4bfd-bb83-2b12aaa51583/resource/e1ef304b-976b-4d43-be86-a4725e76437c/download/table-18-fy22.xlsx,"Administrative, Service and Support Personnel Positions by Function - Fiscal Year 2022 — Fiscal Year 2022"
virginia,test_scores,School Accreditation Report 2017-18,School Accreditation Report 2017-18,XLSX,https://data.virginia.gov/dataset/dd314719-29e4-41c5-9349-16a945cf638b/resource/68fbbcc7-57fa-4446-aba8-7110c830890e/download/2017-2018-accreditation-summary.xlsx,School Accreditation Report 2017-18 — School Accreditation Report 2017-18
virginia,other,Local and Regional Schools and Centers 2005-06,Local and Regional Schools and Centers 2005-06,PDF,https://data.virginia.gov/dataset/2cc519bc-4d11-4761-a02c-a4de2e3d6cb2/resource/c19105c9-f23f-41d2-b271-2bdc5451baff/download/2005_06_local_reg_sch_ctrs_a.pdf,Local and Regional Schools and Centers 2005-06 — Local and Regional Schools and Centers 2005-06
virginia,test_scores,Division Test-by-Test 2020-2023,Division Test-by-Test 2020-2023 ,CSV,https://data.virginia.gov/dataset/1ed15b07-f833-4414-8ffd-f566e80ade50/resource/f79fa8b5-c76e-4dec-8baa-12ffff87ef4f/download/division_pass_rates_by_test_2022_2023.xlsx,Division Test-by-Test 2020-2023 — Division Test-by-Test 2020-2023 
virginia,other,Age/Grade Distribution 2021 - 2022,Age/Grade Distribution 2021 - 2022,XLSX,https://data.virginia.gov/dataset/270ded87-0f3c-482d-8a28-b132db700391/resource/d7b0ffd5-0a65-4de3-b5d8-72b5a9954c94/download/2021-22-table-7.xlsx,Age/Grade Distribution 2021 - 2022 — Age/Grade Distribution 2021 - 2022
virginia,test_scores,Division Test-by-Test 2016-2019,Division Test-by-Test 2016-2019 ,CSV,https://data.virginia.gov/dataset/0d241399-2487-4602-abae-beae71410ab5/resource/adf8453f-674f-4650-bbf0-f9128b1dfe77/download/test.xlsx,Division Test-by-Test 2016-2019 — Division Test-by-Test 2016-2019 
virginia,other,Superintendent's Annual Report - Literary Fund - Fiscal Year 2021,Fiscal year 2021,XLSX,https://data.virginia.gov/dataset/cc6ff378-dc8e-466a-b948-2e72606f1b94/resource/3c5bf3bf-008a-4c2a-9395-68a8437c9c3f/download/table-10-fy21.xlsx,Superintendent's Annual Report - Literary Fund - Fiscal Year 2021 — Fiscal year 2021
virginia,enrollment,1999 - 2000 Fall Membership Division Summaries by Ethnic Group,1999 - 2000 Fall Membership Division Summaries by Ethnic Group,XLSX,https://data.virginia.gov/dataset/02c010dc-d4ac-4840-91bc-3a168f4d5a2c/resource/7d131b1d-cb99-4cf7-98ce-64ecad5746c1/download/99-00-div-sum-ethnic.xlsx,1999 - 2000 Fall Membership Division Summaries by Ethnic Group — 1999 - 2000 Fall Membership Division Summaries by Ethnic Group
virginia,enrollment,2001-2002 Fall Membership School Summaries by Ethnicity and Grade and Gender,2001-2002 Fall Membership School Summaries by Ethnicity Grade and Gender,XLSX,https://data.virginia.gov/dataset/54404948-4561-4f58-bfd4-1b354026ec00/resource/fd11608c-dc84-438c-a49b-75aff6fd5183/download/fm_sch_grade_race.xls,2001-2002 Fall Membership School Summaries by Ethnicity and Grade and Gender — 2001-2002 Fall Membership School Summaries by Ethnicity Grade and Gender
virginia,other,1996-97 Report of Graduates by Document Type,1996-97 Report of Graduates by Document Type,XLSX,https://data.virginia.gov/dataset/87836cac-0272-4b04-ad08-5fa9820a11ae/resource/cbb7e9b3-5c71-41f7-9e42-4a95a43d66ee/download/1996-97-report-of-graduates-by-document-type.xlsx,1996-97 Report of Graduates by Document Type — 1996-97 Report of Graduates by Document Type
virginia,other,2011-2012 Gifted Annual Report,2011-2012 Gifted Annual Report ,PDF,https://data.virginia.gov/dataset/f7ff0ac0-46dd-424d-9f8e-5c53aebe6d64/resource/4b1cd1d6-4e9b-487c-b283-e0da36d006b1/download/2011-2012_gifted.pdf,2011-2012 Gifted Annual Report — 2011-2012 Gifted Annual Report 
virginia,other,1996-97 Report of Graduates by Continuing Education Plan,1996-97 Report of Graduated by Continuing Education Plan,XLSX,https://data.virginia.gov/dataset/69c704aa-f53b-4179-be5d-8ecf4f7a6681/resource/425b498e-2a4b-4174-8946-7a3e40e0377c/download/1996-97-report-of-graduated-by-continuing-education-plan.xlsx,1996-97 Report of Graduates by Continuing Education Plan — 1996-97 Report of Graduated by Continuing Education Plan
virginia,enrollment,Fall Membership 2008 School Totals by Grade,Fall Membership 2008 School Totals by Grade ,XLSX,https://data.virginia.gov/dataset/b15283a8-df2d-4f95-926f-4358af4bba3c/resource/168d4554-59a9-4fcb-aaed-8a5a955c9467/download/2008-school_totals_grade.xls,Fall Membership 2008 School Totals by Grade — Fall Membership 2008 School Totals by Grade 
virginia,other,2013-2014 Gifted Annual Report,2013-2014 Gifted Annual Report,PDF,https://data.virginia.gov/dataset/62e2cf64-da8b-4c4f-8510-f106dfedae0f/resource/12cda3ea-9f8b-4aad-ab18-105eac3b7016/download/2013-2014_gifted.pdf,2013-2014 Gifted Annual Report — 2013-2014 Gifted Annual Report
virginia,other,Number and Percentage of Students Promoted 2022 - 2023,Number and Percentage of Students Promoted 2022 - 2023 ,XLSX,https://data.virginia.gov/dataset/f41124fa-0165-45ce-b417-5fb335be4200/resource/68d74b8c-7342-42dc-bfaa-b556eeffc3cd/download/2022-23-table-3.xlsx,Number and Percentage of Students Promoted 2022 - 2023 — Number and Percentage of Students Promoted 2022 - 2023 
virginia,other,Local and Regional Schools and Centers 2017-18,Local and Regional Schools and Centers 2017-18 ,PDF,https://data.virginia.gov/dataset/89fe8967-5edc-4d0b-b167-6b7e76153ca7/resource/a0373789-af4d-41f9-9bed-949bb0497702/download/2017_18_local_reg_sch_ctrs_a.pdf,Local and Regional Schools and Centers 2017-18 — Local and Regional Schools and Centers 2017-18 
virginia,test_scores,School Accreditation Report 2019-20,School Accreditation Report 2019-20,XLSX,https://data.virginia.gov/dataset/99f1aaa7-b7df-4f9e-a782-56b87f3868fb/resource/97045df1-b8b8-4416-a8da-99a1fbc82978/download/2019-2020-accreditation-summary.xlsx,School Accreditation Report 2019-20 — School Accreditation Report 2019-20
virginia,test_scores,Cohort Graduation and Dropout Report 2022,Cohort Graduation and Dropout Rate 2022,CSV,https://data.virginia.gov/dataset/92e9facf-079a-4af9-9890-6020db3b527e/resource/49810d27-f16d-42f1-9577-21b173713204/download/cohort_statistics-5.csv,Cohort Graduation and Dropout Report 2022 — Cohort Graduation and Dropout Rate 2022
virginia,enrollment,2004-2005 Fall Membership Division Totals by Grade,04 Division Totals by Grade,XLSX,https://data.virginia.gov/dataset/00b8c2d6-7d1a-4823-968e-49a4456cbabe/resource/9cbb7801-bbff-4475-bcc5-5ab9f8ff18e6/download/04-division-totals-by-grade.xls,2004-2005 Fall Membership Division Totals by Grade — 04 Division Totals by Grade
virginia,other,Annual Reports of Graduates & Completers - Graduate by Diploma Type 2021 - 2022,2021-2022-division-totals-doctype,XLS,https://data.virginia.gov/dataset/0d289950-f0cb-4227-ba8a-59423c857325/resource/4497be20-ec91-406e-b7b4-96eb32bdfaa1/download/2021-2022-division-totals-doctype.xls,Annual Reports of Graduates & Completers - Graduate by Diploma Type 2021 - 2022 — 2021-2022-division-totals-doctype
virginia,enrollment,Chronic Absenteeism in VA schools for year 2020 - 2021,absenteeism-school-2020,XLSX,https://data.virginia.gov/dataset/e93fe2d4-b3ca-40ec-a8e7-74419c9bed74/resource/b3317043-5cd6-4b0e-acfb-57eb5af9fa06/download/chronic-absenteeism-school-2020.xlsx,Chronic Absenteeism in VA schools for year 2020 - 2021 — absenteeism-school-2020
virginia,other,Home Schooled Students & Religious Exemptions 2019 - 2020,2019-2020-home-schooled-and-religious,XLSX,https://data.virginia.gov/dataset/3c0e04b7-0f04-422e-9272-cda01a805fc5/resource/88839d1d-7f57-4b96-97a1-a298dd772c4a/download/2019-2020-home-schooled-and-religious.xlsx,Home Schooled Students & Religious Exemptions 2019 - 2020 — 2019-2020-home-schooled-and-religious
virginia,enrollment,2001-2002 Fall Membership School Totals by Grade,2001-2002 Fall Membership School Totals by Grade,XLSX,https://data.virginia.gov/dataset/6dd80358-8c29-40e5-935b-49171e25eb6c/resource/e0a62b48-757c-4d85-a093-8027cf1b4c77/download/fm_sch_grade-3.xls,2001-2002 Fall Membership School Totals by Grade — 2001-2002 Fall Membership School Totals by Grade
virginia,other,Local and Regional Schools and Centers 2016-17,Local and Regional Schools and Centers 2016-17,PDF,https://data.virginia.gov/dataset/bccf21a6-d8a5-46a9-8cfa-3332dab640ec/resource/cfdff2b7-72d9-4b3c-90e2-c5e0b220400c/download/2016_17_local_reg_sch_ctrs_a.pdf,Local and Regional Schools and Centers 2016-17 — Local and Regional Schools and Centers 2016-17
virginia,other,Annual Reports of Graduates & Completers - Graduates by Continuing Education Plans 2022 - 2023,2022-2023-division-totals-continuing-ed,XLS,https://data.virginia.gov/dataset/f967183a-b870-45e1-a639-f5498d2d4224/resource/5c7ff2e9-a3a5-4b04-bffe-c0a8b5e45fde/download/2022-2023-division-totals-continuing-ed.xls,Annual Reports of Graduates & Completers - Graduates by Continuing Education Plans 2022 - 2023 — 2022-2023-division-totals-continuing-ed
virginia,other,Home Schooled Students & Religious Exemptions 2010-11,Home Schooled Students & Religious Exemptions 2010-11 ,XLS,https://data.virginia.gov/dataset/ff1cbf82-4718-476a-a211-6a467885ef84/resource/fe7128ef-a3e6-43a7-8096-c587164b5373/download/2010_2011.xls,Home Schooled Students & Religious Exemptions 2010-11 — Home Schooled Students & Religious Exemptions 2010-11 
virginia,other,Superintendent's Annual Report - Receipts of Division - Fiscal Year 2022,Fiscal Year 2022,XLSX,https://data.virginia.gov/dataset/f9309880-73c7-4343-8fa6-a5c3d25f5b30/resource/76f6ddc1-feb0-4878-9d67-f45f3a3323ad/download/table-12-fy22-1.xlsx,Superintendent's Annual Report - Receipts of Division - Fiscal Year 2022 — Fiscal Year 2022
virginia,other,2006-2007 Gifted Annual Report,2006-2007 Gifted Annual Report,PDF,https://data.virginia.gov/dataset/ede7fe74-d25f-46eb-bc18-3cb197c5bfa2/resource/a7b6666a-65cc-4e43-ad3e-f0ccbaec0e7b/download/2006-07-gifted-annual-report.pdf,2006-2007 Gifted Annual Report — 2006-2007 Gifted Annual Report
virginia,other,Home Schooled Students & Religious Exemptions 2016-17,Home Schooled Students & Religious Exemptions 2016-17,XLS,https://data.virginia.gov/dataset/07902b06-9589-4f0c-a519-0e72fde66cda/resource/fc070be2-1c3a-4ce5-9ff3-a7fa657e4300/download/2016_2017.xlsx,Home Schooled Students & Religious Exemptions 2016-17 — Home Schooled Students & Religious Exemptions 2016-17
virginia,financials,Special Education Child Count 2022 - 2023,Special Education Child Count 2022-2023,CSV,https://data.virginia.gov/dataset/41afefdf-6f80-4162-83f4-f0298bd36ca9/resource/e0b05562-b7cf-415f-8e3d-4312890272db/download/dec_1_statistics.csv,Special Education Child Count 2022 - 2023 — Special Education Child Count 2022-2023
virginia,other,Superintendent's Annual Report - Disbursements by Division - Fiscal Year - 2022,Fiscal Year 2022,XLSX,https://data.virginia.gov/dataset/16f5ccd1-1bea-47a7-8a19-7a2a23129c12/resource/55fd736e-bb3f-47ea-a095-431e67e4a1fd/download/table-13-fy22.xlsx,Superintendent's Annual Report - Disbursements by Division - Fiscal Year - 2022 — Fiscal Year 2022
virginia,other,Home Schooled Students & Religious Exemptions 2012-13,Home Schooled Students & Religious Exemptions 2012-13,XLS,https://data.virginia.gov/dataset/aafd87ad-13af-4d31-9886-75a8dab397bc/resource/3bd776a5-9b66-40b3-8f72-a811514209a7/download/2012_2013.xls,Home Schooled Students & Religious Exemptions 2012-13 — Home Schooled Students & Religious Exemptions 2012-13
virginia,enrollment,2009-10 Fall Membership Division Totals by Grade,2009-10 Fall Membership Division Totals by Grade,XLSX,https://data.virginia.gov/dataset/a60fcf30-5adf-4738-9a6a-63f2e0e75cf4/resource/3e3aedfb-0ef9-4cfb-83a1-27ff0099e39e/download/2009-div-tot-grade.xls,2009-10 Fall Membership Division Totals by Grade — 2009-10 Fall Membership Division Totals by Grade
virginia,other,Local and Regional Schools and Centers 2011-12,Local and Regional Schools and Centers 2011-12,PDF,https://data.virginia.gov/dataset/f822ddd5-aa4f-4378-9aca-d2fdd6397440/resource/639fda85-7898-4051-896d-f6bed8bd3a16/download/2011_12_local_reg_sch_ctrs_a.pdf,Local and Regional Schools and Centers 2011-12 — Local and Regional Schools and Centers 2011-12
virginia,other,Graduates & Completers - Graduates by Continuing Education Plans 2021 - 2022,2021-2022-division-totals-continuing-ed,XLS,https://data.virginia.gov/dataset/62f46191-9107-47ae-b247-8ac6d110d90b/resource/f0bf608b-1835-45eb-bf0c-8fcf4f54a57b/download/2021-2022-division-totals-continuing-ed.xls,Graduates & Completers - Graduates by Continuing Education Plans 2021 - 2022 — 2021-2022-division-totals-continuing-ed
virginia,other,2008-2009 Gifted Annual Report,2008-2009 Gifted Annual Report,PDF,https://data.virginia.gov/dataset/8f1a01d4-bb1a-4c62-8d3f-09e23fc01213/resource/47698623-27ca-4e59-9728-b05355304b41/download/2008-2009_gifted.pdf,2008-2009 Gifted Annual Report — 2008-2009 Gifted Annual Report
