LEA_STATE,LEA_STATE_NAME,NCESLEAID,LEA_NAME,SCHID,SCHOOL_NAME,NCESSCH,JJ,DISABILITY_CATEGORY,AM_M_7,AS_M_7,BL_M_7,HI_M_7,MU_M_7,PI_M_7,WH_M_7,AM_F_7,AS_F_7,BL_F_7,HI_F_7,MU_F_7,PI_F_7,WH_F_7,TOTAL_STUDENTS_REPORTED,LEP_M,NLEP_M,LEP_F,NLEP_F,CF_M,HH_M,PPPS_M,RC39_M,RC79TO40_M,RC80_M,RF_M,SS_M,CF_F,HH_F,PPPS_F,RC39_F,RC79TO40_F,RC80_F,RF_F,SS_F
CO,COLORADO,800016,Yuma 1 School District,1821,YUMA HIGH SCHOOL,80001601821,No,OI,0,0,0,0,0,0,1,0,0,0,0,0,0,0,1,0,1,0,0,0,0,0,0,0,1,0,0,0,0,0,0,0,0,0,0
CO,COLORADO,800020,State Charter School Institute,6305,CAPROCK ACADEMY,80002006305,No,OI,0,0,0,0,0,0,1,0,0,0,0,0,0,0,1,0,1,0,0,0,0,0,0,0,1,0,0,0,0,0,0,0,0,0,0
CO,COLORADO,800020,State Charter School Institute,6586,GLOBAL VILLAGE ACADEMY - COLORADO SPRINGS,80002006586,No,OI,0,1,0,0,0,0,0,0,0,0,0,0,0,0,1,1,0,0,0,0,0,0,0,0,1,0,0,0,0,0,0,0,0,0,0
CO,COLORADO,800282,COLORADO DIGITAL BOCES,6600,COLORADO PREP ACADEMY,80028206600,No,OI,0,0,0,1,0,0,0,0,0,0,0,0,0,0,1,0,1,0,0,0,0,0,0,0,1,0,0,0,0,0,0,0,0,0,0
CO,COLORADO,801920,"Academy, School District No. 20, in the county of El Paso an",1,CHALLENGER MIDDLE SCHOOL,80192000001,No,OI,0,0,0,0,0,0,0,0,0,0,1,0,0,0,1,0,0,0,1,0,0,0,0,0,0,0,0,0,0,0,0,0,1,0,0
CO,COLORADO,801920,"Academy, School District No. 20, in the county of El Paso an",4,EDITH WOLFORD ELEMENTARY SCHOOL,80192000004,No,OI,0,0,0,0,0,0,1,0,0,0,0,0,0,0,1,0,1,0,0,0,0,0,1,0,0,0,0,0,0,0,0,0,0,0,0
CO,COLORADO,801920,"Academy, School District No. 20, in the county of El Paso an",5,MOUNTAIN VIEW ELEMENTARY SCHOOL,80192000005,No,OI,0,0,0,0,0,0,0,0,1,0,0,0,0,0,1,0,0,1,0,0,0,0,0,0,0,0,0,0,0,0,0,0,1,0,0
CO,COLORADO,801920,"Academy, School District No. 20, in the county of El Paso an",8,WOODMEN-ROBERTS ELEMENTARY SCHOOL,80192000008,No,OI,0,0,0,0,0,0,1,0,0,0,0,0,0,0,1,0,1,0,0,0,0,0,0,0,1,0,0,0,0,0,0,0,0,0,0
CO,COLORADO,801920,"Academy, School District No. 20, in the county of El Paso an",531,PRAIRIE HILLS ELEMENTARY SCHOOL,80192000531,No,OI,0,0,0,1,0,0,0,0,0,0,0,0,0,0,1,0,1,0,0,0,0,0,0,1,0,0,0,0,0,0,0,0,0,0,0
CO,COLORADO,801920,"Academy, School District No. 20, in the county of El Paso an",1462,TIMBERVIEW MIDDLE SCHOOL,80192001462,No,OI,0,0,0,0,0,0,1,0,0,0,0,0,0,0,1,0,1,0,0,0,0,0,0,0,1,0,0,0,0,0,0,0,0,0,0
CO,COLORADO,801920,"Academy, School District No. 20, in the county of El Paso an",1496,EXPLORER ELEMENTARY SCHOOL,80192001496,No,OI,0,0,0,0,0,0,1,0,0,0,0,0,0,1,2,0,1,0,1,0,0,0,0,1,0,0,0,0,0,0,0,0,1,0,0
CO,COLORADO,801920,"Academy, School District No. 20, in the county of El Paso an",1592,THE CLASSICAL ACADEMY CHARTER,80192001592,No,OI,0,0,0,0,0,0,0,0,0,0,0,0,0,1,1,0,0,0,1,0,0,0,0,0,0,0,0,0,0,0,0,0,1,0,0
CO,COLORADO,801920,"Academy, School District No. 20, in the county of El Paso an",1593,MOUNTAIN RIDGE MIDDLE SCHOOL,80192001593,No,OI,0,0,0,0,0,0,1,0,0,0,0,0,0,0,1,0,1,0,0,0,0,0,0,0,1,0,0,0,0,0,0,0,0,0,0
CO,COLORADO,801920,"Academy, School District No. 20, in the county of El Paso an",1645,PINE CREEK HIGH SCHOOL,80192001645,No,OI,0,0,0,0,0,0,1,0,0,0,0,0,0,0,1,0,1,0,0,0,0,0,0,0,1,0,0,0,0,0,0,0,0,0,0
CO,COLORADO,801920,"Academy, School District No. 20, in the county of El Paso an",1842,THE DA VINCI ACADEMY SCHOOL,80192001842,No,OI,0,0,0,0,0,0,0,0,1,0,0,0,0,0,1,0,0,1,0,0,0,0,0,0,0,0,0,0,0,0,0,0,1,0,0
CO,COLORADO,801920,"Academy, School District No. 20, in the county of El Paso an",1905,DISCOVERY CANYON CAMPUS HIGH SCHOOL,80192001905,No,OI,0,0,0,0,0,0,0,0,0,0,0,0,0,2,2,0,0,0,2,0,0,0,0,0,0,0,0,0,0,0,0,0,2,0,0
CO,COLORADO,801950,School District N. 14 in the county of Adams & State of Colo,16,KEMP ELEMENTARY SCHOOL,80195000016,No,OI,0,0,0,1,0,0,0,0,0,0,0,0,0,0,1,1,0,0,0,0,0,0,0,0,1,0,0,0,0,0,0,0,0,0,0
CO,COLORADO,802070,"Alamosa School District, No. Re-11J",27,ALAMOSA HIGH SCHOOL,80207000027,No,OI,0,0,0,0,0,0,0,0,0,0,0,0,0,1,1,0,0,0,1,0,0,0,0,0,0,0,0,0,0,0,0,1,0,0,0
CO,COLORADO,802070,"Alamosa School District, No. Re-11J",6459,ALAMOSA ELEMENTARY SCHOOL,80207006459,No,OI,0,0,0,0,0,0,0,0,0,0,1,0,0,1,2,0,0,0,2,0,0,0,0,0,0,0,0,0,0,0,0,0,2,0,0
CO,COLORADO,802280,"Aspen School District No. 1, in the county of Pitkin and Sta",1703,ASPEN COMMUNITY CHARTER SCHOOL,80228001703,No,OI,0,0,0,0,0,0,1,0,0,0,0,0,0,0,1,0,1,0,0,0,0,0,0,0,1,0,0,0,0,0,0,0,0,0,0
CO,COLORADO,802340,"Aurora, Joint District No. 28 of the counties of Adams and A",54,AURORA HILLS MIDDLE SCHOOL,80234000054,No,OI,0,0,0,0,0,0,0,0,0,1,1,0,0,0,2,0,0,1,1,0,0,0,0,0,0,0,0,0,0,0,0,1,1,0,0
CO,COLORADO,802340,"Aurora, Joint District No. 28 of the counties of Adams and A",55,BOSTON K-8 SCHOOL,80234000055,No,OI,0,0,0,0,0,0,0,0,0,0,0,1,0,0,1,0,0,0,1,0,0,0,0,0,0,0,0,0,0,0,0,0,1,0,0
CO,COLORADO,802340,"Aurora, Joint District No. 28 of the counties of Adams and A",56,AURORA CENTRAL HIGH SCHOOL,80234000056,No,OI,0,0,0,1,0,0,0,0,0,0,1,0,0,0,2,1,0,1,0,0,0,0,0,1,0,0,0,0,0,0,1,0,0,0,0
CO,COLORADO,802340,"Aurora, Joint District No. 28 of the counties of Adams and A",64,HINKLEY HIGH SCHOOL,80234000064,No,OI,0,0,0,1,0,0,0,0,0,0,0,0,0,0,1,1,0,0,0,0,0,0,1,0,0,0,0,0,0,0,0,0,0,0,0
CO,COLORADO,802340,"Aurora, Joint District No. 28 of the counties of Adams and A",67,KENTON ELEMENTARY SCHOOL,80234000067,No,OI,0,0,0,1,0,0,0,0,0,0,0,0,0,0,1,1,0,0,0,0,0,0,0,1,0,0,0,0,0,0,0,0,0,0,0
CO,COLORADO,802340,"Aurora, Joint District No. 28 of the counties of Adams and A",78,SIXTH AVENUE ELEMENTARY SCHOOL,80234000078,No,OI,0,0,0,1,0,0,0,0,0,0,0,0,0,0,1,1,0,0,0,0,0,0,0,1,0,0,0,0,0,0,0,0,0,0,0
CO,COLORADO,802340,"Aurora, Joint District No. 28 of the counties of Adams and A",79,SOUTH MIDDLE SCHOOL,80234000079,No,OI,0,0,0,0,0,0,0,0,0,1,0,0,0,0,1,0,0,0,1,0,0,0,0,0,0,0,0,0,0,0,1,0,0,0,0
CO,COLORADO,802340,"Aurora, Joint District No. 28 of the counties of Adams and A",81,VIRGINIA COURT ELEMENTARY SCHOOL,80234000081,No,OI,0,0,0,1,0,0,1,0,0,0,1,0,0,0,3,1,1,1,0,0,0,0,1,0,1,0,0,0,0,0,1,0,0,0,0
CO,COLORADO,802340,"Aurora, Joint District No. 28 of the counties of Adams and A",1389,RANGEVIEW HIGH SCHOOL,80234001389,No,OI,0,0,0,1,0,0,0,0,0,0,0,0,0,0,1,0,1,0,0,0,0,0,0,0,1,0,0,0,0,0,0,0,0,0,0
CO,COLORADO,802340,"Aurora, Joint District No. 28 of the counties of Adams and A",1432,SIDE CREEK ELEMENTARY SCHOOL,80234001432,No,OI,0,0,0,0,0,0,1,0,0,0,0,0,0,0,1,0,1,0,0,0,0,0,0,0,1,0,0,0,0,0,0,0,0,0,0
CO,COLORADO,802340,"Aurora, Joint District No. 28 of the counties of Adams and A",1881,MURPHY CREEK K-8 SCHOOL,80234001881,No,OI,0,0,0,1,0,0,0,0,0,0,0,0,0,0,1,0,1,0,0,0,0,0,0,0,1,0,0,0,0,0,0,0,0,0,0
CO,COLORADO,802340,"Aurora, Joint District No. 28 of the counties of Adams and A",6611,VANGUARD CLASSICAL SCHOOL - EAST,80234006611,No,OI,0,0,0,0,0,0,1,0,0,0,0,0,0,1,2,0,1,0,1,0,0,0,0,0,1,0,0,0,0,0,0,0,1,0,0
CO,COLORADO,802400,Bayfield School District No. 10Jt-R,88,BAYFIELD ELEMENTARY SCHOOL,80240000088,No,OI,0,0,0,0,0,0,0,0,0,0,0,0,0,1,1,0,0,0,1,0,0,0,0,0,0,0,0,0,0,0,0,1,0,0,0
CO,COLORADO,802490,Boulder Valley School District No. Re2,100,BIRCH ELEMENTARY SCHOOL,80249000100,No,OI,0,0,0,0,0,0,1,0,0,0,0,0,0,0,1,0,1,0,0,0,0,0,0,0,1,0,0,0,0,0,0,0,0,0,0
CO,COLORADO,802490,Boulder Valley School District No. Re2,101,BOULDER HIGH SCHOOL,80249000101,No,OI,0,0,0,0,0,0,0,0,1,0,0,0,0,0,1,0,0,0,1,0,0,0,0,0,0,0,0,0,0,0,0,0,1,0,0
CO,COLORADO,802490,Boulder Valley School District No. Re2,107,CENTAURUS HIGH SCHOOL,80249000107,No,OI,0,0,0,0,0,0,1,0,0,0,0,0,0,0,1,0,1,0,0,0,0,0,0,0,1,0,0,0,0,0,0,0,0,0,0
CO,COLORADO,802490,Boulder Valley School District No. Re2,111,DOUGLASS ELEMENTARY SCHOOL,80249000111,No,OI,0,0,0,0,0,0,1,0,0,0,0,0,0,0,1,0,1,0,0,0,0,0,0,0,1,0,0,0,0,0,0,0,0,0,0
CO,COLORADO,802490,Boulder Valley School District No. Re2,112,EISENHOWER ELEMENTARY SCHOOL,80249000112,No,OI,0,0,0,0,0,0,2,0,0,0,0,0,0,0,2,0,2,0,0,0,0,0,0,1,1,0,0,0,0,0,0,0,0,0,0
CO,COLORADO,802490,Boulder Valley School District No. Re2,114,FAIRVIEW HIGH SCHOOL,80249000114,No,OI,0,0,0,0,0,0,1,0,0,0,0,0,0,0,1,1,0,0,0,0,0,0,0,1,0,0,0,0,0,0,0,0,0,0,0
CO,COLORADO,802490,Boulder Valley School District No. Re2,122,ANGEVINE MIDDLE SCHOOL,80249000122,No,OI,0,0,0,0,0,0,1,0,0,0,0,0,0,0,1,0,1,0,0,0,0,0,0,0,1,0,0,0,0,0,0,0,0,0,0
CO,COLORADO,802490,Boulder Valley School District No. Re2,124,LOUISVILLE ELEMENTARY SCHOOL,80249000124,No,OI,0,0,0,0,0,0,1,0,0,0,0,0,0,0,1,0,1,0,0,0,0,0,0,0,1,0,0,0,0,0,0,0,0,0,0
CO,COLORADO,802490,Boulder Valley School District No. Re2,130,NEDERLAND ELEMENTARY SCHOOL,80249000130,No,OI,0,0,0,0,0,0,1,0,0,0,0,0,0,0,1,0,1,0,0,0,0,0,0,0,1,0,0,0,0,0,0,0,0,0,0
CO,COLORADO,802490,Boulder Valley School District No. Re2,1365,RYAN ELEMENTARY SCHOOL,80249001365,No,OI,0,0,0,0,0,0,1,0,0,0,0,0,0,0,1,0,1,0,0,0,0,0,0,0,1,0,0,0,0,0,0,0,0,0,0
CO,COLORADO,802490,Boulder Valley School District No. Re2,1403,ALICIA SANCHEZ INTERNATIONAL SCHOOL,80249001403,No,OI,0,0,0,0,0,0,0,0,0,0,0,0,0,1,1,0,0,0,1,0,0,0,0,0,0,0,0,0,0,0,0,0,1,0,0
CO,COLORADO,802490,Boulder Valley School District No. Re2,1573,MONARCH K-8 SCHOOL,80249001573,No,OI,0,0,0,0,0,0,1,0,0,0,0,0,0,0,1,0,1,0,0,0,0,0,0,0,1,0,0,0,0,0,0,0,0,0,0
CO,COLORADO,802490,Boulder Valley School District No. Re2,1758,ASPEN CREEK K-8 SCHOOL,80249001758,No,OI,0,0,0,0,0,0,2,0,0,0,0,0,0,2,4,0,2,0,2,0,0,0,0,0,2,0,0,0,0,0,0,0,2,0,0
CO,COLORADO,802490,Boulder Valley School District No. Re2,6199,HORIZONS K-8 SCHOOL,80249006199,No,OI,0,0,0,0,0,0,1,0,0,0,0,0,0,0,1,0,1,0,0,0,0,0,0,0,1,0,0,0,0,0,0,0,0,0,0
CO,COLORADO,802580,School District 27J,144,BRIGHTON HIGH SCHOOL,80258000144,No,OI,0,0,0,0,0,0,1,0,0,0,0,0,0,1,2,0,1,0,1,0,0,0,0,0,1,0,0,0,0,0,0,0,1,0,0
CO,COLORADO,802580,School District 27J,146,HENDERSON ELEMENTARY SCHOOL,80258000146,No,OI,0,0,0,0,0,0,0,0,0,0,1,0,0,0,1,0,0,1,0,0,0,0,0,0,0,0,0,0,0,0,0,0,1,0,0
CO,COLORADO,802580,School District 27J,148,NORTH ELEMENTARY SCHOOL,80258000148,No,OI,0,0,0,0,0,0,0,0,0,0,1,0,0,0,1,0,0,0,1,0,0,0,0,0,0,0,0,0,0,0,0,0,1,0,0
CO,COLORADO,802580,School District 27J,729,BRIGHTON HERITAGE ACADEMY,80258000729,No,OI,0,0,0,0,0,0,1,0,0,0,0,0,0,1,2,0,1,0,1,0,0,0,0,1,0,0,0,0,0,0,1,0,0,0,0
CO,COLORADO,802580,School District 27J,1729,BROMLEY EAST CHARTER SCHOOL,80258001729,No,OI,0,0,0,0,0,0,0,0,1,0,0,0,0,0,1,0,0,0,1,0,0,0,0,0,0,0,0,0,0,0,0,0,1,0,0
CO,COLORADO,802580,School District 27J,1822,JOHN W THIMMIG ELEMENTARY SCHOOL,80258001822,No,OI,0,0,0,0,0,0,1,0,0,0,0,0,0,0,1,0,1,0,0,0,0,0,0,0,1,0,0,0,0,0,0,0,0,0,0
CO,COLORADO,802580,School District 27J,2003,PRAIRIE VIEW HIGH SCHOOL,80258002003,No,OI,0,0,0,0,0,0,2,0,0,0,0,0,0,0,2,0,2,0,0,0,0,0,0,1,1,0,0,0,0,0,0,0,0,0,0
CO,COLORADO,802580,School District 27J,6325,LANDMARK ACADEMY AT REUNION,80258006325,No,OI,0,0,0,1,0,0,0,0,0,0,0,0,0,0,1,0,1,0,0,0,0,0,0,0,1,0,0,0,0,0,0,0,0,0,0
CO,COLORADO,802580,School District 27J,6362,PRAIRIE VIEW MIDDLE SCHOOL,80258006362,No,OI,0,0,0,1,0,0,1,0,0,0,0,0,0,1,3,0,2,0,1,0,0,0,0,1,1,0,0,0,0,0,0,0,1,0,0
CO,COLORADO,802580,School District 27J,6420,OTHO E STUART MIDDLE SCHOOL,80258006420,No,OI,0,0,0,1,0,0,0,0,0,0,1,0,0,0,2,0,1,0,1,0,0,0,0,0,1,0,0,0,0,0,0,0,1,0,0
CO,COLORADO,802580,School District 27J,6549,BRANTNER ELEMENTARY SCHOOL,80258006549,No,OI,0,0,0,0,0,0,0,0,0,0,1,0,0,0,1,0,0,1,0,0,0,0,0,0,0,0,0,0,0,0,0,0,1,0,0
CO,COLORADO,802640,Buena Vista School District No. R-31,159,AVERY/PARSONS ELEMENTARY SCHOOL,80264000159,No,OI,0,0,0,0,0,0,1,0,0,0,0,0,0,0,1,0,1,0,0,0,0,0,0,1,0,0,0,0,0,0,0,0,0,0,0
CO,COLORADO,802700,Byers School District No. 32J,6548,VALIANT ACADEMY,80270006548,No,OI,0,0,0,0,0,0,1,0,0,0,0,0,0,0,1,0,1,0,0,0,0,0,0,0,1,0,0,0,0,0,0,0,0,0,0
CO,COLORADO,802700,Byers School District No. 32J,6630,COLORADO DIGITAL ACADEMY - ELEMENTARY,80270006630,No,OI,0,0,0,0,0,0,0,0,0,0,0,0,0,1,1,0,0,0,1,0,0,0,0,0,0,0,0,0,0,0,0,0,1,0,0
CO,COLORADO,802790,Fremont Re-1,174,LINCOLN SCHOOL OF SCIENCE AND TECHNOLOGY,80279000174,No,OI,0,0,0,0,0,0,0,0,0,0,0,0,0,1,1,0,0,0,1,0,0,0,0,0,0,0,0,0,0,0,1,0,0,0,0
CO,COLORADO,802910,"Cherry Creek, School District No. 5, in the county of Arapah",184,BELLEVIEW ELEMENTARY SCHOOL,80291000184,No,OI,0,1,0,0,0,0,0,0,0,0,0,0,0,0,1,1,0,0,0,0,0,0,0,1,0,0,0,0,0,0,0,0,0,0,0
CO,COLORADO,802910,"Cherry Creek, School District No. 5, in the county of Arapah",186,CHERRY CREEK HIGH SCHOOL,80291000186,No,OI,0,0,0,0,0,0,2,0,0,0,0,0,0,0,2,0,2,0,0,0,0,0,1,0,1,0,0,0,0,0,0,0,0,0,0
CO,COLORADO,802910,"Cherry Creek, School District No. 5, in the county of Arapah",200,PONDEROSA ELEMENTARY SCHOOL,80291000200,No,OI,0,0,0,0,0,0,1,0,0,0,0,0,0,0,1,1,0,0,0,0,0,0,0,1,0,0,0,0,0,0,0,0,0,0,0
CO,COLORADO,802910,"Cherry Creek, School District No. 5, in the county of Arapah",201,PRAIRIE MIDDLE SCHOOL,80291000201,No,OI,0,0,1,0,0,0,0,0,0,0,0,0,0,0,1,0,1,0,0,0,0,0,0,0,1,0,0,0,0,0,0,0,0,0,0
CO,COLORADO,802910,"Cherry Creek, School District No. 5, in the county of Arapah",207,WEST MIDDLE SCHOOL,80291000207,No,OI,0,0,0,0,0,0,1,0,0,0,0,0,0,0,1,0,1,0,0,0,0,0,0,0,1,0,0,0,0,0,0,0,0,0,0
CO,COLORADO,802910,"Cherry Creek, School District No. 5, in the county of Arapah",1297,CIMARRON ELEMENTARY SCHOOL,80291001297,No,OI,0,0,0,0,0,0,0,0,0,0,1,0,0,0,1,0,0,1,0,0,0,0,0,0,0,0,0,0,0,0,0,0,1,0,0
CO,COLORADO,802910,"Cherry Creek, School District No. 5, in the county of Arapah",1378,SUNRISE ELEMENTARY SCHOOL,80291001378,No,OI,0,0,0,1,0,0,0,0,0,0,0,0,0,0,1,0,1,0,0,0,0,0,0,0,1,0,0,0,0,0,0,0,0,0,0
CO,COLORADO,802910,"Cherry Creek, School District No. 5, in the county of Arapah",1670,ANTELOPE RIDGE ELEMENTARY SCHOOL,80291001670,No,OI,0,0,0,0,0,0,1,0,0,0,0,0,0,0,1,0,1,0,0,0,0,0,0,0,1,0,0,0,0,0,0,0,0,0,0
CO,COLORADO,802910,"Cherry Creek, School District No. 5, in the county of Arapah",1831,CANYON CREEK ELEMENTARY SCHOOL,80291001831,No,OI,0,0,0,0,0,0,1,0,0,0,0,0,0,0,1,0,1,0,0,0,0,0,0,0,1,0,0,0,0,0,0,0,0,0,0
CO,COLORADO,802910,"Cherry Creek, School District No. 5, in the county of Arapah",1879,ASPEN CROSSING ELEMENTARY SCHOOL,80291001879,No,OI,0,0,0,0,0,0,0,0,0,0,0,0,0,1,1,0,0,1,0,0,0,0,0,0,0,0,0,0,0,0,0,1,0,0,0
CO,COLORADO,802910,"Cherry Creek, School District No. 5, in the county of Arapah",1880,RED HAWK RIDGE ELEMENTARY SCHOOL,80291001880,No,OI,0,0,0,0,0,0,1,0,0,0,0,0,0,0,1,1,0,0,0,0,0,0,0,0,1,0,0,0,0,0,0,0,0,0,0
CO,COLORADO,802910,"Cherry Creek, School District No. 5, in the county of Arapah",1951,CHEROKEE TRAIL HIGH SCHOOL,80291001951,No,OI,0,0,0,0,1,0,0,0,0,0,0,0,0,0,1,0,1,0,0,0,0,0,0,0,1,0,0,0,0,0,0,0,0,0,0
CO,COLORADO,802910,"Cherry Creek, School District No. 5, in the county of Arapah",6156,EAGLECREST HIGH SCHOOL,80291006156,No,OI,0,0,0,0,0,0,1,0,0,0,0,0,0,1,2,0,1,0,1,0,0,0,1,0,0,0,0,0,0,0,1,0,0,0,0
CO,COLORADO,802940,"Cheyenne Mountain School District No. 12, in the county of E",210,SKYWAY PARK ELEMENTARY SCHOOL,80294000210,No,OI,0,0,0,0,1,0,0,0,0,0,0,0,0,0,1,0,1,0,0,0,0,0,0,0,1,0,0,0,0,0,0,0,0,0,0
CO,COLORADO,802940,"Cheyenne Mountain School District No. 12, in the county of E",211,CHEYENNE MOUNTAIN HIGH SCHOOL,80294000211,No,OI,0,0,0,0,0,0,0,0,0,0,0,0,0,1,1,0,0,0,1,0,0,0,0,0,0,0,0,0,0,0,0,1,0,0,0
CO,COLORADO,803030,"Plateau Valley, School District No. 50 in the county of Mesa",220,PLATEAU VALLEY HIGH SCHOOL,80303000220,No,OI,0,0,0,0,0,0,0,0,0,0,0,0,0,1,1,0,0,0,1,0,0,0,0,0,0,0,0,0,0,0,0,0,1,0,0
CO,COLORADO,803060,"Colorado Springs, School District No. 11, in the county of E",224,BRISTOL ELEMENTARY SCHOOL,80306000224,No,OI,0,0,0,0,0,0,1,0,0,0,0,0,0,0,1,0,1,0,0,0,0,0,1,0,0,0,0,0,0,0,0,0,0,0,0
CO,COLORADO,803060,"Colorado Springs, School District No. 11, in the county of E",228,CORONADO HIGH SCHOOL,80306000228,No,OI,0,0,0,0,0,0,0,0,0,0,0,0,0,1,1,0,0,0,1,0,0,0,0,0,0,0,0,0,0,0,0,0,1,0,0
CO,COLORADO,803060,"Colorado Springs, School District No. 11, in the county of E",234,SABIN MIDDLE SCHOOL,80306000234,No,OI,0,0,0,0,0,0,1,0,0,0,0,0,0,0,1,0,1,0,0,0,0,0,0,1,0,0,0,0,0,0,0,0,0,0,0
CO,COLORADO,803060,"Colorado Springs, School District No. 11, in the county of E",236,FREMONT ELEMENTARY SCHOOL,80306000236,No,OI,0,0,0,0,0,0,0,0,0,1,0,0,0,0,1,0,0,0,1,0,0,0,0,0,0,0,0,0,0,0,0,0,1,0,0
CO,COLORADO,803060,"Colorado Springs, School District No. 11, in the county of E",255,MONROE ELEMENTARY SCHOOL,80306000255,No,OI,0,0,0,0,0,0,0,0,0,0,0,0,0,1,1,0,0,0,1,0,0,0,0,0,0,0,0,0,0,0,0,0,1,0,0
CO,COLORADO,803060,"Colorado Springs, School District No. 11, in the county of E",257,PALMER HIGH SCHOOL,80306000257,No,OI,0,0,0,0,0,0,1,0,0,0,0,0,0,0,1,0,1,0,0,0,0,0,1,0,0,0,0,0,0,0,0,0,0,0,0
CO,COLORADO,803060,"Colorado Springs, School District No. 11, in the county of E",266,STRATTON ELEMENTARY SCHOOL,80306000266,No,OI,0,0,0,2,0,0,0,0,0,0,0,0,0,2,4,0,2,0,2,0,0,0,0,2,0,0,0,0,0,0,0,1,1,0,0
CO,COLORADO,803060,"Colorado Springs, School District No. 11, in the county of E",268,DOHERTY HIGH SCHOOL,80306000268,No,OI,0,0,0,0,0,0,0,0,0,0,0,0,0,1,1,0,0,0,1,0,0,0,0,0,0,0,0,0,0,0,0,0,1,0,0
CO,COLORADO,803060,"Colorado Springs, School District No. 11, in the county of E",272,WEST MIDDLE SCHOOL,80306000272,No,OI,0,0,1,0,0,0,0,0,0,0,0,0,0,0,1,0,1,0,0,0,0,0,0,1,0,0,0,0,0,0,0,0,0,0,0
CO,COLORADO,803060,"Colorado Springs, School District No. 11, in the county of E",1318,GLOBE CHARTER SCHOOL,80306001318,No,OI,0,0,0,0,1,0,0,0,0,0,0,0,0,0,1,0,1,0,0,0,0,0,0,0,1,0,0,0,0,0,0,0,0,0,0
CO,COLORADO,803060,"Colorado Springs, School District No. 11, in the county of E",1379,KING ELEMENTARY SCHOOL,80306001379,No,OI,0,0,1,0,0,0,0,0,0,0,0,0,0,0,1,0,1,0,0,0,0,0,0,1,0,0,0,0,0,0,0,0,0,0,0
CO,COLORADO,803060,"Colorado Springs, School District No. 11, in the county of E",1683,JENKINS MIDDLE SCHOOL,80306001683,No,OI,0,0,0,0,0,0,1,0,0,0,0,0,0,0,1,0,1,0,0,0,0,0,0,0,1,0,0,0,0,0,0,0,0,0,0
CO,COLORADO,803060,"Colorado Springs, School District No. 11, in the county of E",6319,MCAULIFFE ELEMENTARY,80306006319,No,OI,0,0,0,0,0,0,1,0,0,0,0,0,0,0,1,0,1,0,0,0,0,0,0,0,1,0,0,0,0,0,0,0,0,0,0
CO,COLORADO,803330,Delta County Joint District No. 50,304,PAONIA HIGH SCHOOL,80333000304,No,OI,0,0,0,0,0,0,1,0,0,0,0,0,0,0,1,0,1,0,0,0,0,0,0,1,0,0,0,0,0,0,0,0,0,0,0
CO,COLORADO,803360,School District No. 1 in the county of Denver and State of C,305,ABRAHAM LINCOLN HIGH SCHOOL,80336000305,No,OI,0,0,0,1,0,0,0,0,0,0,0,0,0,0,1,0,1,0,0,0,0,0,0,1,0,0,0,0,0,0,0,0,0,0,0
CO,COLORADO,803360,School District No. 1 in the county of Denver and State of C,324,CENTENNIAL A SCHOOL FOR EXPEDITIONARY LEARNING,80336000324,No,OI,0,0,0,0,0,0,1,0,0,0,0,0,0,0,1,0,1,0,0,0,0,0,0,1,0,0,0,0,0,0,0,0,0,0,0
CO,COLORADO,803360,School District No. 1 in the county of Denver and State of C,327,COLFAX ELEMENTARY SCHOOL,80336000327,No,OI,0,0,0,1,0,0,0,0,0,0,0,0,0,0,1,1,0,0,0,0,0,0,0,0,1,0,0,0,0,0,0,0,0,0,0
CO,COLORADO,803360,School District No. 1 in the county of Denver and State of C,329,COLUMBIAN ELEMENTARY SCHOOL,80336000329,No,OI,0,0,0,1,0,0,0,0,0,0,0,0,0,0,1,0,1,0,0,0,0,0,1,0,0,0,0,0,0,0,0,0,0,0,0
CO,COLORADO,803360,School District No. 1 in the county of Denver and State of C,330,COLUMBINE ELEMENTARY SCHOOL,80336000330,No,OI,0,1,0,0,0,0,0,0,0,0,0,0,0,0,1,1,0,0,0,0,0,0,0,1,0,0,0,0,0,0,0,0,0,0,0
CO,COLORADO,803360,School District No. 1 in the county of Denver and State of C,336,DOULL ELEMENTARY SCHOOL,80336000336,No,OI,0,0,0,1,0,0,0,0,0,0,0,0,0,1,2,1,0,0,1,0,0,0,0,0,1,0,0,0,0,0,1,0,0,0,0
CO,COLORADO,803360,School District No. 1 in the county of Denver and State of C,351,GARDEN PLACE ELEMENTARY SCHOOL,80336000351,No,OI,0,0,0,1,0,0,0,0,0,0,0,0,0,0,1,1,0,0,0,0,0,0,0,0,1,0,0,0,0,0,0,0,0,0,0
CO,COLORADO,803360,School District No. 1 in the county of Denver and State of C,367,JOHN F KENNEDY HIGH SCHOOL,80336000367,No,OI,0,0,0,0,1,0,0,0,0,0,0,0,0,0,1,0,1,0,0,0,0,0,0,1,0,0,0,0,0,0,0,0,0,0,0
CO,COLORADO,803360,School District No. 1 in the county of Denver and State of C,368,JOHNSON ELEMENTARY SCHOOL,80336000368,No,OI,0,0,0,0,0,0,0,0,0,0,1,0,0,0,1,0,0,1,0,0,0,0,0,0,0,0,0,0,0,0,0,0,1,0,0
CO,COLORADO,803360,School District No. 1 in the county of Denver and State of C,369,KAISER ELEMENTARY SCHOOL,80336000369,No,OI,0,0,0,0,0,0,0,0,0,0,1,0,0,0,1,0,0,0,1,0,0,0,0,0,0,0,0,0,0,0,0,0,1,0,0
CO,COLORADO,803360,School District No. 1 in the county of Denver and State of C,371,KNAPP ELEMENTARY SCHOOL,80336000371,No,OI,0,0,0,1,0,0,0,0,0,0,1,0,0,0,2,1,0,1,0,0,0,0,0,1,0,0,0,0,0,0,0,0,1,0,0
CO,COLORADO,803360,School District No. 1 in the county of Denver and State of C,379,MERRILL MIDDLE SCHOOL,80336000379,No,OI,0,0,0,1,0,0,0,0,0,0,0,0,0,0,1,1,0,0,0,0,0,0,0,0,1,0,0,0,0,0,0,0,0,0,0
CO,COLORADO,803360,School District No. 1 in the county of Denver and State of C,385,DORA MOORE ECE-8 SCHOOL,80336000385,No,OI,0,0,0,0,0,0,0,0,0,0,1,0,0,0,1,0,0,0,1,0,0,0,0,0,0,0,0,0,0,0,0,0,1,0,0
CO,COLORADO,803360,School District No. 1 in the county of Denver and State of C,389,NORTH HIGH SCHOOL,80336000389,No,OI,0,0,0,0,0,0,0,0,0,0,0,1,0,0,1,0,0,0,1,0,0,0,0,0,0,0,0,0,0,0,0,0,1,0,0
CO,COLORADO,803360,School District No. 1 in the county of Denver and State of C,398,SABIN WORLD SCHOOL,80336000398,No,OI,0,0,0,1,0,0,1,0,0,0,0,0,0,0,2,0,2,0,0,0,0,0,0,0,2,0,0,0,0,0,0,0,0,0,0
CO,COLORADO,803360,School District No. 1 in the county of Denver and State of C,407,SMITH ELEMENTARY SCHOOL,80336000407,No,OI,0,0,0,0,0,0,0,0,0,0,1,0,0,0,1,0,0,1,0,0,0,0,0,0,0,0,0,0,0,0,0,0,1,0,0
CO,COLORADO,803360,School District No. 1 in the county of Denver and State of C,415,TELLER ELEMENTARY SCHOOL,80336000415,No,OI,0,0,0,1,0,0,0,0,0,0,0,0,0,0,1,0,1,0,0,0,0,0,0,0,1,0,0,0,0,0,0,0,0,0,0
CO,COLORADO,803360,School District No. 1 in the county of Denver and State of C,1406,DR. MARTIN LUTHER KING JR. EARLY COLLEGE,80336001406,No,OI,0,0,1,0,0,0,0,0,0,0,0,0,0,0,1,0,1,0,0,0,0,0,0,0,1,0,0,0,0,0,0,0,0,0,0
CO,COLORADO,803360,School District No. 1 in the county of Denver and State of C,1635,MAXWELL ELEMENTARY SCHOOL,80336001635,No,OI,0,0,1,0,0,0,0,0,0,0,0,0,0,0,1,0,1,0,0,0,0,0,0,0,1,0,0,0,0,0,0,0,0,0,0
CO,COLORADO,803360,School District No. 1 in the county of Denver and State of C,1864,LENA ARCHULETA ELEMENTARY SCHOOL,80336001864,No,OI,0,0,0,0,0,0,1,0,0,0,0,0,0,0,1,1,0,0,0,0,0,0,0,0,1,0,0,0,0,0,0,0,0,0,0
CO,COLORADO,803360,School District No. 1 in the county of Denver and State of C,1917,DENVER CENTER FOR INTERNATIONAL STUDIES,80336001917,No,OI,0,0,0,0,0,0,0,0,0,0,1,0,0,0,1,0,0,0,1,0,0,0,0,0,0,0,0,0,0,0,0,0,1,0,0
CO,COLORADO,803360,School District No. 1 in the county of Denver and State of C,1933,FLORIDA PITT-WALLER ECE-8 SCHOOL,80336001933,No,OI,0,0,1,0,0,0,0,0,0,0,0,0,0,0,1,0,1,0,0,0,0,0,1,0,0,0,0,0,0,0,0,0,0,0,0
CO,COLORADO,803360,School District No. 1 in the county of Denver and State of C,2012,STRIVE PREP - FEDERAL,80336002012,No,OI,0,0,0,0,0,0,0,0,0,0,1,0,0,0,1,0,0,1,0,0,0,0,0,0,0,0,0,0,0,0,0,1,0,0,0
CO,COLORADO,803360,School District No. 1 in the county of Denver and State of C,6442,KUNSMILLER CREATIVE ARTS ACADEMY,80336006442,No,OI,0,0,0,1,0,0,0,0,0,0,0,0,0,0,1,1,0,0,0,0,0,0,0,0,1,0,0,0,0,0,0,0,0,0,0
CO,COLORADO,803360,School District No. 1 in the county of Denver and State of C,6547,WEST LEADERSHIP ACADEMY,80336006547,No,OI,0,0,0,0,0,0,0,0,0,0,1,0,0,0,1,0,0,1,0,0,0,0,0,0,0,0,0,0,0,0,0,0,1,0,0
CO,COLORADO,803360,School District No. 1 in the county of Denver and State of C,6551,WEST EARLY COLLEGE,80336006551,No,OI,0,0,0,1,0,0,0,0,0,0,0,0,0,0,1,0,1,0,0,0,0,0,0,0,1,0,0,0,0,0,0,0,0,0,0
CO,COLORADO,803360,School District No. 1 in the county of Denver and State of C,6572,DSST: BYERS MIDDLE SCHOOL,80336006572,No,OI,0,0,0,0,0,0,0,0,0,0,0,0,0,1,1,0,0,0,1,0,0,0,0,0,0,0,0,0,0,0,0,0,1,0,0
CO,COLORADO,803360,School District No. 1 in the county of Denver and State of C,6652,KIPP NORTHEAST ELEMENTARY,80336006652,No,OI,0,0,0,0,0,0,0,0,0,0,0,1,0,0,1,0,0,0,1,0,0,0,0,0,0,0,0,0,0,0,0,0,1,0,0
CO,COLORADO,803360,School District No. 1 in the county of Denver and State of C,6684,DSST: BYERS HIGH SCHOOL,80336006684,No,OI,0,0,0,0,0,0,1,0,0,0,0,0,0,0,1,0,1,0,0,0,0,0,0,0,1,0,0,0,0,0,0,0,0,0,0
CO,COLORADO,803420,Dolores County School District RE-2J,429,DOVE CREEK HIGH SCHOOL,80342000429,No,OI,0,0,0,0,0,0,1,0,0,0,0,0,0,0,1,0,1,0,0,0,0,0,0,0,1,0,0,0,0,0,0,0,0,0,0
CO,COLORADO,803450,"Douglas County School District, No. Re 1",436,ACRES GREEN ELEMENTARY SCHOOL,80345000436,No,OI,0,0,0,0,0,0,0,0,0,0,0,0,0,1,1,0,0,0,1,0,0,0,0,0,0,0,0,0,0,0,0,0,1,0,0
CO,COLORADO,803450,"Douglas County School District, No. Re 1",1437,HIGHLANDS RANCH HIGH SCHOOL,80345001437,No,OI,0,0,0,0,0,0,1,0,0,0,0,0,0,0,1,0,1,0,0,0,0,0,0,0,1,0,0,0,0,0,0,0,0,0,0
CO,COLORADO,803450,"Douglas County School District, No. Re 1",1497,CHEROKEE TRAIL ELEMENTARY SCHOOL,80345001497,No,OI,0,0,0,1,0,0,0,0,0,0,0,0,0,0,1,0,1,0,0,0,0,0,0,1,0,0,0,0,0,0,0,0,0,0,0
CO,COLORADO,803450,"Douglas County School District, No. Re 1",1578,CHAPARRAL HIGH SCHOOL,80345001578,No,OI,0,0,0,0,0,0,0,0,0,0,0,0,0,1,1,0,0,0,1,0,0,0,0,0,0,0,0,0,0,0,0,0,1,0,0
CO,COLORADO,803450,"Douglas County School District, No. Re 1",1680,SADDLE RANCH ELEMENTARY SCHOOL,80345001680,No,OI,0,0,0,0,0,0,0,0,0,0,1,0,0,0,1,0,0,0,1,0,0,0,0,0,0,0,0,0,0,0,0,0,1,0,0
CO,COLORADO,803450,"Douglas County School District, No. Re 1",1748,MOUNTAIN VISTA HIGH SCHOOL,80345001748,No,OI,0,0,0,0,0,0,0,0,0,0,0,0,0,1,1,0,0,0,1,0,0,0,0,0,0,0,0,0,0,0,0,0,1,0,0
CO,COLORADO,803450,"Douglas County School District, No. Re 1",1875,FRONTIER VALLEY ELEMENTARY SCHOOL,80345001875,No,OI,0,0,0,0,0,0,2,0,0,0,0,0,0,0,2,0,2,0,0,0,0,0,0,0,2,0,0,0,0,0,0,0,0,0,0
CO,COLORADO,803450,"Douglas County School District, No. Re 1",1918,CASTLE VIEW HIGH SCHOOL,80345001918,No,OI,1,0,0,0,0,0,1,0,0,0,0,0,0,0,2,0,2,0,0,0,0,0,0,2,0,0,0,0,0,0,0,0,0,0,0
CO,COLORADO,803450,"Douglas County School District, No. Re 1",6219,CRESTHILL MIDDLE SCHOOL,80345006219,No,OI,0,0,0,0,0,0,0,0,1,0,0,0,0,1,2,0,0,1,1,0,0,0,0,0,0,0,0,0,0,0,0,1,1,0,0
CO,COLORADO,803450,"Douglas County School District, No. Re 1",6368,GOLD RUSH ELEMENTARY,80345006368,No,OI,0,0,1,0,0,0,0,0,0,0,0,0,0,0,1,0,1,0,0,0,0,0,0,0,1,0,0,0,0,0,0,0,0,0,0
CO,COLORADO,803450,"Douglas County School District, No. Re 1",6400,LEGEND HIGH SCHOOL,80345006400,No,OI,0,0,0,0,0,0,0,0,0,0,0,0,0,1,1,0,0,0,1,0,0,0,0,0,0,0,0,0,0,0,1,0,0,0,0
CO,COLORADO,803450,"Douglas County School District, No. Re 1",6404,CIMARRON MIDDLE,80345006404,No,OI,0,0,0,0,0,0,1,0,0,0,0,0,0,0,1,0,1,0,0,0,0,0,0,0,1,0,0,0,0,0,0,0,0,0,0
CO,COLORADO,803480,Durango School District No. 9-R,449,FLORIDA MESA ELEMENTARY SCHOOL,80348000449,No,OI,0,0,0,0,0,0,1,0,0,0,0,0,0,1,2,0,1,0,1,0,0,0,0,0,1,0,0,0,0,0,0,0,1,0,0
CO,COLORADO,803480,Durango School District No. 9-R,6696,COLORADO CONNECTIONS ACADEMY @ DURANGO,80348006696,No,OI,0,0,0,0,0,0,0,0,0,0,1,0,0,0,1,0,0,0,1,0,0,0,0,0,0,0,0,0,0,0,0,0,1,0,0
CO,COLORADO,803540,Eagle County School District No. Re 50,461,BATTLE MOUNTAIN HIGH SCHOOL,80354000461,No,OI,0,0,0,1,0,0,0,0,0,0,0,0,0,0,1,0,1,0,0,0,0,0,0,1,0,0,0,0,0,0,0,0,0,0,0
CO,COLORADO,803540,Eagle County School District No. Re 50,463,EAGLE VALLEY HIGH SCHOOL,80354000463,No,OI,0,0,0,1,0,0,1,0,1,0,0,0,0,0,3,1,1,1,0,0,0,0,0,1,1,0,0,0,0,0,0,0,1,0,0
CO,COLORADO,803540,Eagle County School District No. Re 50,851,EAGLE COUNTY CHARTER ACADEMY,80354000851,No,OI,0,0,0,0,0,0,1,0,0,0,0,0,0,0,1,0,1,0,0,0,0,0,0,0,1,0,0,0,0,0,0,0,0,0,0
CO,COLORADO,803540,Eagle County School District No. Re 50,1309,EAGLE VALLEY MIDDLE SCHOOL,80354001309,No,OI,0,0,0,0,0,0,0,0,0,0,1,0,0,0,1,0,0,0,1,0,0,0,0,0,0,0,0,0,0,0,0,0,1,0,0
CO,COLORADO,803540,Eagle County School District No. Re 50,1530,AVON ELEMENTARY SCHOOL,80354001530,No,OI,0,0,0,0,0,0,0,0,0,0,1,0,0,0,1,0,0,1,0,0,0,0,0,0,0,0,0,0,0,0,0,0,1,0,0
CO,COLORADO,803540,Eagle County School District No. Re 50,1721,RED HILL ELEMENTARY SCHOOL,80354001721,No,OI,0,0,0,1,0,0,0,0,0,0,0,0,0,0,1,1,0,0,0,0,0,0,0,1,0,0,0,0,0,0,0,0,0,0,0
CO,COLORADO,803540,Eagle County School District No. Re 50,6222,GYPSUM ELEMENTARY SCHOOL,80354006222,No,OI,0,0,0,0,0,0,0,0,0,0,1,0,0,0,1,0,0,1,0,0,0,0,0,0,0,0,0,0,0,0,0,0,1,0,0
CO,COLORADO,803540,Eagle County School District No. Re 50,6366,JUNE CREEK ELEMENTARY SCHOOL,80354006366,No,OI,0,0,0,0,0,0,0,0,0,0,1,0,0,0,1,0,0,1,0,0,0,0,0,0,0,0,0,0,0,0,0,0,1,0,0
CO,COLORADO,803540,Eagle County School District No. Re 50,6533,WORLD ACADEMY,80354006533,No,OI,0,0,0,0,0,0,0,0,0,0,0,0,0,1,1,0,0,0,1,0,0,0,0,0,0,0,0,0,0,0,0,0,1,0,0
CO,COLORADO,803600,Weld County School District No. Re-2,475,EATON MIDDLE SCHOOL,80360000475,No,OI,0,0,0,0,0,0,0,0,0,0,1,0,0,1,2,0,0,0,2,0,0,0,0,0,0,0,0,0,0,0,0,0,2,0,0
CO,COLORADO,803600,Weld County School District No. Re-2,1986,BENJAMIN EATON ELEMENTARY SCHOOL,80360001986,No,OI,0,0,0,0,1,0,1,0,0,0,0,0,0,0,2,0,2,0,0,0,0,0,0,0,2,0,0,0,0,0,0,0,0,0,0
CO,COLORADO,803750,"Ellicott, School District No. 22, in the county of El Paso a",484,ELLICOTT ELEMENTARY SCHOOL,80375000484,No,OI,0,0,0,0,0,0,0,0,0,0,1,0,0,0,1,0,0,0,1,0,0,0,0,0,0,0,0,0,0,0,0,0,1,0,0
CO,COLORADO,803870,"Falcon, School District No. 49, in the county of El Paso and",506,FALCON MIDDLE SCHOOL,80387000506,No,OI,0,0,0,0,0,0,1,0,0,0,0,0,0,2,3,0,1,0,2,0,0,0,0,0,1,0,0,0,0,0,0,0,2,0,0
CO,COLORADO,803870,"Falcon, School District No. 49, in the county of El Paso and",507,FALCON HIGH SCHOOL,80387000507,No,OI,0,0,0,0,0,0,2,0,0,0,0,0,0,1,3,0,2,0,1,0,0,0,0,0,2,0,0,0,0,0,0,1,0,0,0
CO,COLORADO,803870,"Falcon, School District No. 49, in the county of El Paso and",1594,SAND CREEK HIGH SCHOOL,80387001594,No,OI,0,0,0,0,0,0,0,0,0,0,0,0,0,1,1,0,0,0,1,0,0,0,0,0,0,0,0,0,0,0,0,1,0,0,0
CO,COLORADO,803870,"Falcon, School District No. 49, in the county of El Paso and",1686,WOODMEN HILLS ELEMENTARY SCHOOL,80387001686,No,OI,0,0,0,0,0,0,1,0,0,0,0,0,0,0,1,0,1,0,0,0,0,0,0,0,1,0,0,0,0,0,0,0,0,0,0
CO,COLORADO,803870,"Falcon, School District No. 49, in the county of El Paso and",1898,RIDGEVIEW ELEMENTARY SCHOOL,80387001898,No,OI,0,0,0,1,0,0,0,0,0,0,0,0,0,0,1,0,1,0,0,0,0,0,0,0,1,0,0,0,0,0,0,0,0,0,0
CO,COLORADO,803870,"Falcon, School District No. 49, in the county of El Paso and",6393,GOAL ACADEMY,80387006393,No,OI,0,0,0,1,0,0,0,0,0,1,0,0,0,0,2,0,1,0,1,0,0,0,0,0,1,0,0,0,0,0,0,0,1,0,0
CO,COLORADO,803870,"Falcon, School District No. 49, in the county of El Paso and",6462,SPRINGS STUDIO FOR ACADEMIC EXCELLENCE,80387006462,No,OI,0,0,0,0,0,0,1,0,0,0,0,0,0,0,1,0,1,0,0,0,0,0,0,0,1,0,0,0,0,0,0,0,0,0,0
CO,COLORADO,803960,Fremont Re-2,1595,FREMONT MIDDLE SCHOOL,80396001595,No,OI,0,0,0,0,0,0,1,0,0,0,0,0,0,0,1,0,1,0,0,0,0,0,0,0,1,0,0,0,0,0,0,0,0,0,0
CO,COLORADO,803990,Poudre School District R-1,522,BLEVINS MIDDLE SCHOOL,80399000522,No,OI,0,0,0,0,0,0,0,0,0,0,0,0,0,1,1,0,0,0,1,0,0,0,0,0,0,0,0,0,0,0,0,0,1,0,0
CO,COLORADO,803990,Poudre School District R-1,541,POUDRE HIGH SCHOOL,80399000541,No,OI,0,0,0,0,0,0,0,0,0,0,1,0,0,0,1,0,0,0,1,0,0,0,0,0,0,0,0,0,0,0,1,0,0,0,0
CO,COLORADO,803990,Poudre School District R-1,545,ROCKY MOUNTAIN HIGH SCHOOL,80399000545,No,OI,0,0,0,0,1,0,0,0,0,0,0,0,0,0,1,0,1,0,0,0,0,0,0,0,1,0,0,0,0,0,0,0,0,0,0
CO,COLORADO,803990,Poudre School District R-1,1091,PRESTON MIDDLE SCHOOL,80399001091,No,OI,0,0,0,0,0,0,0,0,0,0,0,0,0,1,1,0,0,0,1,0,0,0,0,0,0,0,0,0,0,0,0,1,0,0,0
CO,COLORADO,803990,Poudre School District R-1,6161,OLANDER ELEMENTARY SCHOOL,80399006161,No,OI,0,0,0,0,0,0,1,0,0,0,0,0,0,0,1,0,1,0,0,0,0,0,0,0,1,0,0,0,0,0,0,0,0,0,0
CO,COLORADO,803990,Poudre School District R-1,6315,RICE ELEMENTARY SCHOOL,80399006315,No,OI,0,0,0,0,0,0,0,0,0,0,0,0,0,1,1,0,0,0,1,0,0,0,0,0,0,0,0,0,0,0,0,0,1,0,0
CO,COLORADO,804020,Weld County Reorganized School District No. Re-8,553,FORT LUPTON MIDDLE SCHOOL,80402000553,No,OI,0,0,0,0,0,0,0,0,0,0,1,0,0,0,1,0,0,0,1,0,0,0,0,0,0,0,0,0,0,0,0,1,0,0,0
CO,COLORADO,804050,"School District No. Re-3, Fort Morgan",6298,PIONEER ELEMENTARY SCHOOL,80405006298,No,OI,0,0,0,1,0,0,0,0,0,0,0,0,0,0,1,1,0,0,0,0,0,0,1,0,0,0,0,0,0,0,0,0,0,0,0
CO,COLORADO,804080,"Fountain, School District No. 8, in the county of El Paso an",560,ABRAMS ELEMENTARY SCHOOL,80408000560,No,OI,0,0,0,0,0,0,0,0,0,0,0,0,0,1,1,0,0,0,1,0,0,0,0,0,0,0,0,0,0,0,0,0,1,0,0
CO,COLORADO,804080,"Fountain, School District No. 8, in the county of El Paso an",561,CARSON MIDDLE SCHOOL,80408000561,No,OI,0,0,0,1,0,0,0,0,0,0,0,0,0,0,1,0,1,0,0,0,0,0,0,1,0,0,0,0,0,0,0,0,0,0,0
CO,COLORADO,804080,"Fountain, School District No. 8, in the county of El Paso an",562,FOUNTAIN-FORT CARSON HIGH SCHOOL,80408000562,No,OI,0,0,0,0,0,0,0,0,0,0,0,0,0,1,1,0,0,0,1,0,0,0,0,0,0,0,0,0,0,0,0,0,1,0,0
CO,COLORADO,804080,"Fountain, School District No. 8, in the county of El Paso an",6330,EAGLESIDE ELEMENTARY SCHOOL,80408006330,No,OI,0,0,0,0,0,0,1,0,0,0,0,0,0,0,1,0,1,0,0,0,0,0,0,0,1,0,0,0,0,0,0,0,0,0,0
CO,COLORADO,804260,Roaring Fork School District No. Re-1,1597,SOPRIS ELEMENTARY SCHOOL,80426001597,No,OI,0,0,0,0,0,0,0,0,0,0,0,0,0,1,1,0,0,0,1,0,0,0,0,0,0,0,0,0,0,0,0,0,1,0,0
CO,COLORADO,804260,Roaring Fork School District No. Re-1,6715,RIVERVIEW SCHOOL,80426006715,-8,OI,0,0,0,0,0,0,0,0,0,0,0,0,0,1,1,0,0,1,0,0,0,0,0,0,0,0,0,0,0,0,0,1,0,0,0
CO,COLORADO,804350,Mesa County Valley School District No. 51,597,APPLETON ELEMENTARY SCHOOL,80435000597,No,OI,0,0,0,0,0,0,0,0,0,0,0,0,0,1,1,0,0,0,1,0,0,0,0,0,0,0,0,0,0,0,0,0,1,0,0
CO,COLORADO,804350,Mesa County Valley School District No. 51,600,CENTRAL HIGH SCHOOL,80435000600,No,OI,0,0,0,0,0,0,1,0,0,0,0,0,0,0,1,0,1,0,0,0,0,0,1,0,0,0,0,0,0,0,0,0,0,0,0
CO,COLORADO,804350,Mesa County Valley School District No. 51,608,FRUITA MIDDLE SCHOOL,80435000608,No,OI,0,0,0,0,0,0,1,0,0,0,0,0,0,0,1,0,1,0,0,0,0,0,0,1,0,0,0,0,0,0,0,0,0,0,0
CO,COLORADO,804350,Mesa County Valley School District No. 51,610,FRUITVALE ELEMENTARY SCHOOL,80435000610,No,OI,0,0,0,0,0,0,0,0,0,0,0,0,0,1,1,0,0,0,1,0,0,0,0,0,0,0,0,0,0,0,0,1,0,0,0
CO,COLORADO,804350,Mesa County Valley School District No. 51,612,GRAND JUNCTION HIGH SCHOOL,80435000612,No,OI,0,0,0,0,0,0,1,0,0,0,0,0,0,0,1,0,1,0,0,0,0,0,0,1,0,0,0,0,0,0,0,0,0,0,0
CO,COLORADO,804350,Mesa County Valley School District No. 51,613,LINCOLN ORCHARD MESA ELEMENTARY SCHOOL,80435000613,No,OI,0,0,0,0,0,0,1,0,0,0,1,0,0,0,2,0,1,0,1,0,0,0,0,1,0,0,0,0,0,0,0,1,0,0,0
CO,COLORADO,804350,Mesa County Valley School District No. 51,618,ORCHARD AVENUE ELEMENTARY SCHOOL,80435000618,No,OI,0,0,0,1,0,0,0,0,0,0,0,0,0,0,1,0,1,0,0,0,0,0,0,0,1,0,0,0,0,0,0,0,0,0,0
CO,COLORADO,804350,Mesa County Valley School District No. 51,620,PALISADE HIGH SCHOOL,80435000620,No,OI,0,0,0,0,0,0,1,0,0,0,0,0,0,0,1,0,1,0,0,0,0,0,0,1,0,0,0,0,0,0,0,0,0,0,0
CO,COLORADO,804350,Mesa County Valley School District No. 51,621,POMONA ELEMENTARY SCHOOL,80435000621,No,OI,0,0,0,0,0,0,1,0,0,0,0,0,0,0,1,0,1,0,0,0,0,0,0,0,1,0,0,0,0,0,0,0,0,0,0
CO,COLORADO,804350,Mesa County Valley School District No. 51,627,TOPE ELEMENTARY SCHOOL,80435000627,No,OI,0,0,0,0,0,0,0,0,0,0,0,0,0,1,1,0,0,0,1,0,0,0,0,0,0,0,0,0,0,0,0,0,1,0,0
CO,COLORADO,804350,Mesa County Valley School District No. 51,629,WEST MIDDLE SCHOOL,80435000629,No,OI,0,0,0,0,0,0,0,0,0,0,0,0,0,1,1,0,0,0,1,0,0,0,0,0,0,0,0,0,0,0,0,0,1,0,0
CO,COLORADO,804350,Mesa County Valley School District No. 51,1344,MESA VIEW ELEMENTARY SCHOOL,80435001344,No,OI,0,0,0,0,0,0,2,0,0,0,0,0,0,1,3,0,2,0,1,0,0,0,0,0,2,0,0,0,0,0,0,0,1,0,0
CO,COLORADO,804350,Mesa County Valley School District No. 51,1345,MOUNT GARFIELD MIDDLE SCHOOL,80435001345,No,OI,0,0,0,0,0,0,1,0,0,0,0,0,0,0,1,0,1,0,0,0,0,0,0,0,1,0,0,0,0,0,0,0,0,0,0
CO,COLORADO,804350,Mesa County Valley School District No. 51,1346,THUNDER MOUNTAIN ELEMENTARY SCHOOL,80435001346,No,OI,0,0,0,1,0,0,0,0,0,0,0,0,0,0,1,0,1,0,0,0,0,0,0,0,1,0,0,0,0,0,0,0,0,0,0
CO,COLORADO,804350,Mesa County Valley School District No. 51,1347,WINGATE ELEMENTARY SCHOOL,80435001347,No,OI,0,0,0,0,0,0,2,0,0,0,0,0,0,0,2,0,2,0,0,0,0,0,0,1,1,0,0,0,0,0,0,0,0,0,0
CO,COLORADO,804350,Mesa County Valley School District No. 51,1992,PEAR PARK ELEMENTARY SCHOOL,80435001992,No,OI,0,0,0,0,0,0,0,0,0,0,0,0,0,1,1,0,0,0,1,0,0,0,0,0,0,0,0,0,0,0,0,1,0,0,0
CO,COLORADO,804350,Mesa County Valley School District No. 51,2030,RIM ROCK ELEMENTARY SCHOOL,80435002030,No,OI,0,0,0,0,0,0,2,0,0,0,0,0,0,0,2,0,2,0,0,0,0,0,1,1,0,0,0,0,0,0,0,0,0,0,0
CO,COLORADO,804380,"Grand Valley, School District No. 16, in the county of Garfi",631,GRAND VALLEY HIGH SCHOOL,80438000631,No,OI,0,0,0,1,0,0,1,0,0,0,0,0,0,0,2,0,2,0,0,0,0,0,0,0,2,0,0,0,0,0,0,0,0,0,0
CO,COLORADO,804380,"Grand Valley, School District No. 16, in the county of Garfi",1368,GRAND VALLEY MIDDLE SCHOOL,80438001368,No,OI,0,0,0,0,0,0,0,0,0,0,1,0,0,0,1,0,0,0,1,0,0,0,0,0,0,0,0,0,0,0,0,0,1,0,0
CO,COLORADO,804410,"Greeley,School District No. 6, in the county of Weld and Sta",633,MARTINEZ ELEMENTARY SCHOOL,80441000633,No,OI,0,0,0,1,0,0,0,0,0,0,0,0,0,0,1,0,1,0,0,0,0,0,0,0,1,0,0,0,0,0,0,0,0,0,0
CO,COLORADO,804410,"Greeley,School District No. 6, in the county of Weld and Sta",636,CENTENNIAL ELEMENTARY SCHOOL,80441000636,No,OI,0,0,0,1,0,0,0,0,0,0,0,0,0,1,2,1,0,0,1,0,0,0,0,0,1,0,0,0,0,0,0,0,1,0,0
CO,COLORADO,804410,"Greeley,School District No. 6, in the county of Weld and Sta",640,GREELEY WEST HIGH SCHOOL,80441000640,No,OI,0,0,0,0,0,0,1,0,0,0,0,0,0,0,1,0,1,0,0,0,0,0,0,1,0,0,0,0,0,0,0,0,0,0,0
CO,COLORADO,804410,"Greeley,School District No. 6, in the county of Weld and Sta",641,GREELEY CENTRAL HIGH SCHOOL,80441000641,No,OI,0,0,0,2,0,0,0,0,0,0,0,0,0,0,2,1,1,0,0,0,0,0,0,1,1,0,0,0,0,0,0,0,0,0,0
CO,COLORADO,804410,"Greeley,School District No. 6, in the county of Weld and Sta",646,MADISON ELEMENTARY SCHOOL,80441000646,No,OI,0,0,0,1,0,0,0,0,0,0,0,0,0,0,1,1,0,0,0,0,0,0,0,0,1,0,0,0,0,0,0,0,0,0,0
CO,COLORADO,804410,"Greeley,School District No. 6, in the county of Weld and Sta",648,MEEKER ELEMENTARY SCHOOL,80441000648,No,OI,0,0,0,1,0,0,0,0,0,0,0,0,0,0,1,1,0,0,0,0,0,0,1,0,0,0,0,0,0,0,0,0,0,0,0
CO,COLORADO,804410,"Greeley,School District No. 6, in the county of Weld and Sta",649,SCOTT ELEMENTARY SCHOOL,80441000649,No,OI,0,0,0,0,0,0,0,0,0,0,0,1,0,0,1,0,0,0,1,0,0,0,0,0,0,0,0,0,0,0,0,0,1,0,0
CO,COLORADO,804410,"Greeley,School District No. 6, in the county of Weld and Sta",1312,MONFORT ELEMENTARY SCHOOL,80441001312,No,OI,0,0,0,0,0,0,0,0,0,0,0,0,0,1,1,0,0,0,1,0,0,0,0,0,0,0,0,0,0,0,0,1,0,0,0
CO,COLORADO,804410,"Greeley,School District No. 6, in the county of Weld and Sta",1483,S. CHRISTA MCAULIFFE STEM ACADEMY,80441001483,No,OI,0,0,0,1,0,0,0,0,0,0,0,0,0,0,1,1,0,0,0,0,0,0,0,1,0,0,0,0,0,0,0,0,0,0,0
CO,COLORADO,804410,"Greeley,School District No. 6, in the county of Weld and Sta",1614,FRONTIER CHARTER ACADEMY,80441001614,No,OI,0,0,0,0,0,0,0,0,0,0,0,0,0,1,1,0,0,1,0,0,0,0,0,0,0,0,0,0,0,0,0,0,1,0,0
CO,COLORADO,804410,"Greeley,School District No. 6, in the county of Weld and Sta",1988,HEIMAN ELEMENTARY SCHOOL,80441001988,No,OI,0,0,0,1,0,0,0,0,0,0,0,0,0,0,1,0,1,0,0,0,0,0,1,0,0,0,0,0,0,0,0,0,0,0,0
CO,COLORADO,804410,"Greeley,School District No. 6, in the county of Weld and Sta",1989,WINOGRAD K-8 ELEMENTARY SCHOOL,80441001989,No,OI,0,0,0,1,0,0,0,0,0,0,0,0,0,0,1,0,1,0,0,0,0,0,1,0,0,0,0,0,0,0,0,0,0,0,0
CO,COLORADO,804530,"Harrison, School District No. 2, in the county of El Paso an",665,GIBERSON ELEMENTARY SCHOOL,80453000665,No,OI,0,0,0,0,0,0,0,0,0,0,0,0,0,1,1,0,0,0,1,0,0,0,0,0,0,0,0,0,0,0,1,0,0,0,0
CO,COLORADO,804530,"Harrison, School District No. 2, in the county of El Paso an",667,HARRISON HIGH SCHOOL,80453000667,No,OI,0,0,0,0,0,0,1,0,0,0,0,0,0,0,1,0,1,0,0,0,0,0,1,0,0,0,0,0,0,0,0,0,0,0,0
CO,COLORADO,804770,Ignacio School District No. 11Jt,689,IGNACIO HIGH SCHOOL,80477000689,No,OI,0,0,0,0,0,0,1,0,0,0,0,0,0,0,1,0,1,0,0,0,0,0,0,0,1,0,0,0,0,0,0,0,0,0,0
CO,COLORADO,804770,Ignacio School District No. 11Jt,1444,IGNACIO ELEMENTARY SCHOOL,80477001444,No,OI,0,0,0,1,0,0,0,0,0,0,0,0,0,0,1,0,1,0,0,0,0,0,0,0,1,0,0,0,0,0,0,0,0,0,0
CO,COLORADO,804800,Jefferson County School District No. R-1,694,ARVADA HIGH SCHOOL,80480000694,No,OI,0,0,0,0,0,0,1,0,0,0,0,0,0,0,1,0,1,0,0,0,0,0,0,0,1,0,0,0,0,0,0,0,0,0,0
CO,COLORADO,804800,Jefferson County School District No. R-1,716,EDGEWATER ELEMENTARY SCHOOL,80480000716,No,OI,0,0,0,0,0,0,0,0,0,0,1,0,0,0,1,0,0,1,0,0,0,0,0,0,0,0,0,0,0,0,0,0,1,0,0
CO,COLORADO,804800,Jefferson County School District No. R-1,720,EVERITT MIDDLE SCHOOL,80480000720,No,OI,0,0,0,0,0,0,1,0,0,0,0,0,0,0,1,0,1,0,0,0,0,0,0,0,1,0,0,0,0,0,0,0,0,0,0
CO,COLORADO,804800,Jefferson County School District No. R-1,725,FOSTER ELEMENTARY SCHOOL,80480000725,No,OI,0,0,0,2,0,0,0,0,0,0,0,0,0,0,2,2,0,0,0,0,0,0,0,0,2,0,0,0,0,0,0,0,0,0,0
CO,COLORADO,804800,Jefferson County School District No. R-1,735,GREEN MOUNTAIN ELEMENTARY SCHOOL,80480000735,No,OI,0,0,0,0,0,0,0,0,0,0,0,0,0,1,1,0,0,0,1,0,0,0,0,0,0,0,0,0,0,0,0,0,1,0,0
CO,COLORADO,804800,Jefferson County School District No. R-1,750,LEAWOOD ELEMENTARY SCHOOL,80480000750,No,OI,0,0,0,0,0,0,0,0,0,0,1,0,0,0,1,0,0,1,0,0,0,0,0,0,0,0,0,0,0,0,0,0,1,0,0
CO,COLORADO,804800,Jefferson County School District No. R-1,751,LITTLE ELEMENTARY SCHOOL,80480000751,No,OI,0,0,1,0,0,0,0,0,0,0,0,0,0,0,1,0,1,0,0,0,0,0,0,0,1,0,0,0,0,0,0,0,0,0,0
CO,COLORADO,804800,Jefferson County School District No. R-1,760,NORTH ARVADA MIDDLE SCHOOL,80480000760,No,OI,0,0,0,1,1,0,0,0,0,0,0,0,0,0,2,1,1,0,0,0,0,0,0,0,2,0,0,0,0,0,0,0,0,0,0
CO,COLORADO,804800,Jefferson County School District No. R-1,765,JEFFERSON COUNTY OPEN SECONDARY,80480000765,No,OI,0,0,0,0,0,0,1,0,0,0,0,0,0,0,1,0,1,0,0,0,0,0,0,0,1,0,0,0,0,0,0,0,0,0,0
CO,COLORADO,804800,Jefferson County School District No. R-1,794,VIVIAN ELEMENTARY SCHOOL,80480000794,No,OI,0,0,0,0,0,0,1,0,0,0,0,0,0,0,1,0,1,0,0,0,0,0,0,0,1,0,0,0,0,0,0,0,0,0,0
CO,COLORADO,804800,Jefferson County School District No. R-1,801,WESTGATE ELEMENTARY SCHOOL,80480000801,No,OI,0,0,0,0,0,0,0,0,0,0,0,0,0,1,1,0,0,0,1,0,0,0,0,0,0,0,0,0,0,0,0,0,1,0,0
CO,COLORADO,804800,Jefferson County School District No. R-1,803,WHEAT RIDGE HIGH SCHOOL,80480000803,No,OI,0,0,0,0,0,0,2,0,0,0,0,0,0,0,2,0,2,0,0,0,0,0,0,2,0,0,0,0,0,0,0,0,0,0,0
CO,COLORADO,804800,Jefferson County School District No. R-1,1372,KENDALLVUE ELEMENTARY SCHOOL,80480001372,No,OI,0,0,0,0,0,0,0,0,0,0,0,0,0,1,1,0,0,0,1,0,0,0,0,0,0,0,0,0,0,0,0,0,1,0,0
CO,COLORADO,804800,Jefferson County School District No. R-1,1383,CHATFIELD HIGH SCHOOL,80480001383,No,OI,0,0,0,0,0,0,1,0,0,0,0,0,0,0,1,0,1,0,0,0,0,0,0,0,1,0,0,0,0,0,0,0,0,0,0
CO,COLORADO,804800,Jefferson County School District No. R-1,1486,LUKAS ELEMENTARY SCHOOL,80480001486,No,OI,0,0,0,0,0,0,0,0,0,0,0,0,0,1,1,0,0,0,1,0,0,0,0,0,0,0,0,0,0,0,0,0,1,0,0
CO,COLORADO,804800,Jefferson County School District No. R-1,1487,STANDLEY LAKE HIGH SCHOOL,80480001487,No,OI,0,0,0,0,0,0,1,0,0,0,0,0,0,2,3,0,1,0,2,0,0,0,0,0,1,0,0,0,0,0,0,0,2,0,0
CO,COLORADO,804800,Jefferson County School District No. R-1,1807,WOODROW WILSON CHARTER ACADEMY,80480001807,No,OI,0,0,0,0,0,0,0,0,0,0,0,0,0,1,1,0,0,0,1,0,0,0,0,0,0,0,0,0,0,0,0,0,1,0,0
CO,COLORADO,804800,Jefferson County School District No. R-1,1970,FALCON BLUFFS MIDDLE SCHOOL,80480001970,No,OI,0,0,0,1,0,0,1,0,0,0,0,0,0,0,2,0,2,0,0,0,0,0,0,0,2,0,0,0,0,0,0,0,0,0,0
CO,COLORADO,804800,Jefferson County School District No. R-1,2036,WAYNE CARLE MIDDLE SCHOOL,80480002036,No,OI,0,0,0,0,1,0,0,0,0,0,0,0,0,0,1,0,1,0,0,0,0,0,0,0,1,0,0,0,0,0,0,0,0,0,0
CO,COLORADO,804800,Jefferson County School District No. R-1,6695,DORAL ACADEMY OF COLORADO,80480006695,No,OI,0,0,0,0,0,0,0,0,0,0,1,0,0,0,1,0,0,0,1,0,0,0,0,0,0,0,0,0,0,0,0,0,1,0,0
CO,COLORADO,804800,Jefferson County School District No. R-1,6722,THREE CREEKS ELEMENTARY SCHOOL,80480006722,-8,OI,0,0,0,0,0,0,0,0,0,0,0,0,0,1,1,0,0,0,1,0,0,0,0,0,0,0,0,0,0,0,0,0,1,0,0
CO,COLORADO,804830,Weld County School District No. Re-5J,807,LETFORD ELEMENTARY SCHOOL,80483000807,No,OI,0,0,0,0,0,0,0,0,0,0,0,0,0,1,1,0,0,0,1,0,0,0,0,0,0,0,0,0,0,0,0,1,0,0,0
CO,COLORADO,804830,Weld County School District No. Re-5J,809,MILLIKEN MIDDLE SCHOOL,80483000809,No,OI,0,0,0,0,0,0,0,0,0,0,0,0,0,1,1,0,0,0,1,0,0,0,0,0,0,0,0,0,0,0,0,0,1,0,0
CO,COLORADO,804920,Weld County School District RE-3J,819,WELD CENTRAL SENIOR HIGH SCHOOL,80492000819,No,OI,0,0,0,1,0,0,0,0,0,0,0,0,0,0,1,1,0,0,0,0,0,0,1,0,0,0,0,0,0,0,0,0,0,0,0
CO,COLORADO,804920,Weld County School District RE-3J,2026,WELD CENTRAL MIDDLE SCHOOL,80492002026,No,OI,0,0,0,1,0,0,0,0,0,0,0,0,0,0,1,0,1,0,0,0,0,0,0,0,1,0,0,0,0,0,0,0,0,0,0
CO,COLORADO,804950,Weld County School District No. Re-7,1697,PLATTE VALLEY MIDDLE SCHOOL,80495001697,No,OI,0,0,0,0,0,0,1,0,0,0,0,0,0,0,1,0,1,0,0,0,0,0,0,0,1,0,0,0,0,0,0,0,0,0,0
CO,COLORADO,805130,East Otero School District No. R1,1975,LA JUNTA PRIMARY SCHOOL,80513001975,No,OI,0,0,0,1,0,0,0,0,0,0,0,0,0,0,1,0,1,0,0,0,0,0,0,0,1,0,0,0,0,0,0,0,0,0,0
CO,COLORADO,805190,Lake County School District No. R-1,857,LAKE COUNTY HIGH SCHOOL,80519000857,No,OI,0,0,0,1,0,0,0,0,0,0,0,0,0,0,1,0,1,0,0,0,0,0,0,1,0,0,0,0,0,0,0,0,0,0,0
CO,COLORADO,805220,Lamar School District No. Re-2,860,ALTA VISTA CHARTER SCHOOL,80522000860,No,OI,0,0,0,0,0,0,0,0,0,0,0,0,0,1,1,0,0,0,1,0,0,0,0,0,0,0,0,0,0,0,0,0,1,0,0
CO,COLORADO,805250,Las Animas School District No. Re-1,866,LAS ANIMAS ELEMENTARY SCHOOL,80525000866,No,OI,0,0,0,0,0,0,0,0,0,0,0,0,0,1,1,0,0,0,1,0,0,0,0,0,0,0,0,0,0,0,0,0,1,0,0
CO,COLORADO,805310,"Littleton, School District No. 6, in the county of Arapahoe",873,ARAPAHOE HIGH SCHOOL,80531000873,No,OI,0,0,0,0,0,0,1,0,0,0,0,0,0,0,1,0,1,0,0,0,0,0,0,1,0,0,0,0,0,0,0,0,0,0,0
CO,COLORADO,805310,"Littleton, School District No. 6, in the county of Arapahoe",881,HERITAGE HIGH SCHOOL,80531000881,No,OI,0,0,0,1,0,0,1,0,0,0,0,0,0,1,3,0,2,0,1,0,0,0,1,0,1,0,0,0,0,0,0,0,1,0,0
CO,COLORADO,805310,"Littleton, School District No. 6, in the county of Arapahoe",884,LITTLETON HIGH SCHOOL,80531000884,No,OI,0,0,0,0,0,0,0,0,0,0,0,0,0,1,1,0,0,0,1,0,0,0,0,0,0,0,0,0,0,0,0,1,0,0,0
CO,COLORADO,805310,"Littleton, School District No. 6, in the county of Arapahoe",890,MOODY ELEMENTARY SCHOOL,80531000890,No,OI,0,0,0,0,0,0,2,0,0,0,0,0,0,0,2,0,2,0,0,0,0,0,0,0,2,0,0,0,0,0,0,0,0,0,0
CO,COLORADO,805310,"Littleton, School District No. 6, in the county of Arapahoe",891,TWAIN ELEMENTARY SCHOOL,80531000891,No,OI,0,0,0,0,1,0,0,0,0,0,0,0,0,0,1,0,1,0,0,0,0,0,0,0,1,0,0,0,0,0,0,0,0,0,0
CO,COLORADO,805370,St. Vrain Valley School District No. Re1J,916,MOUNTAIN VIEW ELEMENTARY SCHOOL,80537000916,No,OI,0,0,0,0,0,0,1,0,0,0,0,0,0,0,1,0,1,0,0,0,0,0,0,0,1,0,0,0,0,0,0,0,0,0,0
CO,COLORADO,805370,St. Vrain Valley School District No. Re1J,1284,SKYLINE HIGH SCHOOL,80537001284,No,OI,0,0,0,0,0,0,0,0,0,0,0,0,0,1,1,0,0,0,1,0,0,0,0,0,0,0,0,0,0,0,0,0,1,0,0
CO,COLORADO,805370,St. Vrain Valley School District No. Re1J,6198,WESTVIEW MIDDLE SCHOOL,80537006198,No,OI,0,0,0,1,0,0,0,0,0,0,0,0,0,0,1,0,1,0,0,0,0,0,0,1,0,0,0,0,0,0,0,0,0,0,0
CO,COLORADO,805370,St. Vrain Valley School District No. Re1J,6381,BLUE MOUNTAIN ELEMENTARY,80537006381,No,OI,0,0,0,1,0,0,0,0,0,0,0,0,0,0,1,1,0,0,0,0,0,0,1,0,0,0,0,0,0,0,0,0,0,0,0
CO,COLORADO,805400,Thompson School District R-2J,607,COTTONWOOD PLAINS ELEMENTARY SCHOOL,80540000607,No,OI,0,0,0,0,0,0,0,0,0,0,1,0,0,0,1,0,0,0,1,0,0,0,0,0,0,0,0,0,0,0,1,0,0,0,0
CO,COLORADO,805400,Thompson School District R-2J,925,CONRAD BALL MIDDLE SCHOOL,80540000925,No,OI,0,0,0,0,0,0,0,0,0,0,1,0,0,0,1,0,0,0,1,0,0,0,0,0,0,0,0,0,0,0,0,0,1,0,0
CO,COLORADO,805400,Thompson School District R-2J,926,BERTHOUD ELEMENTARY SCHOOL,80540000926,No,OI,0,0,0,0,0,0,1,0,0,0,0,0,0,0,1,0,1,0,0,0,0,0,0,0,1,0,0,0,0,0,0,0,0,0,0
CO,COLORADO,805400,Thompson School District R-2J,930,MARY BLAIR ELEMENTARY SCHOOL,80540000930,No,OI,0,0,0,0,0,0,0,0,0,0,0,0,0,1,1,0,0,0,1,0,0,0,0,0,0,0,0,0,0,0,1,0,0,0,0
CO,COLORADO,805400,Thompson School District R-2J,938,THOMPSON VALLEY HIGH SCHOOL,80540000938,No,OI,0,0,0,0,0,0,1,0,0,0,0,0,0,0,1,0,1,0,0,0,0,0,0,1,0,0,0,0,0,0,0,0,0,0,0
CO,COLORADO,805550,"Mapleton, School District No. 1, in the county of Adams & St",1997,WELBY COMMUNITY SCHOOL,80555001997,No,OI,0,0,0,0,0,0,0,0,0,0,1,0,0,0,1,0,0,1,0,0,0,0,0,0,0,0,0,0,0,0,0,0,1,0,0
CO,COLORADO,805550,"Mapleton, School District No. 1, in the county of Adams & St",2017,YORK INTERNATIONAL,80555002017,No,OI,0,0,0,2,0,0,0,0,0,0,0,0,0,0,2,1,1,0,0,0,0,0,0,2,0,0,0,0,0,0,0,0,0,0,0
CO,COLORADO,805550,"Mapleton, School District No. 1, in the county of Adams & St",6671,BIG PICTURE COLLEGE AND CAREER ACADEMY,80555006671,No,OI,0,0,0,1,0,0,0,0,0,0,0,0,0,0,1,1,0,0,0,0,0,0,1,0,0,0,0,0,0,0,0,0,0,0,0
CO,COLORADO,805790,Montrose County School District Re-1J,990,JOHNSON ELEMENTARY SCHOOL,80579000990,No,OI,0,0,0,0,0,0,1,0,0,0,0,0,0,0,1,0,1,0,0,0,0,0,0,0,1,0,0,0,0,0,0,0,0,0,0
CO,COLORADO,805790,Montrose County School District Re-1J,992,MONTROSE HIGH SCHOOL,80579000992,No,OI,0,0,0,0,0,0,0,0,0,0,0,0,0,1,1,0,0,0,1,0,0,0,0,0,0,0,0,0,0,0,0,0,1,0,0
CO,COLORADO,806060,"Peyton, School District No. 23, in the county of El Paso and",1024,PEYTON ELEMENTARY SCHOOL,80606001024,No,OI,0,0,0,0,0,0,1,0,0,0,0,0,0,0,1,0,1,0,0,0,0,0,0,0,1,0,0,0,0,0,0,0,0,0,0
CO,COLORADO,806120,"Pueblo, School District No. 60, in the county of Pueblo and",261,HERITAGE ELEMENTARY SCHOOL,80612000261,No,OI,0,0,0,0,0,0,0,0,0,0,1,0,0,0,1,0,0,0,1,0,0,0,0,0,0,0,0,0,0,0,0,0,1,0,0
CO,COLORADO,806120,"Pueblo, School District No. 60, in the county of Pueblo and",1029,BELMONT ELEMENTARY SCHOOL,80612001029,No,OI,0,0,0,0,0,0,0,0,0,0,0,0,0,1,1,0,0,0,1,0,0,0,0,0,0,0,0,0,0,0,0,0,1,0,0
CO,COLORADO,806120,"Pueblo, School District No. 60, in the county of Pueblo and",1030,BENJAMIN FRANKLIN ELEMENTARY SCHOOL,80612001030,No,OI,0,1,0,0,0,0,0,0,0,0,0,0,0,0,1,1,0,0,0,0,0,0,0,0,1,0,0,0,0,0,0,0,0,0,0
CO,COLORADO,806120,"Pueblo, School District No. 60, in the county of Pueblo and",1037,CENTRAL HIGH SCHOOL,80612001037,No,OI,0,0,0,1,0,0,0,0,0,0,0,0,0,0,1,0,1,0,0,0,0,0,0,0,1,0,0,0,0,0,0,0,0,0,0
CO,COLORADO,806120,"Pueblo, School District No. 60, in the county of Pueblo and",1038,COLUMBIAN ELEMENTARY SCHOOL,80612001038,No,OI,0,0,0,0,0,0,0,0,0,0,1,0,0,0,1,0,0,0,1,0,0,0,0,0,0,0,0,0,0,0,0,0,1,0,0
CO,COLORADO,806120,"Pueblo, School District No. 60, in the county of Pueblo and",1040,EAST HIGH SCHOOL,80612001040,No,OI,0,0,0,1,0,0,0,0,0,0,1,0,0,0,2,1,0,0,1,0,0,0,0,0,1,0,0,0,0,0,0,1,0,0,0
CO,COLORADO,806120,"Pueblo, School District No. 60, in the county of Pueblo and",1048,HIGHLAND PARK ELEMENTARY SCHOOL,80612001048,No,OI,0,0,0,0,0,0,0,0,0,0,1,0,0,0,1,0,0,0,1,0,0,0,0,0,0,0,0,0,0,0,0,0,1,0,0
CO,COLORADO,806120,"Pueblo, School District No. 60, in the county of Pueblo and",1061,RONCALLI STEM ACADEMY,80612001061,No,OI,0,0,0,0,0,0,1,0,0,0,0,0,0,0,1,0,1,0,0,0,0,0,0,0,1,0,0,0,0,0,0,0,0,0,0
CO,COLORADO,806120,"Pueblo, School District No. 60, in the county of Pueblo and",1067,W H HEATON MIDDLE SCHOOL,80612001067,No,OI,0,0,0,1,0,0,0,0,0,0,0,0,0,0,1,0,1,0,0,0,0,0,0,0,1,0,0,0,0,0,0,0,0,0,0
CO,COLORADO,806150,Pueblo County School District 70,1078,PLEASANT VIEW MIDDLE SCHOOL,80615001078,No,OI,0,0,0,0,0,0,0,0,0,0,0,0,0,1,1,0,0,0,1,0,0,0,0,0,0,0,0,0,0,0,0,0,1,0,0
CO,COLORADO,806150,Pueblo County School District 70,1613,PUEBLO WEST HIGH SCHOOL,80615001613,No,OI,0,0,0,0,0,0,1,0,0,0,0,0,0,0,1,0,1,0,0,0,0,0,0,0,1,0,0,0,0,0,0,0,0,0,0
CO,COLORADO,806150,Pueblo County School District 70,1854,CEDAR RIDGE ELEMENTARY SCHOOL,80615001854,No,OI,0,0,0,0,0,0,0,0,0,0,1,0,0,0,1,0,0,0,1,0,0,0,0,0,0,0,0,0,0,0,0,0,1,0,0
CO,COLORADO,806150,Pueblo County School District 70,1855,PRAIRIE WINDS ELEMENTARY SCHOOL,80615001855,No,OI,0,0,0,0,0,0,1,0,0,0,0,0,0,0,1,0,1,0,0,0,0,0,0,0,1,0,0,0,0,0,0,0,0,0,0
CO,COLORADO,806240,Garfield School District No. Re-2,1967,HIGHLAND ELEMENTARY SCHOOL,80624001967,No,OI,0,0,0,0,0,0,0,0,0,0,0,0,0,1,1,0,0,0,1,0,0,0,0,0,0,0,0,0,0,0,0,0,1,0,0
CO,COLORADO,806240,Garfield School District No. Re-2,6396,ELK CREEK ELEMENTARY,80624006396,No,OI,0,0,0,0,0,0,1,0,0,0,0,0,0,1,2,0,1,0,1,0,0,0,0,0,1,0,0,0,0,0,0,1,0,0,0
CO,COLORADO,806630,Springfield School District No. Re-4,1142,SPRINGFIELD JUNIOR/SENIOR HIGH SCHOOL,80663001142,No,OI,0,0,0,0,0,0,1,0,0,0,0,0,0,0,1,0,1,0,0,0,0,0,0,0,1,0,0,0,0,0,0,0,0,0,0
CO,COLORADO,806660,Steamboat Springs School District No. Re 2,1144,STEAMBOAT SPRINGS HIGH SCHOOL,80666001144,No,OI,0,0,0,0,0,0,1,0,0,0,0,0,0,1,2,0,1,0,1,0,0,0,0,1,0,0,0,0,0,0,0,0,1,0,0
CO,COLORADO,806810,Summit School District No. Re 1,1164,SUMMIT HIGH SCHOOL,80681001164,No,OI,0,0,0,1,0,0,0,0,0,0,0,0,0,0,1,1,0,0,0,0,0,0,0,0,1,0,0,0,0,0,0,0,0,0,0
CO,COLORADO,806810,Summit School District No. Re 1,1400,SUMMIT MIDDLE SCHOOL,80681001400,No,OI,0,0,0,0,0,0,1,0,0,0,0,0,0,1,2,0,1,0,1,0,0,0,0,1,0,0,0,0,0,0,0,0,1,0,0
CO,COLORADO,806900,Adams 12 Five Star Schools,1172,VANTAGE POINT,80690001172,No,OI,0,0,0,0,0,0,0,0,0,0,1,0,0,0,1,0,0,1,0,0,0,0,0,0,0,0,0,0,0,0,0,0,1,0,0
CO,COLORADO,806900,Adams 12 Five Star Schools,1178,HULSTROM OPTIONS K-8 SCHOOL,80690001178,No,OI,0,0,0,0,0,0,0,0,1,0,0,0,0,0,1,0,0,0,1,0,0,0,0,0,0,0,0,0,0,0,0,0,1,0,0
CO,COLORADO,806900,Adams 12 Five Star Schools,1179,SILVER HILLS MIDDLE SCHOOL,80690001179,No,OI,0,0,0,0,0,0,0,0,0,0,1,0,0,0,1,0,0,1,0,0,0,0,0,0,0,0,0,0,0,0,0,0,1,0,0
CO,COLORADO,806900,Adams 12 Five Star Schools,1181,MALLEY DRIVE ELEMENTARY SCHOOL,80690001181,No,OI,0,1,0,1,0,0,0,0,0,0,0,0,0,0,2,1,1,0,0,0,0,0,0,1,1,0,0,0,0,0,0,0,0,0,0
CO,COLORADO,806900,Adams 12 Five Star Schools,1184,NORTH MOR ELEMENTARY SCHOOL,80690001184,No,OI,0,0,0,1,0,0,0,0,0,0,0,0,0,0,1,0,1,0,0,0,0,0,0,1,0,0,0,0,0,0,0,0,0,0,0
CO,COLORADO,806900,Adams 12 Five Star Schools,1187,NORTHGLENN MIDDLE SCHOOL,80690001187,No,OI,0,0,0,0,0,0,0,0,0,0,1,0,0,0,1,0,0,1,0,0,0,0,0,0,0,0,0,0,0,0,0,0,1,0,0
CO,COLORADO,806900,Adams 12 Five Star Schools,1196,WOODGLEN ELEMENTARY SCHOOL,80690001196,No,OI,0,0,0,0,0,0,1,0,0,0,0,0,0,0,1,0,1,0,0,0,0,0,0,0,1,0,0,0,0,0,0,0,0,0,0
CO,COLORADO,806900,Adams 12 Five Star Schools,1305,COTTON CREEK ELEMENTARY SCHOOL,80690001305,No,OI,0,0,0,1,0,0,0,0,0,0,0,0,0,0,1,1,0,0,0,0,0,0,0,0,1,0,0,0,0,0,0,0,0,0,0
CO,COLORADO,806900,Adams 12 Five Star Schools,1491,HORIZON HIGH SCHOOL,80690001491,No,OI,0,0,0,0,0,0,0,0,0,0,0,0,0,1,1,0,0,0,1,0,0,0,0,0,0,0,0,0,0,0,0,0,1,0,0
CO,COLORADO,806900,Adams 12 Five Star Schools,1622,EAGLEVIEW ELEMENTARY SCHOOL,80690001622,No,OI,0,0,0,0,0,0,1,0,0,0,0,0,0,0,1,0,1,0,0,0,0,0,0,0,1,0,0,0,0,0,0,0,0,0,0
CO,COLORADO,806900,Adams 12 Five Star Schools,1726,ROCKY TOP MIDDLE SCHOOL,80690001726,No,OI,0,0,0,0,1,0,0,0,0,0,0,0,0,0,1,0,1,0,0,0,0,0,0,0,1,0,0,0,0,0,0,0,0,0,0
CO,COLORADO,807140,"School District No. Re-20, Weldon Valley",1217,WELDON VALLEY ELEMENTARY SCHOOL,80714001217,No,OI,0,0,0,0,0,0,0,0,0,0,0,0,0,1,1,0,0,0,1,0,0,0,0,0,0,0,0,0,0,0,0,1,0,0,0
CO,COLORADO,807230,Westminster Public Schools,1254,WESTMINSTER HIGH SCHOOL,80723001254,No,OI,0,0,0,1,0,0,0,0,0,0,0,0,0,0,1,0,1,0,0,0,0,0,0,1,0,0,0,0,0,0,0,0,0,0,0
CO,COLORADO,807350,Weld County Reorganized School District No. Re-4,1262,MOUNTAIN VIEW ELEMENTARY SCHOOL,80735001262,No,OI,0,0,0,0,0,0,0,0,0,0,0,0,0,1,1,0,0,0,1,0,0,0,0,0,0,0,0,0,0,0,0,0,1,0,0
CO,COLORADO,807350,Weld County Reorganized School District No. Re-4,1265,WINDSOR MIDDLE SCHOOL,80735001265,No,OI,0,0,0,0,0,0,1,0,0,0,0,0,0,0,1,0,1,0,0,0,0,0,0,0,1,0,0,0,0,0,0,0,0,0,0
CO,COLORADO,807350,Weld County Reorganized School District No. Re-4,1815,WINDSOR CHARTER ACADEMY ELEMENTARY SCHOOL,80735001815,No,OI,0,0,0,0,0,0,0,0,0,0,0,0,0,1,1,0,0,0,1,0,0,0,0,0,0,0,0,0,0,0,0,0,1,0,0
