LEA_STATE,LEA_STATE_NAME,LEAID,LEA_NAME,LEA_ADDRESS,LEA_CITY,LEA_ZIP,CJJ,LEA_DISTED_IND,LEA_DISTEDENR_HI_M,LEA_DISTEDENR_HI_F,LEA_DISTEDENR_AM_M,LEA_DISTEDENR_AM_F,LEA_DISTEDENR_AS_M,LEA_DISTEDENR_AS_F,LEA_DISTEDENR_HP_M,LEA_DISTEDENR_HP_F,LEA_DISTEDENR_BL_M,LEA_DISTEDENR_BL_F,LEA_DISTEDENR_WH_M,LEA_DISTEDENR_WH_F,LEA_DISTEDENR_TR_M,LEA_DISTEDENR_TR_F,TOT_DISTEDENR_M,TOT_DISTEDENR_F,LEA_DISTEDENR_LEP_M,LEA_DISTEDENR_LEP_F,LEA_DISTEDENR_IDEA_M,LEA_DISTEDENR_IDEA_F
VA,VIRGINIA,5100017,NEW HORIZONS REGIONAL EDUC CTR-SPEC ED,13400 Woodside Lane,Newport News,23608,No,No,-9,-9,-9,-9,-9,-9,-9,-9,-9,-9,-9,-9,-9,-9,-9,-9,-9,-9,-9,-9
VA,VIRGINIA,5100018,Piedmont Regional ED.,"1434 Rolkin Court, Suite 201",Charlottesville,22911,No,No,-9,-9,-9,-9,-9,-9,-9,-9,-9,-9,-9,-9,-9,-9,-9,-9,-9,-9,-9,-9
VA,VIRGINIA,5100020,SOUTHEASTERN COOP ED PGM,6160 Kempsville Cir,Norfolk,23502,No,No,-9,-9,-9,-9,-9,-9,-9,-9,-9,-9,-9,-9,-9,-9,-9,-9,-9,-9,-9,-9
VA,VIRGINIA,5100032,APPOMATTOX REGIONAL GOV SCH,512 W. Washington Street,Petersburg,23803,No,No,-9,-9,-9,-9,-9,-9,-9,-9,-9,-9,-9,-9,-9,-9,-9,-9,-9,-9,-9,-9
VA,VIRGINIA,5100042,DOE SOP EDUC PROGRAMS,PO Box 2120,Richmond,23218,Yes,Yes,30,3,0,0,2,1,0,0,268,41,127,45,29,4,456,94,18,1,102,12
VA,VIRGINIA,5100058,The Virginia School for the Deaf and the Blind,PO Box 2069,Staunton,24402,No,Yes,0,1,0,0,0,0,0,0,1,1,2,0,1,0,4,2,0,0,4,2
VA,VIRGINIA,5100060,ACCOMACK CO PBLC SCHS,PO Box 330,Accomac,23301,No,Yes,1,5,0,0,0,0,0,0,6,10,28,42,0,1,35,58,0,0,0,1
VA,VIRGINIA,5100061,MAGGIE L. WALKER GOV SCH,1000 N. Lombardy St.,Richmond,23220,No,No,-9,-9,-9,-9,-9,-9,-9,-9,-9,-9,-9,-9,-9,-9,-9,-9,-9,-9,-9,-9
VA,VIRGINIA,5100070,DEPARTMENT OF JUVENILE JUSTICE,600 East Main Street,Richmond,23219,Yes,No,-9,-9,-9,-9,-9,-9,-9,-9,-9,-9,-9,-9,-9,-9,-9,-9,-9,-9,-9,-9
VA,VIRGINIA,5100072,LYNCHBURG CITY SECONDARY ALTERNATIVE,1200-1208 Polk Street,Lynchburg,24504,No,No,-9,-9,-9,-9,-9,-9,-9,-9,-9,-9,-9,-9,-9,-9,-9,-9,-9,-9,-9,-9
VA,VIRGINIA,5100073,ENTERPRISE ACADEMY/NEWPORT NEWS CITY,813 Diligence Dr Ste 110,Newport News,23606,No,No,-9,-9,-9,-9,-9,-9,-9,-9,-9,-9,-9,-9,-9,-9,-9,-9,-9,-9,-9,-9
VA,VIRGINIA,5100074,TIDEWATER REGIONAL ALTERNATIVE ED PROJECT,C/O SECEP,Norfolk,23502,No,No,-9,-9,-9,-9,-9,-9,-9,-9,-9,-9,-9,-9,-9,-9,-9,-9,-9,-9,-9,-9
VA,VIRGINIA,5100075,REG ALTERNATIVE PLUS SELF PROJECT/ROANOKE CITY,40 Douglass Avenue,Roanoke,24012,No,No,-9,-9,-9,-9,-9,-9,-9,-9,-9,-9,-9,-9,-9,-9,-9,-9,-9,-9,-9,-9
VA,VIRGINIA,5100078,ALT ED PRGM/BEHAV DISORD YOUTH/MONTGOMERY,C/O Montgomery Co Public Schls,Christiansburg,24073,No,No,-9,-9,-9,-9,-9,-9,-9,-9,-9,-9,-9,-9,-9,-9,-9,-9,-9,-9,-9,-9
VA,VIRGINIA,5100080,REGIONAL ALTERNATIVE/PITTSLVANIA CO,C/O Pittsylvania Co Pub Schls,Chatham,24531,No,Yes,1,0,0,0,1,0,0,0,2,18,30,65,0,3,34,86,0,1,0,1
VA,VIRGINIA,5100082,THE REGIONAL COMMUNITY ALTERNATIVE ED CONTINUUM,C/O Southeastern Alt School,Midland,22728,No,Yes,3,1,0,0,0,0,0,0,7,4,37,17,4,1,51,23,2,1,28,11
VA,VIRGINIA,5100083,PROJECT RENEW/NORTHAMPTON CO,Northampton CO Public Schools,Machipongo,23405,No,Yes,0,0,0,0,0,0,0,0,7,2,1,0,0,0,8,2,0,0,5,0
VA,VIRGINIA,5100084,RENAISSANCE/SCOTT CO,C/O Scott Co Public Schls,Gate City,24251,No,No,-9,-9,-9,-9,-9,-9,-9,-9,-9,-9,-9,-9,-9,-9,-9,-9,-9,-9,-9,-9
VA,VIRGINIA,5100086,CROSSROADS ALTERNATIVE/BRISTOL CITY,C/O Bristol City Public Schls,Bristol,24201,No,Yes,1,0,0,0,0,0,0,0,4,2,16,17,2,1,23,20,0,0,7,1
VA,VIRGINIA,5100087,METRO RICHMOND ALTERNATIVE ED,C/O Richmond City Public Schls,Richmond,23219,No,No,-9,-9,-9,-9,-9,-9,-9,-9,-9,-9,-9,-9,-9,-9,-9,-9,-9,-9,-9,-9
VA,VIRGINIA,5100088,REGIONAL ALTERNATIVE ED/STAFFORD CO,C/O Stafford Co Public Schls,Fredericksburg,22405,No,Yes,0,1,0,0,0,0,0,0,2,0,1,0,0,0,3,1,0,0,2,1
VA,VIRGINIA,5100090,ALBEMARLE CO PBLC SCHS,401 McIntire Road,Charlottesville,22902,No,Yes,19,22,0,0,11,26,0,0,18,18,128,255,11,21,187,342,10,10,22,28
VA,VIRGINIA,5100091,REGIONAL ALTERNATIVE ED/KING WILLIAM,C/O King William Co Pub Schls,King William,23086,No,No,-9,-9,-9,-9,-9,-9,-9,-9,-9,-9,-9,-9,-9,-9,-9,-9,-9,-9,-9,-9
VA,VIRGINIA,5100092,NEW DOMINION ALT. CTR./PRINCE WILLIAM CO.,C/O Pr William Co Pub Schls,Manassas,20112,No,No,-9,-9,-9,-9,-9,-9,-9,-9,-9,-9,-9,-9,-9,-9,-9,-9,-9,-9,-9,-9
VA,VIRGINIA,5100093,PROJECT BRIDGE/RUSSELL CO,PO Box 8,Lebanon,24266,No,No,-9,-9,-9,-9,-9,-9,-9,-9,-9,-9,-9,-9,-9,-9,-9,-9,-9,-9,-9,-9
VA,VIRGINIA,5100094,REGIONAL ALTERNATIVE/WYTHE CO,C/O Wythe Co Public Schls,Wytheville,24382,No,Yes,0,0,0,0,0,0,0,0,0,0,1,2,0,0,1,2,0,0,0,0
VA,VIRGINIA,5100096,PIEDMONT ALTERNATIVE SCHOOL,148 Vo-Tech Road,Jetersville,23083,No,Yes,0,0,0,0,0,0,0,0,1,3,1,0,0,0,2,3,0,0,0,0
VA,VIRGINIA,5100097,NORTHERN NECK REGIONAL ALTERNATIVE ED,PO Box 787,Warsaw,22572,No,No,-9,-9,-9,-9,-9,-9,-9,-9,-9,-9,-9,-9,-9,-9,-9,-9,-9,-9,-9,-9
VA,VIRGINIA,5100098,SHENANDOAH VALLEY REG ALTERNATIVE ED/GENESIS,1751 Shutterlee Mill Rd.,Staunton,24401,No,No,-9,-9,-9,-9,-9,-9,-9,-9,-9,-9,-9,-9,-9,-9,-9,-9,-9,-9,-9,-9
VA,VIRGINIA,5100099,BREAKING BARRIERS ALTERNATIVE ED/HENRY CO,C/O Henry Co Public Schls,Collinsville,24078,No,Yes,0,0,0,0,0,0,0,0,6,4,2,0,0,0,8,4,0,0,0,0
VA,VIRGINIA,5100100,CARROLL-GALAX REG ALT ED PRGM/THE RAE CENTER,C/O Carroll Co Public Schls,Hillsville,24343,No,No,-9,-9,-9,-9,-9,-9,-9,-9,-9,-9,-9,-9,-9,-9,-9,-9,-9,-9,-9,-9
VA,VIRGINIA,5100102,REGIONAL LEARNING ACADEMY/WISE CO,C/O Wise Co Public Schools,Wise,24293,No,Yes,0,0,0,0,0,0,0,0,1,0,7,0,0,0,8,0,0,0,2,0
VA,VIRGINIA,5100120,ALEXANDRIA CITY PBLC SCHS,1340 Braddock Place,Alexandria,22314,No,Yes,28,34,5,3,11,13,1,0,35,48,62,103,7,7,149,208,15,1,29,8
VA,VIRGINIA,5100152,ALLEGHANY CO PBLC SCHS,100 Central Circle,Low Moor,24457,No,Yes,0,1,1,0,2,1,0,0,33,3,66,36,1,0,103,41,1,0,23,6
VA,VIRGINIA,5100180,AMELIA CO PBLC SCHS,8701 Otterburn Road Suite 101,Amelia,23002,No,Yes,0,0,0,0,1,0,0,0,1,0,3,0,0,0,5,0,0,0,0,0
VA,VIRGINIA,5100210,AMHERST CO PBLC SCHS,P. O. Box 1257,Amherst,24521,No,Yes,5,3,1,1,2,1,0,0,31,17,49,51,21,4,109,77,4,0,11,9
VA,VIRGINIA,5100240,APPOMATTOX CO PBLC SCHS,P.O. Box 548,Appomattox,24522,No,Yes,0,2,0,0,2,0,0,0,9,7,23,33,2,1,36,43,1,0,7,4
VA,VIRGINIA,5100256,CODERVA REGIONAL HIGH SCHOOL,1405 Cummings Drive Suite 10,Richmond,23220,No,No,-9,-9,-9,-9,-9,-9,-9,-9,-9,-9,-9,-9,-9,-9,-9,-9,-9,-9,-9,-9
VA,VIRGINIA,5100270,ARLINGTON CO PBLC SCHS,2110 Washington Blvd,Arlington,22204,No,Yes,268,193,5,2,106,116,0,1,103,102,411,383,65,60,958,857,108,62,170,98
VA,VIRGINIA,5100300,AUGUSTA CO PBLC SCHS,P O Box 960,Verona,24482,No,Yes,24,29,7,3,10,3,1,4,8,11,662,520,18,2,730,572,7,2,29,35
VA,VIRGINIA,5100330,BATH CO PBLC SCHS,PO Box 67,Warm Springs,24484,No,Yes,0,0,0,0,0,0,0,0,0,0,10,9,2,0,12,9,0,0,0,0
VA,VIRGINIA,5100360,BEDFORD CO PBLC SCHS,310 S. Bridge St,Bedford,24523,No,Yes,15,19,6,1,7,7,0,0,33,29,367,379,26,14,454,449,4,2,37,23
VA,VIRGINIA,5100390,BLAND CO PBLC SCHS,361 Bears Trail,Bastian,24314,No,Yes,0,1,0,0,0,0,0,0,0,0,10,38,0,0,10,39,0,0,0,0
VA,VIRGINIA,5100420,BOTETOURT CO PBLC SCHS,143 Poor Farm Rd,Fincastle,24090,No,Yes,3,9,0,0,2,1,0,0,6,2,211,202,6,10,228,224,1,3,28,19
VA,VIRGINIA,5100450,BRISTOL CITY PBLC SCHS,220 Lee Street,Bristol,24201,No,Yes,1,1,0,0,5,4,0,0,4,8,63,70,2,7,75,90,0,0,2,3
VA,VIRGINIA,5100480,BRUNSWICK CO PBLC SCHS,1718 Farmer's Field Road,Lawrenceville,23868,No,Yes,0,0,0,0,0,0,0,0,3,7,2,2,0,0,5,9,0,0,0,0
VA,VIRGINIA,5100510,BUCHANAN CO PBLC SCHS,1176 Booth Branch,Grundy,24614,No,Yes,0,0,0,0,0,0,0,0,0,0,50,55,0,0,50,55,0,0,0,0
VA,VIRGINIA,5100540,BUCKINGHAM CO PBLC SCHS,15595 West James Anderson Rd.,Buckingham,23921,No,Yes,2,1,0,0,0,0,0,0,22,33,24,47,5,9,53,90,0,1,14,7
VA,VIRGINIA,5100560,BUENA VISTA CITY PBLC SCHS,2329 Chestnut Ave. Suite A,Buena Vista,24416,No,Yes,0,0,0,3,0,0,0,1,7,3,72,79,0,3,79,89,0,0,14,5
VA,VIRGINIA,5100600,CAMPBELL CO PBLC SCHS,P.O. Box 99,Rustburg,24588,No,Yes,0,0,0,0,2,3,0,0,2,9,93,74,3,8,100,94,1,0,14,0
VA,VIRGINIA,5100660,CAROLINE CO PBLC SCHS,16261 Richmond Turnpike,Bowling Green,22427,No,Yes,0,0,0,0,0,0,0,0,1,1,8,8,0,0,9,9,0,0,0,1
VA,VIRGINIA,5100690,CARROLL CO PBLC SCHS,605-9  Pine St,Hillsville,24343,No,Yes,0,0,0,0,0,0,0,0,0,0,0,4,0,0,0,4,0,0,0,0
VA,VIRGINIA,5100720,CHARLES CITY CO PBLC SCHS,10035 Courthouse Rd,Charles City,23030,No,Yes,0,0,1,1,0,0,0,0,3,9,5,2,2,0,11,12,0,0,1,0
VA,VIRGINIA,5100750,CHARLOTTE CO PBLC SCHS,PO Box 790,Charlotte Court House,23923,No,Yes,0,0,0,0,0,0,0,0,3,2,12,13,0,0,15,15,0,0,0,0
VA,VIRGINIA,5100780,CHARLOTTESVILLE CTY PBLC SCHS,1562 Dairy Rd,Charlottesville,22903,Yes,Yes,11,16,0,0,6,9,0,0,40,40,63,110,10,8,130,183,3,7,7,13
VA,VIRGINIA,5100810,CHESAPEAKE CITY PBLC SCHS,312 Cedar Rd,Chesapeake,23322,No,Yes,2,8,0,0,11,10,1,0,7,20,42,94,9,4,72,136,1,0,2,3
VA,VIRGINIA,5100840,CHESTERFIELD CO PBLC SCHS,P.O. Box 10,Chesterfield,23832,No,Yes,57,85,0,1,22,31,1,1,129,199,341,528,18,39,568,884,10,11,70,40
VA,VIRGINIA,5100870,CLARKE CO PBLC SCHS,317 W Main St Ste A,Berryville,22611,No,Yes,9,7,0,1,0,0,0,0,2,0,64,80,5,4,80,92,1,0,12,7
VA,VIRGINIA,5100930,COLONIAL BEACH PBLC SCHS,16 N. Irving Ave,Colonial Beach,22443,No,Yes,1,1,0,0,1,0,0,0,10,1,23,16,3,5,38,23,0,0,3,0
VA,VIRGINIA,5100960,COLONIAL HEIGHTS CITY PBLC SCHS,512 Boulevard,Colonial Heights,23834,No,Yes,0,1,0,0,2,4,0,0,2,1,15,15,0,0,19,21,0,0,2,1
VA,VIRGINIA,5100990,COVINGTON CITY PBLC SCHS,340 E Walnut St,Covington,24426,No,Yes,1,0,0,0,0,1,0,0,8,1,24,38,0,0,33,40,0,0,4,0
VA,VIRGINIA,5101020,CRAIG CO PBLC SCHS,PO Box 245,New Castle,24127,No,Yes,0,0,0,0,0,0,0,0,0,0,37,54,0,1,37,55,0,0,2,0
VA,VIRGINIA,5101050,CULPEPER CO PBLC SCHS,450 Radio Lane,Culpeper,22701,Yes,Yes,26,18,1,0,1,7,0,0,22,15,81,104,7,10,138,154,4,4,10,8
VA,VIRGINIA,5101080,CUMBERLAND CO PBLC SCHS,PO Box 170,Cumberland,23040,No,No,-9,-9,-9,-9,-9,-9,-9,-9,-9,-9,-9,-9,-9,-9,-9,-9,-9,-9,-9,-9
VA,VIRGINIA,5101110,DANVILLE CITY PBLC SCHS,341 MAIN STREET SUITE 100,DANVILLE,24541,No,No,-9,-9,-9,-9,-9,-9,-9,-9,-9,-9,-9,-9,-9,-9,-9,-9,-9,-9,-9,-9
VA,VIRGINIA,5101140,DICKENSON CO PBLC SCHS,P.O. Box 1127,Clintwood,24228,No,Yes,0,0,0,0,0,0,0,0,0,1,32,56,0,0,32,57,0,0,4,0
VA,VIRGINIA,5101170,DINWIDDIE CO PBLC SCHS,14016 Boydton Plank Rd,Dinwiddie,23841,No,Yes,4,4,0,0,1,0,0,0,21,11,39,19,6,3,71,37,1,1,18,4
VA,VIRGINIA,5101200,ESSEX CO PBLC SCHS,P.O. Box 756,Tappahannock,22560,No,Yes,9,3,2,1,0,0,0,0,60,78,57,64,10,15,138,161,1,0,12,5
VA,VIRGINIA,5101260,FAIRFAX CO PBLC SCHS,Gatehouse Adm Ctr,Falls Church,22042,Yes,Yes,320,400,10,7,423,436,4,4,142,180,623,851,78,109,1600,1987,120,100,214,208
VA,VIRGINIA,5101290,FALLS CHURCH CITY PBLC SCHS,800 W Broad St Suite 203,Falls Church,22046,No,Yes,8,8,1,0,4,4,0,0,1,2,41,27,4,7,59,48,4,1,7,7
VA,VIRGINIA,5101320,FAUQUIER CO PBLC SCHS,320 Hospital Drive,Warrenton,20186,No,Yes,10,5,0,0,1,1,0,0,11,7,67,54,5,3,94,70,2,2,34,19
VA,VIRGINIA,5101350,FLOYD CO PBLC SCHS,140 Harris Hart Rd NE,Floyd,24091,No,Yes,2,3,0,0,0,0,0,0,1,1,65,77,3,2,71,83,1,0,15,5
VA,VIRGINIA,5101380,FLUVANNA CO PBLC SCHS,14455 James Madison Highway,Palmyra,22963,No,Yes,10,7,0,0,1,1,1,0,26,28,143,129,5,4,186,169,3,3,26,19
VA,VIRGINIA,5101410,FRANKLIN CITY PBLC SCHS,207 W Second Ave,Franklin,23851,No,Yes,1,0,0,0,0,0,0,0,36,25,9,9,1,4,47,38,0,1,6,0
VA,VIRGINIA,5101440,FRANKLIN CO PBLC SCHS,25 Bernard Road,Rocky Mount,24151,No,Yes,13,13,0,0,1,2,1,0,19,21,223,175,11,12,268,223,4,2,52,19
VA,VIRGINIA,5101470,FREDERICK CO PBLC SCHS,P O Box 3508,Winchester,22604,Yes,Yes,2,2,0,0,1,0,0,0,1,0,5,29,1,0,10,31,0,0,1,0
VA,VIRGINIA,5101510,FREDERICKSBURG CITY PBLC SCHS,210 Ferdinand Street,Fredericksburg,22401,No,No,-9,-9,-9,-9,-9,-9,-9,-9,-9,-9,-9,-9,-9,-9,-9,-9,-9,-9,-9,-9
VA,VIRGINIA,5101560,GALAX CITY PUBLIC SCHOOLS,223 Long St,Galax,24333,No,No,-9,-9,-9,-9,-9,-9,-9,-9,-9,-9,-9,-9,-9,-9,-9,-9,-9,-9,-9,-9
VA,VIRGINIA,5101590,GILES CO PBLC SCHS,151 School Rd,Pearisburg,24134,No,Yes,0,0,0,0,0,0,0,0,0,0,17,33,0,0,17,33,0,0,0,0
VA,VIRGINIA,5101620,GLOUCESTER CO PBLC SCHS,6099 T.C. Walker Road,Gloucester,23061,No,Yes,16,9,0,0,3,1,0,0,28,9,190,110,18,11,255,140,4,0,39,8
VA,VIRGINIA,5101650,GOOCHLAND CO PBLC SCHS,PO Box 169,Goochland,23063,Yes,Yes,11,8,0,1,0,1,0,0,22,25,93,87,5,4,131,126,3,1,12,10
VA,VIRGINIA,5101690,GRAYSON CO PBLC SCHS,PO Box 888,Independence,24348,No,No,-9,-9,-9,-9,-9,-9,-9,-9,-9,-9,-9,-9,-9,-9,-9,-9,-9,-9,-9,-9
VA,VIRGINIA,5101710,GREENE CO PBLC SCHS,P.O. Box 1140,Stanardsville,22973,No,Yes,22,27,1,0,3,14,0,0,16,19,168,169,24,26,234,255,7,9,34,14
VA,VIRGINIA,5101740,GREENSVILLE CO PBLC SCHS,105 Ruffin Street,Emporia,23847,No,No,-9,-9,-9,-9,-9,-9,-9,-9,-9,-9,-9,-9,-9,-9,-9,-9,-9,-9,-9,-9
VA,VIRGINIA,5101770,HALIFAX CO PBLC SCHS,PO Box 1849,Halifax,24558,No,No,-9,-9,-9,-9,-9,-9,-9,-9,-9,-9,-9,-9,-9,-9,-9,-9,-9,-9,-9,-9
VA,VIRGINIA,5101800,HAMPTON CITY PBLC SCHS,1 Franklin Street,Hampton,23669,No,Yes,45,43,4,2,17,16,2,1,531,481,192,171,53,44,844,758,17,5,230,118
VA,VIRGINIA,5101830,HANOVER CO PBLC SCHS,200 Berkley St,Ashland,23005,No,Yes,32,28,6,1,10,10,0,0,74,60,522,418,17,17,661,534,7,13,0,0
VA,VIRGINIA,5101860,HARRISONBURG CITY PBLC SCHS,One Court Square,Harrisonburg,22801,No,No,-9,-9,-9,-9,-9,-9,-9,-9,-9,-9,-9,-9,-9,-9,-9,-9,-9,-9,-9,-9
VA,VIRGINIA,5101890,HENRICO CO PBLC SCHS,3820 Nine Mile Rd.,Henrico,23223,Yes,Yes,168,162,3,5,137,113,0,2,842,732,805,686,75,76,2030,1776,112,82,313,161
VA,VIRGINIA,5101920,HENRY CO PBLC SCHS,PO Box 8958,Collinsville,24078,No,Yes,40,29,1,1,0,0,0,0,64,51,173,129,18,15,296,225,15,9,43,16
VA,VIRGINIA,5101950,HIGHLAND CO PBLC SCHS,P.O. Box 250,Monterey,24465,No,Yes,0,1,0,0,0,0,0,0,0,0,11,17,0,0,11,18,0,0,2,1
VA,VIRGINIA,5101980,HOPEWELL CITY PBLC SCHS,103 N. 12th Avenue,Hopewell,23860,No,No,-9,-9,-9,-9,-9,-9,-9,-9,-9,-9,-9,-9,-9,-9,-9,-9,-9,-9,-9,-9
VA,VIRGINIA,5102010,ISLE OF WIGHT CO PBLC SCHS,820 West Main Street,Smithfield,23430,No,Yes,5,8,0,2,2,1,0,0,55,55,117,131,3,5,182,202,0,1,25,9
VA,VIRGINIA,5102070,KING AND QUEEN CO PBLC SCHS,P.O. Box 97,King And Queen CH,23085,No,Yes,0,0,0,0,0,0,0,0,0,1,1,0,0,0,1,1,0,0,0,0
VA,VIRGINIA,5102100,KING GEO CO PBLC SCHS,P.O. Box 1239,King George,22485,No,Yes,2,3,0,0,0,0,0,0,2,8,11,17,1,2,16,30,0,0,3,0
VA,VIRGINIA,5102120,KING WILLIAM CO PBLC SCHS,PO Box 185,King William,23086,No,Yes,0,0,0,0,0,0,0,0,1,1,15,22,0,1,16,24,0,0,1,2
VA,VIRGINIA,5102160,LANCASTER CO PBLC SCHS,P.O. Box 2000,Kilmarnock,22482,No,Yes,0,0,0,0,0,1,0,0,13,4,11,12,1,0,25,17,0,1,5,1
VA,VIRGINIA,5102190,LEE CO PBLC SCHS,155 Vo Tech Drive,Jonesville,24263,No,Yes,0,0,0,0,0,3,0,0,0,1,83,77,1,1,84,82,0,2,17,7
VA,VIRGINIA,5102220,LEXINGTON CITY PBLC SCHS,300 Diamond St,Lexington,24450,No,No,-9,-9,-9,-9,-9,-9,-9,-9,-9,-9,-9,-9,-9,-9,-9,-9,-9,-9,-9,-9
VA,VIRGINIA,5102250,LOUDOUN CO PBLC SCHS,21000 Education Court,Ashburn,20148,No,Yes,43,79,1,4,127,202,0,5,14,33,211,346,12,25,408,694,5,2,30,23
VA,VIRGINIA,5102280,LOUISA CO PBLC SCHS,953 Davis Hwy,Mineral,23117,No,Yes,2,10,0,0,1,2,0,0,11,31,102,126,6,8,122,177,2,4,21,9
VA,VIRGINIA,5102310,LUNENBURG CO PBLC SCHS,P. O. Box 710,Kenbridge,23944,No,Yes,0,0,0,0,0,0,0,0,6,5,13,8,0,0,19,13,0,0,3,2
VA,VIRGINIA,5102340,LYNCHBURG CITY PBLC SCHS,P. O. Box 2497,Lynchburg,24505,Yes,Yes,0,0,0,0,1,2,0,0,1,2,5,6,1,0,8,10,0,0,0,1
VA,VIRGINIA,5102360,MANASSAS CITY PBLC SCHS,P.O. Box 520,Manassas,20108,No,Yes,47,46,0,1,3,3,0,0,12,9,14,16,3,5,79,80,10,14,15,8
VA,VIRGINIA,5102370,MADISON CO PBLC SCHS,60 School Board Court,Madison,22727,No,Yes,1,1,0,0,0,0,0,0,3,0,22,19,2,2,28,22,0,0,1,1
VA,VIRGINIA,5102390,MANASSAS PARK CITY PBLC SCHS,One Park Center Ct Ste A,Manassas Park,20111,No,Yes,95,67,0,0,8,8,0,0,11,11,15,14,2,3,131,103,67,41,12,4
VA,VIRGINIA,5102400,MARTINSVILLE CITY PBLC SCHS,PO Box 5548,Martinsville,24115,No,Yes,9,14,0,0,0,1,0,0,48,46,29,17,1,3,87,81,1,0,9,9
VA,VIRGINIA,5102430,MATHEWS CO PBLC SCHS,PO Box 369,Mathews,23109,No,Yes,0,1,0,0,0,0,0,0,0,0,11,30,0,1,11,32,0,0,0,0
VA,VIRGINIA,5102460,MECKLENBURG CO PBLC SCHS,P.O. Box 190,Boydton,23917,No,Yes,0,0,0,0,0,0,0,0,0,2,1,11,0,0,1,13,0,0,0,0
VA,VIRGINIA,5102490,MIDDLESEX CO PBLC SCHS,P.O. Box 205,Saluda,23149,No,Yes,0,0,1,0,0,0,0,0,14,6,55,46,2,0,72,52,0,0,20,6
VA,VIRGINIA,5102520,MONTGOMERY CO PBLC SCHS,750 Imperial St.,Christiansburg,24073,No,Yes,5,2,0,0,8,11,0,0,2,0,69,107,4,6,88,126,4,2,4,0
VA,VIRGINIA,5102580,NELSON CO PBLC SCHS,PO Box 276,Lovingston,22949,No,Yes,6,8,0,0,2,2,0,0,16,20,100,107,5,9,129,146,0,1,24,15
VA,VIRGINIA,5102610,NEW KENT CO PBLC SCHS,PO Box 110,New Kent,23124,No,Yes,6,3,3,2,1,3,0,0,14,10,117,74,9,2,150,94,0,0,0,0
VA,VIRGINIA,5102640,NEWPORT NEWS CITY PBLC SCHS,12465 Warwick Blvd,Newport News,23606,No,Yes,37,37,0,1,1,4,0,0,218,190,90,79,18,9,364,320,12,13,63,28
VA,VIRGINIA,5102670,NORFOLK CITY PBLC SCHS,PO Box 1357,Norfolk,23501,Yes,Yes,16,21,0,2,5,4,1,1,212,180,53,56,22,16,309,280,8,7,33,22
VA,VIRGINIA,5102710,NORTHAMPTON CO PBLC SCHS,7207 Young St,Machipongo,23405,No,Yes,5,3,0,0,0,0,0,0,15,10,9,6,0,0,29,19,0,1,4,0
VA,VIRGINIA,5102730,NORTHUMBERLAND CO PBLC SCHS,2172 Northumberland Hwy,Lottsburg,22511,No,Yes,2,2,0,0,1,0,1,0,13,16,24,17,0,1,41,36,2,0,7,3
VA,VIRGINIA,5102760,NORTON CITY PBLC SCHS,P. O. Box 498,Norton,24273,No,No,-9,-9,-9,-9,-9,-9,-9,-9,-9,-9,-9,-9,-9,-9,-9,-9,-9,-9,-9,-9
VA,VIRGINIA,5102790,NOTTOWAY CO PBLC SCHS,P.O. Box 47,Nottoway,23955,No,No,-9,-9,-9,-9,-9,-9,-9,-9,-9,-9,-9,-9,-9,-9,-9,-9,-9,-9,-9,-9
VA,VIRGINIA,5102820,ORANGE CO PBLC SCHS,200 Dailey Drive,Orange,22960,No,Yes,4,4,1,0,0,2,1,0,5,12,60,38,13,4,84,60,0,2,20,8
VA,VIRGINIA,5102850,PAGE CO PBLC SCHS,735 W Main St,Luray,22835,No,Yes,1,2,0,0,0,0,0,0,0,0,28,45,0,0,29,47,0,0,0,0
VA,VIRGINIA,5102880,PATRICK CO PBLC SCHS,P.O. Box 346,Stuart,24171,No,Yes,17,17,0,1,11,13,2,4,51,56,193,183,10,14,284,288,8,8,20,14
VA,VIRGINIA,5102910,PETERSBURG CITY PBLC SCHS,255 South Boulevard East,Petersburg,23805,No,Yes,16,2,0,0,0,0,0,0,169,143,3,0,0,0,188,145,10,2,32,12
VA,VIRGINIA,5102940,PITTSYLVANIA CO PBLC SCHS,P. O. Box 232,Chatham,24531,No,Yes,1,3,0,0,1,0,0,0,2,18,30,65,0,3,34,89,0,1,0,1
VA,VIRGINIA,5102980,POQUOSON CITY PBLC SCHS,500 City Hall Ave,Poquoson,23662,No,Yes,6,4,1,0,4,1,2,0,1,1,63,53,2,1,79,60,2,0,6,6
VA,VIRGINIA,5103000,PORTSMOUTH CITY PBLC SCHS,PO Box 998,Portsmouth,23705,No,Yes,23,27,2,0,4,7,1,3,506,546,135,147,31,36,702,766,3,11,100,56
VA,VIRGINIA,5103030,POWHATAN CO PBLC SCHS,2320 Skaggs Rd,Powhatan,23139,No,Yes,1,0,0,0,0,0,0,0,0,0,18,19,0,0,19,19,0,0,0,0
VA,VIRGINIA,5103060,PRINCE EDWARD CO PBLC SCHS,35 Eagle Drive,Farmville,23901,No,Yes,1,1,0,0,1,0,0,1,8,20,16,20,0,1,26,43,0,0,0,0
VA,VIRGINIA,5103090,PRINCE GEORGE CO PBLC SCHS,PO Box 400,Prince George,23875,No,Yes,0,0,0,0,0,0,0,0,4,3,0,0,1,0,5,3,0,0,0,1
VA,VIRGINIA,5103130,PRINCE WILLIAM CO PBLC SCHS,P. O. Box 389,Manassas,20108,Yes,Yes,228,152,5,1,35,54,1,0,157,124,150,186,27,31,603,548,139,75,118,56
VA,VIRGINIA,5103150,PULASKI CO PBLC SCHS,202 N Washington Ave,Pulaski,24301,No,No,-9,-9,-9,-9,-9,-9,-9,-9,-9,-9,-9,-9,-9,-9,-9,-9,-9,-9,-9,-9
VA,VIRGINIA,5103180,RADFORD CITY PBLC SCHS,1612 Wadworth St.,Radford,24141,No,Yes,0,3,0,0,0,1,0,0,1,0,11,21,0,1,12,26,0,0,0,1
VA,VIRGINIA,5103210,RAPPAHANNOCK CO PBLC SCHS,6 Schoolhouse Road,Washington,22747,No,Yes,1,2,0,0,0,0,0,0,0,1,8,12,0,0,9,15,0,0,0,0
VA,VIRGINIA,5103240,RICHMOND CITY PBLC SCHS,301 North 9th St,Richmond,23219,Yes,Yes,67,76,6,6,32,33,1,1,190,213,363,469,38,64,697,862,2,8,64,35
VA,VIRGINIA,5103270,RICHMOND CO PBLC SCHS,PO Box 1507,Warsaw,22572,No,Yes,1,2,0,1,0,1,0,0,5,6,8,22,0,1,14,33,0,0,2,3
VA,VIRGINIA,5103300,ROANOKE CITY PBLC SCHS,P O Box 13145,Roanoke,24012,No,Yes,1,1,0,0,1,0,0,0,19,10,27,15,2,5,50,31,1,1,2,1
VA,VIRGINIA,5103330,ROANOKE CO PBLC SCHS,5937 Cove Rd NW,Roanoke,24019,No,Yes,8,7,0,0,9,18,0,0,6,10,152,267,12,12,187,314,3,3,14,7
VA,VIRGINIA,5103370,ROCKBRIDGE CO PBLC SCHS,2893 Collierstown Road,Lexington,24450,No,Yes,1,4,1,0,0,0,0,0,3,1,46,17,1,2,52,24,0,0,9,2
VA,VIRGINIA,5103390,ROCKINGHAM CO PBLC SCHS,100 Mount Clinton Pike,Harrisonburg,22802,No,Yes,46,39,0,0,0,1,0,1,10,4,156,98,7,3,219,146,30,24,31,17
VA,VIRGINIA,5103420,RUSSELL CO PBLC SCHS,P. O. Box 8,Lebanon,24266,No,Yes,0,0,0,0,0,0,0,0,0,0,2,10,0,0,2,10,0,0,0,0
VA,VIRGINIA,5103460,SALEM CITY PBLC SCHS,510 South College Ave,Salem,24153,No,No,-9,-9,-9,-9,-9,-9,-9,-9,-9,-9,-9,-9,-9,-9,-9,-9,-9,-9,-9,-9
VA,VIRGINIA,5103480,SCOTT CO PBLC SCHS,340 E Jackson St,Gate City,24251,No,Yes,0,0,0,0,0,0,0,0,0,0,48,82,1,0,49,82,0,0,0,0
VA,VIRGINIA,5103510,SHENANDOAH CO PBLC SCHS,600 N Main St Suite #200,Woodstock,22664,No,Yes,21,28,3,0,1,1,0,1,12,6,202,188,5,3,244,227,7,12,43,23
VA,VIRGINIA,5103520,SMYTH CO PBLC SCHS,121 Bagley Cir Ste 300,Marion,24354,No,Yes,3,5,0,0,2,4,0,0,2,2,127,227,0,1,134,239,0,0,4,2
VA,VIRGINIA,5103600,SOUTHAMPTON CO PBLC SCHS,21308 Plank Road,Courtland,23837,No,Yes,2,1,0,0,0,3,1,1,10,18,23,37,1,0,37,60,0,0,0,0
VA,VIRGINIA,5103640,SPOTSYLVANIA CO PBLC SCHS,8020 River Stone Drive,Fredericksburg,22407,No,Yes,24,24,1,0,3,0,0,1,42,37,94,74,7,10,171,146,2,5,25,7
VA,VIRGINIA,5103660,STAFFORD CO PBLC SCHS,31 Stafford Avenue,Stafford,22554,Yes,Yes,18,37,1,0,4,7,0,0,38,35,73,101,16,10,150,190,4,3,22,12
VA,VIRGINIA,5103690,STAUNTON CITY PBLC SCHS,116 W. Beverley Street,Staunton,24401,No,Yes,2,2,0,1,2,1,0,0,4,6,40,43,6,8,54,61,1,1,4,1
VA,VIRGINIA,5103710,SUFFOLK CITY PBLC SCHS,PO Box 1549,Suffolk,23439,No,Yes,11,6,1,1,4,1,0,0,149,123,59,48,7,10,231,189,0,0,56,18
VA,VIRGINIA,5103750,SURRY CO PBLC SCHS,P. O. Box 317,Surry,23883,No,No,-9,-9,-9,-9,-9,-9,-9,-9,-9,-9,-9,-9,-9,-9,-9,-9,-9,-9,-9,-9
VA,VIRGINIA,5103780,SUSSEX CO PBLC SCHS,21302 Sussex Drive,Stony Creek,23882,No,Yes,1,0,1,0,0,0,0,0,49,39,15,14,0,0,66,53,0,0,18,9
VA,VIRGINIA,5103810,TAZEWELL CO PBLC SCHS,506 Jeffersonville Street,Tazewell,24651,No,Yes,0,0,0,0,3,3,0,0,0,0,39,49,1,1,43,53,0,0,0,0
VA,VIRGINIA,5103840,VA BEACH CITY PBLC SCHS,PO Box 6038,Virginia Beach,23456,Yes,Yes,105,120,0,4,71,87,3,2,183,212,677,669,95,124,1134,1218,15,10,158,104
VA,VIRGINIA,5103870,WARREN CO PBLC SCHS,210 North Commerce Avenue,Front Royal,22630,No,Yes,2,2,0,0,1,1,0,0,1,1,22,14,1,1,27,19,1,1,8,0
VA,VIRGINIA,5103900,WASHINGTON CO PBLC SCHS,812 Thompson Dr,Abingdon,24210,No,Yes,2,5,0,0,3,2,0,0,0,2,57,126,0,0,62,135,0,0,1,0
VA,VIRGINIA,5103930,WAYNESBORO CITY PBLC SCHS,301 Pine Ave,Waynesboro,22980,No,Yes,11,4,0,0,0,0,0,0,14,8,46,26,5,4,76,42,4,0,1,1
VA,VIRGINIA,5103950,WEST POINT PBLC SCHS,PO Box T,West Point,23181,No,Yes,0,1,0,0,0,0,0,0,0,3,7,17,1,4,8,25,0,0,0,0
VA,VIRGINIA,5103980,WESTMORELAND CO PBLC SCHS,141 Opal Lane,Montross,22520,No,Yes,3,1,0,0,0,0,0,0,16,13,23,18,1,4,43,36,0,1,6,2
VA,VIRGINIA,5104020,WILLIAMSBURG-JAMES CITY PBLC SCHS,PO Box 8783,Williamsburg,23187,No,Yes,7,16,1,1,2,4,0,0,14,22,79,112,6,9,109,164,2,0,42,24
VA,VIRGINIA,5104050,WINCHESTER CITY PBLC SCHS,12 N Washington St,Winchester,22601,No,Yes,0,1,0,0,1,1,0,0,0,0,6,5,0,0,7,7,0,1,0,0
VA,VIRGINIA,5104080,WISE CO PBLC SCHS,628 Lake St,Wise,24293,No,Yes,2,2,0,0,1,0,0,0,0,1,67,86,1,1,71,90,0,0,8,7
VA,VIRGINIA,5104110,WYTHE CO PBLC SCHS,1570 W Reservoir St,Wytheville,24382,No,Yes,0,1,0,0,0,0,0,0,0,1,9,45,0,2,9,49,0,0,0,0
VA,VIRGINIA,5104150,YORK CO PBLC SCHS,302 Dare Rd,Yorktown,23692,No,Yes,18,20,0,0,38,36,2,0,37,33,174,169,38,26,307,284,10,6,48,21
