LEA_STATE,LEA_STATE_NAME,NCESLEAID,LEA_NAME,SCHID,SCHOOL_NAME,NCESSCH,JJ,AM_M_7,AS_M_7,BL_M_7,HI_M_7,MU_M_7,PI_M_7,WH_M_7,AM_F_7,AS_F_7,BL_F_7,HI_F_7,MU_F_7,PI_F_7,WH_F_7,TOTAL_STUDENTS_REPORTED_M,TOTAL_STUDENTS_REPORTED_F,WDIS_M,WDIS_F,DISAB504_M,DISAB504_F,LEP_M,LEP_F,H_M,H_F
HI,HAWAII,1500030,Hawaii Department of Education,1,Enchanted Lake Elementary School,150003000001,No,-8,3,-8,6,6,10,4,-8,-8,-8,5,3,5,3,29,16,10,3,-8,-8,-8,-8,1,3
HI,HAWAII,1500030,Hawaii Department of Education,2,Hauula Elementary School,150003000002,No,-8,-8,-8,9,9,30,6,-8,-8,-8,4,3,16,3,54,26,18,5,1,-8,1,-8,1,1
HI,HAWAII,1500030,Hawaii Department of Education,3,Heeia Elementary School,150003000003,No,-8,1,-8,8,5,15,3,-8,3,-8,10,5,14,1,32,33,11,10,1,-8,-8,-8,-8,-8
HI,HAWAII,1500030,Hawaii Department of Education,4,Kaaawa Elementary School,150003000004,No,-8,-8,-8,4,1,2,1,-8,-8,-8,-8,2,3,3,8,8,2,-8,1,-8,-8,-8,-8,-8
HI,HAWAII,1500030,Hawaii Department of Education,5,Kaelepulu Elementary School,150003000005,No,-8,1,-8,3,-8,1,2,-8,1,-8,1,1,1,-8,7,4,3,-8,-8,-8,-8,-8,-8,1
HI,HAWAII,1500030,Hawaii Department of Education,6,Kahaluu Elementary School,150003000006,No,-8,-8,-8,6,5,13,3,-8,-8,-8,5,2,12,1,27,20,9,6,-8,-8,1,1,-8,-8
HI,HAWAII,1500030,Hawaii Department of Education,7,Kahuku High & Intermediate School,150003000007,No,2,9,1,13,17,111,26,4,7,1,9,16,141,24,179,202,36,27,6,16,4,4,4,7
HI,HAWAII,1500030,Hawaii Department of Education,8,Kailua Elementary School,150003000008,No,-8,3,-8,5,5,11,8,-8,2,-8,6,4,8,2,32,22,7,3,-8,1,2,2,6,1
HI,HAWAII,1500030,Hawaii Department of Education,9,Kailua High School,150003000009,No,-8,11,1,16,10,64,12,-8,8,-8,10,8,68,13,114,107,27,21,9,7,1,2,4,1
HI,HAWAII,1500030,Hawaii Department of Education,10,Kailua Intermediate School,150003000010,No,1,1,2,6,4,10,16,-8,2,-8,7,4,13,9,40,35,10,3,3,2,-8,1,1,1
HI,HAWAII,1500030,Hawaii Department of Education,11,Kainalu Elementary School,150003000011,No,-8,3,-8,3,8,12,14,-8,1,-8,3,4,4,13,40,25,18,1,-8,-8,1,1,2,-8
HI,HAWAII,1500030,Hawaii Department of Education,12,Kalaheo High School,150003000012,No,-8,10,1,7,13,28,25,-8,3,2,20,14,20,31,84,90,15,5,4,11,4,3,-8,1
HI,HAWAII,1500030,Hawaii Department of Education,13,Kaneohe Elementary School,150003000013,No,-8,-8,-8,10,7,9,1,-8,-8,-8,10,4,14,3,27,31,2,3,-8,1,2,2,-8,-8
HI,HAWAII,1500030,Hawaii Department of Education,14,Kapunahala Elementary School,150003000014,No,-8,2,-8,9,2,13,1,-8,6,-8,4,11,17,2,27,40,6,9,-8,-8,-8,1,-8,1
HI,HAWAII,1500030,Hawaii Department of Education,15,Keolu Elementary School,150003000015,No,-8,2,-8,1,1,6,2,-8,2,-8,1,5,3,1,12,12,4,2,-8,-8,-8,-8,1,2
HI,HAWAII,1500030,Hawaii Department of Education,16,Governor Samuel Wilder King Intermediate School,150003000016,No,-8,7,-8,6,2,45,6,-8,6,-8,10,7,39,5,66,67,22,17,6,2,1,1,5,8
HI,HAWAII,1500030,Hawaii Department of Education,17,Laie Elementary School,150003000017,No,-8,-8,-8,2,28,19,6,-8,-8,-8,9,12,23,5,55,49,16,5,-8,1,2,2,-8,1
HI,HAWAII,1500030,Hawaii Department of Education,18,Ka'ohao Public Charter School,150003000018,No,-8,-8,-8,-8,3,-8,10,-8,-8,-8,1,2,-8,7,13,10,2,-8,-8,-8,-8,-8,-8,-8
HI,HAWAII,1500030,Hawaii Department of Education,19,Maunawili Elementary School,150003000019,No,-8,1,-8,3,3,5,-8,-8,-8,-8,-8,2,4,2,12,8,5,-8,-8,1,1,1,1,-8
HI,HAWAII,1500030,Hawaii Department of Education,20,Mokapu Elementary School,150003000020,No,-8,-8,4,22,3,-8,26,1,3,2,16,3,3,11,55,39,16,8,4,-8,2,3,-8,-8
HI,HAWAII,1500030,Hawaii Department of Education,21,Reverend Benjamin Parker Elementary School,150003000021,No,-8,4,-8,9,4,11,3,-8,-8,-8,5,3,8,1,31,17,10,3,3,1,2,1,-8,-8
HI,HAWAII,1500030,Hawaii Department of Education,22,Blanche Pope Elementary School,150003000022,No,-8,-8,-8,1,-8,24,2,-8,-8,-8,4,4,18,-8,27,26,8,3,-8,-8,-8,-8,4,5
HI,HAWAII,1500030,Hawaii Department of Education,23,Puohala Elementary School,150003000023,No,1,1,-8,13,2,21,4,1,-8,-8,9,1,11,-8,42,22,10,5,-8,-8,-8,-8,4,2
HI,HAWAII,1500030,Hawaii Department of Education,24,Sunset Beach Elementary School,150003000024,No,-8,-8,-8,16,17,4,36,-8,1,3,5,18,6,30,73,63,15,8,-8,1,2,-8,1,-8
HI,HAWAII,1500030,Hawaii Department of Education,25,Waiahole Elementary School,150003000025,No,-8,1,-8,3,4,6,-8,-8,1,-8,2,2,1,-8,14,6,5,1,-8,-8,-8,-8,-8,-8
HI,HAWAII,1500030,Hawaii Department of Education,26,Waimanalo Elementary & Intermediate School,150003000026,No,-8,1,-8,9,7,41,1,1,2,1,8,8,30,2,59,52,19,9,-8,-8,4,8,7,16
HI,HAWAII,1500030,Hawaii Department of Education,27,Ernest Bowen DeSilva Elementary School,150003000027,No,-8,1,-8,2,7,3,1,-8,1,-8,3,2,5,3,14,14,-8,3,-8,-8,-8,-8,-8,-8
HI,HAWAII,1500030,Hawaii Department of Education,28,Haaheo Elementary School,150003000028,No,-8,2,-8,-8,3,2,-8,-8,1,-8,3,2,6,1,7,13,1,1,-8,-8,3,1,-8,-8
HI,HAWAII,1500030,Hawaii Department of Education,29,Hilo High School,150003000029,No,1,9,1,9,13,87,16,1,7,-8,13,6,75,13,136,115,50,18,3,5,10,5,4,2
HI,HAWAII,1500030,Hawaii Department of Education,30,Hilo Intermediate School,150003000030,No,-8,2,-8,4,2,28,4,-8,2,1,8,1,23,7,40,42,14,6,2,2,3,-8,-8,1
HI,HAWAII,1500030,Hawaii Department of Education,31,Hilo Union Elementary School,150003000031,No,-8,4,1,19,7,38,1,-8,-8,-8,17,6,19,-8,70,42,19,6,1,-8,21,8,5,1
HI,HAWAII,1500030,Hawaii Department of Education,32,Holualoa Elementary School,150003000032,No,-8,4,-8,10,18,10,14,-8,2,-8,13,15,16,12,56,58,12,-8,1,3,5,8,-8,1
HI,HAWAII,1500030,Hawaii Department of Education,33,Honaunau Elementary School,150003000033,No,-8,-8,-8,1,1,10,1,-8,2,-8,7,3,13,1,13,26,1,-8,-8,-8,-8,7,-8,-8
HI,HAWAII,1500030,Hawaii Department of Education,34,Honokaa High & Intermediate School,150003000034,No,1,12,1,9,6,61,21,2,14,1,4,2,49,7,111,79,28,8,6,3,6,6,1,2
HI,HAWAII,1500030,Hawaii Department of Education,35,Hookena Elementary School,150003000035,No,-8,-8,-8,5,2,13,8,-8,-8,-8,3,4,8,-8,28,15,6,2,1,-8,-8,-8,1,-8
HI,HAWAII,1500030,Hawaii Department of Education,36,Prince Jonah Kalanianaole Elementary & Intermediate School,150003000036,No,-8,1,-8,9,4,15,7,-8,1,-8,2,2,8,5,36,18,17,4,1,-8,5,2,1,-8
HI,HAWAII,1500030,Hawaii Department of Education,37,Chiefess Kapiolani Elementary School,150003000037,No,-8,1,-8,17,7,34,-8,-8,-8,-8,15,2,27,1,59,45,16,4,-8,-8,9,8,1,1
HI,HAWAII,1500030,Hawaii Department of Education,38,Kau High & Pahala Elementary School,150003000038,No,-8,18,-8,1,11,77,11,-8,8,1,7,5,91,9,118,121,25,15,2,3,18,23,-8,1
HI,HAWAII,1500030,Hawaii Department of Education,39,Kaumana Elementary School,150003000039,No,-8,1,-8,4,4,12,3,-8,1,-8,11,2,11,1,24,26,8,3,1,-8,2,1,1,-8
HI,HAWAII,1500030,Hawaii Department of Education,40,Keaau Middle School,150003000040,No,2,5,1,23,10,55,16,2,4,2,21,11,56,13,112,109,24,15,7,6,7,7,3,5
HI,HAWAII,1500030,Hawaii Department of Education,41,Kealakehe Elementary School,150003000041,No,-8,6,-8,16,25,85,13,-8,-8,-8,24,18,71,9,145,122,26,13,7,4,44,30,2,4
HI,HAWAII,1500030,Hawaii Department of Education,42,Keaukaha Elementary School,150003000042,No,-8,-8,-8,12,7,18,1,-8,-8,-8,10,3,25,-8,38,38,14,6,3,2,1,-8,1,3
HI,HAWAII,1500030,Hawaii Department of Education,43,Kohala High School,150003000043,No,2,12,-8,2,5,34,10,2,13,-8,4,2,22,9,65,52,15,3,5,3,3,-8,1,-8
HI,HAWAII,1500030,Hawaii Department of Education,44,Konawaena Elementary School,150003000044,No,-8,1,-8,13,9,20,12,-8,3,-8,13,9,31,7,55,63,8,5,-8,1,5,10,2,3
HI,HAWAII,1500030,Hawaii Department of Education,45,Konawaena High School,150003000045,No,1,15,2,24,5,63,28,1,13,1,18,7,72,25,138,137,34,16,4,9,18,12,-8,2
HI,HAWAII,1500030,Hawaii Department of Education,46,Laupahoehoe Community - PCS,150003000046,No,-8,-8,1,7,7,9,12,-8,2,1,7,2,5,6,36,23,11,5,-8,-8,4,2,1,-8
HI,HAWAII,1500030,Hawaii Department of Education,47,Mountain View Elementary School,150003000047,No,-8,-8,-8,38,16,35,6,-8,-8,-8,41,16,24,7,95,88,28,9,4,5,11,1,8,5
HI,HAWAII,1500030,Hawaii Department of Education,48,Naalehu Elementary School,150003000048,No,1,1,-8,15,12,84,7,-8,5,-8,12,12,65,7,120,101,15,9,1,2,42,26,-8,-8
HI,HAWAII,1500030,Hawaii Department of Education,49,Paauilo Elementary & Intermediate School,150003000049,No,1,2,-8,7,11,10,-8,-8,-8,-8,4,4,11,5,31,24,11,1,1,-8,-8,2,2,-8
HI,HAWAII,1500030,Hawaii Department of Education,50,Pahoa High & Intermediate School,150003000050,No,2,7,-8,16,13,74,22,1,9,-8,22,14,96,14,134,156,54,26,4,3,4,5,-8,4
HI,HAWAII,1500030,Hawaii Department of Education,51,Waiakea Elementary School,150003000051,No,-8,4,-8,21,10,26,2,-8,1,-8,24,13,37,1,63,76,12,7,1,3,5,7,5,2
HI,HAWAII,1500030,Hawaii Department of Education,52,Waiakea High School,150003000052,No,3,8,1,9,8,55,14,1,6,-8,7,-8,42,4,98,60,29,5,3,1,1,3,1,-8
HI,HAWAII,1500030,Hawaii Department of Education,53,Waiakea Intermediate School,150003000053,No,-8,8,-8,8,8,37,3,-8,4,1,11,5,38,5,64,64,15,10,3,2,-8,1,7,3
HI,HAWAII,1500030,Hawaii Department of Education,54,Waiakeawaena Elementary School,150003000054,No,-8,2,-8,22,15,23,3,-8,5,-8,21,11,25,5,65,67,13,11,2,3,4,5,2,5
HI,HAWAII,1500030,Hawaii Department of Education,55,Waimea Elementary School,150003000055,No,-8,8,-8,12,15,45,4,-8,5,1,20,11,36,1,84,74,19,5,3,4,15,12,4,-8
HI,HAWAII,1500030,Hawaii Department of Education,56,Henry Perrine Baldwin High School,150003000056,No,-8,34,1,13,9,91,12,-8,41,-8,19,14,102,13,160,189,34,25,7,12,12,11,4,1
HI,HAWAII,1500030,Hawaii Department of Education,57,Haiku Elementary School,150003000057,No,-8,-8,-8,22,17,14,15,-8,-8,-8,16,8,17,27,68,68,13,4,1,1,10,7,4,-8
HI,HAWAII,1500030,Hawaii Department of Education,58,Hana High & Elementary School,150003000058,No,-8,-8,1,3,1,21,6,-8,-8,-8,4,2,26,3,32,35,8,2,-8,1,-8,-8,1,3
HI,HAWAII,1500030,Hawaii Department of Education,59,Iao Intermediate School,150003000059,No,-8,17,2,21,9,74,4,-8,6,-8,10,8,45,5,127,74,38,12,11,1,6,6,5,10
HI,HAWAII,1500030,Hawaii Department of Education,60,Kahului Elementary School,150003000060,No,-8,18,1,12,6,33,4,-8,8,-8,16,5,23,4,74,56,23,4,1,2,10,16,4,2
HI,HAWAII,1500030,Hawaii Department of Education,61,King Kamehameha III Elementary School,150003000061,No,-8,3,-8,19,13,10,23,-8,7,-8,13,10,13,10,68,53,10,4,4,2,12,14,1,1
HI,HAWAII,1500030,Hawaii Department of Education,62,Kaunakakai Elementary School,150003000062,No,-8,1,-8,4,4,23,-8,-8,-8,-8,2,4,14,-8,32,20,9,2,1,-8,1,1,-8,-8
HI,HAWAII,1500030,Hawaii Department of Education,64,Kihei Elementary School,150003000064,No,-8,8,-8,14,3,27,15,-8,4,-8,22,10,14,20,67,70,17,9,3,2,14,9,-8,-8
HI,HAWAII,1500030,Hawaii Department of Education,65,Kilohana Elementary School,150003000065,No,-8,-8,-8,1,-8,6,-8,-8,-8,-8,-8,-8,7,-8,7,7,-8,1,1,-8,-8,-8,-8,-8
HI,HAWAII,1500030,Hawaii Department of Education,66,Kualapuu School - Public Conversion Charter,150003000066,No,-8,1,-8,-8,1,16,-8,-8,-8,-8,-8,-8,17,1,18,18,4,-8,-8,-8,-8,-8,-8,-8
HI,HAWAII,1500030,Hawaii Department of Education,67,Kula Elementary School,150003000067,No,-8,-8,-8,5,9,7,9,-8,-8,-8,12,6,8,5,30,31,3,2,-8,1,-8,-8,1,-8
HI,HAWAII,1500030,Hawaii Department of Education,68,Lahaina Intermediate School,150003000068,No,-8,8,-8,12,9,19,11,-8,9,-8,11,5,28,16,59,69,14,1,1,2,7,9,2,3
HI,HAWAII,1500030,Hawaii Department of Education,69,Lahainaluna High School,150003000069,No,1,32,-8,24,8,49,33,2,37,-8,25,14,43,13,147,134,26,18,3,5,27,22,2,2
HI,HAWAII,1500030,Hawaii Department of Education,70,Lanai High & Elementary School,150003000070,No,-8,18,1,5,7,16,4,-8,17,1,8,6,24,2,51,58,12,10,3,1,5,5,-8,-8
HI,HAWAII,1500030,Hawaii Department of Education,71,Lihikai Elementary School,150003000071,No,-8,11,-8,7,10,25,1,-8,14,-8,11,9,31,3,54,68,7,5,1,4,18,22,1,2
HI,HAWAII,1500030,Hawaii Department of Education,72,Makawao Elementary School,150003000072,No,-8,-8,1,11,9,9,7,-8,2,1,12,7,13,5,37,40,9,6,7,1,2,3,2,1
HI,HAWAII,1500030,Hawaii Department of Education,73,Maui High School,150003000073,No,-8,94,6,25,19,86,32,1,93,2,19,17,89,31,262,252,41,33,11,14,42,37,5,5
HI,HAWAII,1500030,Hawaii Department of Education,74,Maunaloa Elementary School,150003000074,No,-8,-8,-8,-8,-8,2,-8,-8,-8,-8,1,-8,3,-8,2,4,1,-8,-8,-8,-8,-8,-8,-8
HI,HAWAII,1500030,Hawaii Department of Education,75,Molokai High School,150003000075,No,-8,2,-8,-8,1,30,-8,-8,3,-8,1,1,39,-8,33,44,10,7,-8,-8,-8,-8,-8,-8
HI,HAWAII,1500030,Hawaii Department of Education,76,Paia Elementary School,150003000076,No,-8,-8,-8,9,5,23,2,-8,-8,1,11,4,16,2,39,34,10,4,3,-8,2,1,-8,1
HI,HAWAII,1500030,Hawaii Department of Education,77,Pukalani Elementary School,150003000077,No,-8,2,-8,8,11,13,4,-8,2,-8,7,7,16,2,38,34,12,6,2,-8,2,4,5,3
HI,HAWAII,1500030,Hawaii Department of Education,79,Waihee Elementary School,150003000079,No,-8,3,-8,6,8,22,2,-8,3,-8,4,5,12,1,41,25,10,3,2,-8,1,-8,1,-8
HI,HAWAII,1500030,Hawaii Department of Education,80,Wailuku Elementary School,150003000080,No,-8,3,-8,10,10,29,-8,-8,4,1,12,14,23,7,52,61,15,8,3,1,10,8,3,2
HI,HAWAII,1500030,Hawaii Department of Education,81,Eleele Elementary School,150003000081,No,-8,9,-8,5,7,15,-8,-8,5,-8,5,1,6,-8,36,17,8,3,4,-8,2,1,-8,-8
HI,HAWAII,1500030,Hawaii Department of Education,82,Hanalei Elementary School,150003000082,No,-8,-8,-8,3,10,1,25,-8,-8,-8,3,8,-8,16,39,27,1,-8,1,2,1,-8,-8,-8
HI,HAWAII,1500030,Hawaii Department of Education,83,Kalaheo Elementary School,150003000083,No,-8,-8,-8,3,9,3,4,1,-8,-8,4,2,4,3,19,14,2,-8,2,1,-8,-8,-8,1
HI,HAWAII,1500030,Hawaii Department of Education,84,Kapaa Elementary School,150003000084,No,1,11,-8,14,29,34,14,1,5,-8,11,26,35,8,103,86,26,16,3,3,9,8,4,3
HI,HAWAII,1500030,Hawaii Department of Education,85,Kapaa High School,150003000085,No,4,19,2,16,18,64,38,3,15,1,15,18,66,34,161,152,33,19,13,6,2,1,1,-8
HI,HAWAII,1500030,Hawaii Department of Education,86,Kauai High School,150003000086,No,-8,21,-8,5,9,42,16,-8,29,1,7,9,51,23,93,120,31,7,7,18,9,5,1,6
HI,HAWAII,1500030,Hawaii Department of Education,88,Kekaha Elementary School,150003000088,No,-8,2,1,7,-8,14,3,-8,2,-8,9,7,14,-8,27,32,6,3,-8,-8,2,2,4,2
HI,HAWAII,1500030,Hawaii Department of Education,89,Kilauea Elementary School,150003000089,No,-8,-8,-8,5,1,5,15,-8,-8,-8,7,10,9,9,26,35,3,1,1,3,1,-8,-8,-8
HI,HAWAII,1500030,Hawaii Department of Education,90,Koloa Elementary School,150003000090,No,-8,5,-8,5,8,14,3,-8,1,-8,9,5,10,11,35,36,12,8,3,-8,7,4,-8,1
HI,HAWAII,1500030,Hawaii Department of Education,91,Niihau High & Elementary School,150003000091,No,-8,-8,-8,-8,-8,4,-8,-8,-8,-8,-8,-8,5,-8,4,5,-8,-8,-8,-8,3,3,-8,-8
HI,HAWAII,1500030,Hawaii Department of Education,92,Waimea Canyon Middle School,150003000092,No,-8,3,-8,6,8,24,4,-8,6,-8,6,3,19,3,45,37,9,3,6,2,2,-8,5,5
HI,HAWAII,1500030,Hawaii Department of Education,93,Waimea High School,150003000093,No,-8,23,-8,4,6,35,6,2,13,1,2,3,35,8,74,64,20,8,10,11,7,5,8,7
HI,HAWAII,1500030,Hawaii Department of Education,94,Elsie H Wilcox Elementary School,150003000094,No,-8,5,-8,12,16,8,1,-8,8,-8,8,6,10,1,42,33,12,3,1,1,4,6,5,2
HI,HAWAII,1500030,Hawaii Department of Education,96,Hawaii School for the Deaf and Blind,150003000096,No,-8,2,-8,-8,-8,9,-8,-8,2,-8,-8,1,1,-8,11,4,11,6,-8,-8,4,1,1,-8
HI,HAWAII,1500030,Hawaii Department of Education,98,Olomana School,150003000098,Yes,-8,1,-8,14,12,28,7,-8,1,-8,8,2,12,-8,62,23,14,3,6,1,1,-8,1,2
HI,HAWAII,1500030,Hawaii Department of Education,99,Mililani Mauka Elementary School,150003000099,No,-8,6,-8,8,4,5,5,-8,9,-8,6,4,4,2,28,25,7,8,-8,1,-8,2,-8,-8
HI,HAWAII,1500030,Hawaii Department of Education,100,Castle High School,150003000100,No,-8,19,1,14,16,113,16,1,20,1,16,12,96,12,179,158,60,25,13,11,6,2,4,3
HI,HAWAII,1500030,Hawaii Department of Education,101,Aikahi Elementary School,150003000101,No,-8,-8,-8,2,5,1,5,-8,2,-8,2,3,3,4,13,14,5,2,1,-8,1,-8,-8,-8
HI,HAWAII,1500030,Hawaii Department of Education,102,Mililani High School,150003000102,No,1,21,-8,20,31,33,6,1,38,3,14,28,39,13,112,136,32,12,5,7,5,2,2,2
HI,HAWAII,1500030,Hawaii Department of Education,103,Moanalua High School,150003000103,No,-8,42,9,21,9,28,7,2,35,2,11,12,31,14,116,107,33,21,11,10,8,1,2,1
HI,HAWAII,1500030,Hawaii Department of Education,104,Moanalua Elementary School,150003000104,No,-8,6,2,6,15,2,1,-8,4,1,3,5,4,5,32,22,5,2,-8,-8,-8,1,-8,-8
HI,HAWAII,1500030,Hawaii Department of Education,105,Mililani Waena Elementary School,150003000105,No,-8,3,-8,14,7,5,3,-8,3,-8,16,11,11,2,32,43,8,6,-8,1,1,2,-8,-8
HI,HAWAII,1500030,Hawaii Department of Education,106,Mililani Uka Elementary School,150003000106,No,-8,3,1,6,8,8,2,-8,1,-8,12,6,5,5,28,29,7,4,2,-8,1,-8,1,1
HI,HAWAII,1500030,Hawaii Department of Education,107,Makalapa Elementary School,150003000107,No,-8,5,-8,4,1,13,8,1,3,4,3,1,5,7,31,24,8,4,1,2,3,5,-8,-8
HI,HAWAII,1500030,Hawaii Department of Education,108,Leilehua High School,150003000108,No,2,25,10,32,15,54,19,1,32,10,31,15,51,19,157,159,37,19,10,5,12,7,4,2
HI,HAWAII,1500030,Hawaii Department of Education,109,Waiau Elementary School,150003000109,No,-8,1,-8,9,4,4,2,-8,-8,-8,11,6,8,-8,20,25,2,2,-8,1,2,2,-8,-8
HI,HAWAII,1500030,Hawaii Department of Education,110,Waianae High School,150003000110,No,4,25,5,47,27,263,20,-8,22,6,40,25,255,11,391,359,114,47,9,7,15,15,40,42
HI,HAWAII,1500030,Hawaii Department of Education,111,Waianae Elementary School,150003000111,No,-8,2,-8,21,10,93,2,-8,1,1,26,4,60,-8,128,92,37,15,-8,1,14,8,11,3
HI,HAWAII,1500030,Hawaii Department of Education,112,Pohakea Elementary School,150003000112,No,-8,10,-8,5,9,10,2,-8,2,1,16,9,11,5,36,44,12,8,1,2,4,1,1,4
HI,HAWAII,1500030,Hawaii Department of Education,113,Pearl City Highlands School,150003000113,No,-8,7,-8,4,3,4,-8,-8,2,-8,3,3,6,-8,18,14,6,1,-8,1,1,-8,-8,1
HI,HAWAII,1500030,Hawaii Department of Education,114,Pearl City High School,150003000114,No,1,25,4,14,16,47,6,-8,30,1,18,20,48,7,113,124,27,19,5,6,11,5,3,4
HI,HAWAII,1500030,Hawaii Department of Education,115,Pearl City Elementary School,150003000115,No,-8,5,2,13,4,5,5,-8,3,-8,9,11,7,1,34,31,9,4,-8,-8,3,5,-8,1
HI,HAWAII,1500030,Hawaii Department of Education,116,Palisades Elementary School,150003000116,No,-8,1,-8,4,8,5,2,-8,2,-8,3,8,9,3,20,25,3,2,1,-8,4,5,1,3
HI,HAWAII,1500030,Hawaii Department of Education,117,Nanakuli High & Intermediate School,150003000117,No,-8,7,4,21,10,197,5,-8,10,2,23,6,192,6,244,239,73,23,-8,1,26,9,10,20
HI,HAWAII,1500030,Hawaii Department of Education,118,Nanakuli Elementary School,150003000118,No,-8,1,-8,11,2,55,1,-8,-8,-8,17,4,53,3,70,77,7,2,2,1,2,-8,2,-8
HI,HAWAII,1500030,Hawaii Department of Education,119,Nanaikapono Elementary School,150003000119,No,-8,5,-8,38,22,114,-8,-8,4,1,34,27,118,1,179,185,43,25,1,-8,21,16,18,23
HI,HAWAII,1500030,Hawaii Department of Education,120,Momilani Elementary School,150003000120,No,-8,1,1,-8,-8,1,-8,-8,1,-8,1,-8,-8,-8,3,2,-8,-8,-8,1,-8,-8,-8,-8
HI,HAWAII,1500030,Hawaii Department of Education,121,Mauka Lani Elementary School,150003000121,No,-8,5,1,22,20,32,6,-8,1,1,11,20,22,3,86,58,29,5,-8,1,6,5,-8,-8
HI,HAWAII,1500030,Hawaii Department of Education,122,Manana Elementary School,150003000122,No,-8,2,1,4,2,3,-8,-8,1,2,5,4,8,2,12,22,5,2,-8,-8,-8,3,-8,-8
HI,HAWAII,1500030,Hawaii Department of Education,123,Makakilo Elementary School,150003000123,No,-8,7,1,11,10,18,3,-8,2,-8,13,7,14,1,50,37,12,5,2,-8,3,2,2,-8
HI,HAWAII,1500030,Hawaii Department of Education,124,Makaha Elementary School,150003000124,No,-8,1,-8,44,5,46,5,-8,2,2,41,15,42,2,101,104,37,20,1,-8,3,3,4,10
HI,HAWAII,1500030,Hawaii Department of Education,125,Maili Elementary School,150003000125,No,-8,7,1,61,29,95,3,-8,3,3,58,18,81,4,196,167,37,19,2,1,18,10,45,41
HI,HAWAII,1500030,Hawaii Department of Education,126,Lehua Elementary School,150003000126,No,-8,1,2,9,10,4,1,-8,-8,-8,2,7,10,-8,27,19,13,5,1,-8,1,8,3,2
HI,HAWAII,1500030,Hawaii Department of Education,127,Kaimiloa Elementary School,150003000127,No,-8,21,-8,9,6,13,1,-8,19,1,6,9,14,2,50,51,14,6,-8,-8,8,9,2,-8
HI,HAWAII,1500030,Hawaii Department of Education,128,Iroquois Point Elementary School,150003000128,No,1,5,2,13,14,8,20,1,2,-8,18,7,9,25,63,62,26,10,3,1,1,1,-8,1
HI,HAWAII,1500030,Hawaii Department of Education,129,Ilima Intermediate School,150003000129,No,-8,22,3,20,7,23,6,3,18,-8,6,10,11,6,81,54,12,8,5,2,1,6,5,5
HI,HAWAII,1500030,Hawaii Department of Education,130,Honowai Elementary School,150003000130,No,-8,8,1,12,5,19,1,-8,5,1,5,6,23,2,46,42,14,10,1,1,5,6,2,5
HI,HAWAII,1500030,Hawaii Department of Education,131,Highlands Intermediate School,150003000131,No,-8,19,1,13,10,28,3,-8,12,1,11,6,29,2,74,61,15,8,2,1,3,4,3,2
HI,HAWAII,1500030,Hawaii Department of Education,132,Ewa Beach Elementary School,150003000132,No,-8,9,1,16,11,21,5,-8,13,-8,22,12,16,6,63,69,20,13,3,2,4,5,4,6
HI,HAWAII,1500030,Hawaii Department of Education,133,Ewa Elementary School,150003000133,No,-8,15,-8,21,25,37,2,-8,15,-8,27,14,27,1,100,84,11,6,-8,1,6,5,5,5
HI,HAWAII,1500030,Hawaii Department of Education,134,James Campbell High School,150003000134,No,1,121,9,27,30,129,41,-8,123,4,36,21,106,39,358,329,70,31,7,9,20,13,14,8
HI,HAWAII,1500030,Hawaii Department of Education,135,Barbers Point Elementary School,150003000135,No,-8,1,1,19,11,54,6,-8,8,1,27,15,40,8,92,99,24,18,-8,1,14,17,19,19
HI,HAWAII,1500030,Hawaii Department of Education,136,August Ahrens Elementary School,150003000136,No,-8,34,-8,10,14,18,-8,-8,24,-8,11,18,12,1,76,66,11,6,-8,1,19,10,5,8
HI,HAWAII,1500030,Hawaii Department of Education,137,Major Sheldon Wheeler Middle School,150003000137,No,-8,1,7,15,6,7,16,1,1,8,15,8,6,26,52,65,12,3,2,3,3,-8,2,-8
HI,HAWAII,1500030,Hawaii Department of Education,138,Major Sheldon Wheeler Elementary School,150003000138,No,-8,2,5,9,6,3,23,-8,1,5,9,7,2,26,48,50,17,8,2,1,-8,1,-8,-8
HI,HAWAII,1500030,Hawaii Department of Education,139,Gustav H Webling Elementary School,150003000139,No,-8,2,-8,3,3,7,2,-8,1,2,1,8,6,3,17,21,5,4,-8,1,3,-8,-8,1
HI,HAWAII,1500030,Hawaii Department of Education,140,Waimalu Elementary School,150003000140,No,-8,14,1,9,8,17,1,-8,9,1,12,10,18,1,50,51,20,13,-8,2,5,8,1,-8
HI,HAWAII,1500030,Hawaii Department of Education,141,Waialua High & Intermediate School,150003000141,No,-8,8,-8,8,13,34,16,-8,9,-8,8,9,9,19,79,54,13,5,3,3,4,2,-8,-8
HI,HAWAII,1500030,Hawaii Department of Education,142,Waialua Elementary School,150003000142,No,-8,4,-8,3,13,8,3,-8,3,-8,8,6,5,6,31,28,5,2,-8,-8,1,-8,-8,-8
HI,HAWAII,1500030,Hawaii Department of Education,143,Wahiawa Middle School,150003000143,No,-8,14,2,14,8,38,5,-8,12,1,17,8,37,5,81,80,22,11,-8,1,7,9,1,4
HI,HAWAII,1500030,Hawaii Department of Education,144,Wahiawa Elementary School,150003000144,No,-8,3,2,10,3,19,2,-8,2,2,12,5,16,1,39,38,12,6,1,1,7,2,1,-8
HI,HAWAII,1500030,Hawaii Department of Education,145,Sergeant Samuel K Solomon Elementary School,150003000145,No,1,2,10,21,3,11,29,-8,1,8,20,4,7,21,77,61,31,12,2,1,3,1,-8,-8
HI,HAWAII,1500030,Hawaii Department of Education,146,Major General William R Shafter Elementary School,150003000146,No,1,-8,1,3,6,-8,10,-8,-8,2,9,5,-8,2,21,18,8,5,2,-8,-8,2,-8,-8
HI,HAWAII,1500030,Hawaii Department of Education,147,Alvah A Scott Elementary School,150003000147,No,1,12,-8,3,6,16,5,1,10,1,2,4,18,4,43,40,11,3,-8,2,9,3,1,-8
HI,HAWAII,1500030,Hawaii Department of Education,148,Salt Lake Elementary School,150003000148,No,-8,16,-8,7,9,18,3,-8,13,-8,10,11,13,-8,53,47,23,4,1,2,11,7,1,-8
HI,HAWAII,1500030,Hawaii Department of Education,149,Red Hill Elementary School,150003000149,No,-8,1,2,3,6,15,6,-8,1,2,2,4,8,3,33,20,12,3,2,-8,4,1,1,-8
HI,HAWAII,1500030,Hawaii Department of Education,150,Admiral Arthur W Radford High School,150003000150,No,-8,29,3,14,17,14,26,-8,17,6,16,8,22,26,103,95,18,8,5,-8,7,5,-8,-8
HI,HAWAII,1500030,Hawaii Department of Education,151,Pearl Ridge Elementary School,150003000151,No,-8,5,-8,7,10,4,2,-8,2,-8,5,8,7,1,28,23,14,7,3,1,2,-8,1,3
HI,HAWAII,1500030,Hawaii Department of Education,152,Pearl Harbor Kai Elementary School,150003000152,No,-8,3,1,9,4,2,9,-8,1,2,2,4,1,4,28,14,14,9,-8,-8,-8,-8,-8,-8
HI,HAWAII,1500030,Hawaii Department of Education,153,Pearl Harbor Elementary School,150003000153,No,-8,7,1,7,5,9,2,-8,7,3,9,5,10,9,31,43,12,6,-8,1,3,4,1,1
HI,HAWAII,1500030,Hawaii Department of Education,154,Admiral Chester W Nimitz Elementary School,150003000154,No,-8,1,2,5,-8,1,6,-8,1,3,5,1,-8,5,15,15,7,2,-8,1,-8,-8,1,-8
HI,HAWAII,1500030,Hawaii Department of Education,155,Mokulele Elementary School,150003000155,No,-8,1,-8,3,4,2,10,-8,-8,2,1,2,-8,7,20,12,11,4,-8,-8,-8,-8,1,-8
HI,HAWAII,1500030,Hawaii Department of Education,156,Moanalua Middle School,150003000156,No,1,5,3,3,5,10,9,-8,9,3,8,6,16,5,36,47,14,6,1,4,3,1,-8,-8
HI,HAWAII,1500030,Hawaii Department of Education,157,Ahuimanu Elementary School,150003000157,No,-8,2,-8,5,-8,11,4,-8,-8,-8,3,4,6,1,22,14,5,1,-8,-8,-8,-8,1,1
HI,HAWAII,1500030,Hawaii Department of Education,158,Waipahu Intermediate School,150003000158,No,-8,38,1,11,7,70,1,-8,32,-8,8,8,46,1,128,95,24,10,1,3,30,16,4,4
HI,HAWAII,1500030,Hawaii Department of Education,159,Waipahu Elementary School,150003000159,No,-8,8,-8,21,6,43,1,-8,3,1,8,4,51,-8,79,67,22,3,-8,1,27,26,8,4
HI,HAWAII,1500030,Hawaii Department of Education,160,Kalihi Kai Elementary School,150003000160,No,-8,15,-8,4,7,29,-8,-8,16,-8,4,5,19,1,55,45,16,7,-8,1,18,14,3,1
HI,HAWAII,1500030,Hawaii Department of Education,161,Waipahu High School,150003000161,No,-8,108,3,7,17,98,4,-8,71,1,11,12,89,2,237,186,46,32,1,3,71,35,10,5
HI,HAWAII,1500030,Hawaii Department of Education,162,Kalihi Elementary School,150003000162,No,-8,7,-8,8,4,34,-8,-8,3,-8,3,1,27,1,53,35,10,2,1,-8,28,20,-8,1
HI,HAWAII,1500030,Hawaii Department of Education,163,Kalani High School,150003000163,No,-8,36,-8,5,11,20,11,-8,40,1,7,13,26,10,83,97,16,15,8,9,3,2,-8,-8
HI,HAWAII,1500030,Hawaii Department of Education,164,King David Kalakaua Middle School,150003000164,No,-8,28,-8,3,6,66,3,-8,24,-8,4,4,61,1,106,94,24,7,2,1,28,23,7,12
HI,HAWAII,1500030,Hawaii Department of Education,165,Princess Victoria Kaiulani Elementary School,150003000165,No,-8,7,-8,7,7,33,-8,-8,2,-8,5,2,34,-8,54,43,11,5,-8,-8,18,19,12,6
HI,HAWAII,1500030,Hawaii Department of Education,166,Kapolei Elementary School,150003000166,No,-8,5,-8,24,12,34,-8,-8,5,1,23,22,32,2,75,85,14,11,2,3,11,6,3,1
HI,HAWAII,1500030,Hawaii Department of Education,167,Kipapa Elementary School,150003000167,No,-8,2,1,16,4,12,-8,-8,3,1,10,9,15,1,35,39,13,11,-8,1,3,5,-8,-8
HI,HAWAII,1500030,Hawaii Department of Education,168,Kaala Elementary School,150003000168,No,-8,3,-8,10,6,17,3,-8,3,-8,6,3,23,2,39,37,12,8,-8,-8,6,9,-8,6
HI,HAWAII,1500030,Hawaii Department of Education,169,Iliahi Elementary School,150003000169,No,-8,2,-8,9,4,8,2,-8,1,-8,4,3,5,1,25,14,5,4,2,-8,-8,-8,3,3
HI,HAWAII,1500030,Hawaii Department of Education,170,Lt Col Horrace Meek Hickam Elementary School,150003000170,No,1,1,1,-8,3,-8,10,-8,-8,-8,3,-8,-8,9,16,12,7,3,-8,1,-8,-8,-8,-8
HI,HAWAII,1500030,Hawaii Department of Education,171,Helemano Elementary School,150003000171,No,-8,10,1,6,6,5,9,-8,7,2,9,2,6,2,37,28,17,10,-8,-8,3,4,3,2
HI,HAWAII,1500030,Hawaii Department of Education,172,Haleiwa Elementary School,150003000172,No,-8,3,-8,7,5,5,4,-8,-8,-8,5,5,8,5,24,23,8,5,1,-8,-8,-8,1,3
HI,HAWAII,1500030,Hawaii Department of Education,173,Daniel K Inouye Elementary School,150003000173,No,1,3,7,19,2,1,16,-8,1,4,14,7,1,13,49,40,16,5,2,1,2,3,-8,-8
HI,HAWAII,1500030,Hawaii Department of Education,174,Aliamanu Middle School,150003000174,No,-8,4,3,-8,4,7,7,-8,4,-8,4,6,5,16,25,35,4,6,-8,-8,2,5,-8,2
HI,HAWAII,1500030,Hawaii Department of Education,175,Aliamanu Elementary School,150003000175,No,-8,5,3,4,4,6,7,-8,2,4,6,4,5,12,29,33,13,9,1,-8,2,2,-8,1
HI,HAWAII,1500030,Hawaii Department of Education,176,Aiea Intermediate School,150003000176,No,1,6,1,1,2,12,2,-8,6,-8,4,2,17,5,25,34,9,5,1,-8,3,5,1,3
HI,HAWAII,1500030,Hawaii Department of Education,177,Aiea High School,150003000177,No,-8,30,-8,14,12,48,4,-8,27,2,18,10,53,6,108,116,28,11,5,6,8,13,4,6
HI,HAWAII,1500030,Hawaii Department of Education,178,Aiea Elementary School,150003000178,No,-8,-8,-8,10,1,26,1,-8,-8,-8,3,-8,22,-8,38,25,10,3,-8,-8,14,13,5,1
HI,HAWAII,1500030,Hawaii Department of Education,179,Mayor John H Wilson Elementary School,150003000179,No,-8,5,-8,1,1,1,3,-8,2,-8,-8,1,1,-8,11,4,5,-8,-8,-8,1,-8,-8,-8
HI,HAWAII,1500030,Hawaii Department of Education,180,President George Washington Middle School,150003000180,No,1,13,1,15,9,31,5,-8,10,2,9,9,35,7,75,72,16,2,2,-8,12,9,7,1
HI,HAWAII,1500030,Hawaii Department of Education,182,Waikiki Elementary School,150003000182,No,-8,11,-8,4,7,3,14,-8,3,1,4,9,5,8,39,30,4,-8,-8,1,10,3,-8,1
HI,HAWAII,1500030,Hawaii Department of Education,183,Waialae Elementary - PCS,150003000183,No,-8,7,-8,7,6,2,2,-8,8,-8,5,6,6,4,24,29,4,6,-8,2,1,-8,-8,2
HI,HAWAII,1500030,Hawaii Department of Education,184,Robert Louis Stevenson Middle School,150003000184,No,-8,4,-8,2,7,17,1,-8,4,1,4,3,19,-8,31,31,4,2,-8,1,2,4,3,7
HI,HAWAII,1500030,Hawaii Department of Education,185,Royal Elementary School,150003000185,No,-8,3,1,7,6,17,1,-8,5,3,6,7,15,2,35,38,11,8,-8,-8,11,10,6,6
HI,HAWAII,1500030,Hawaii Department of Education,186,President Theodore Roosevelt High School,150003000186,No,1,30,2,18,20,41,4,-8,29,-8,12,16,44,6,116,107,28,17,7,4,11,7,4,2
HI,HAWAII,1500030,Hawaii Department of Education,187,Puuhale Elementary School,150003000187,No,-8,4,-8,5,2,19,-8,-8,3,-8,2,2,13,-8,30,20,7,5,1,1,14,10,7,7
HI,HAWAII,1500030,Hawaii Department of Education,188,Pauoa Elementary School,150003000188,No,-8,-8,-8,5,1,6,-8,-8,1,-8,5,-8,4,1,12,11,5,1,1,-8,2,-8,2,2
HI,HAWAII,1500030,Hawaii Department of Education,189,Palolo Elementary School,150003000189,No,-8,-8,-8,2,-8,28,1,-8,-8,-8,3,3,18,-8,31,24,4,2,1,-8,16,7,4,1
HI,HAWAII,1500030,Hawaii Department of Education,190,Nuuanu Elementary School,150003000190,No,-8,1,-8,3,5,-8,-8,-8,1,-8,2,1,1,-8,9,5,-8,1,-8,-8,-8,-8,-8,-8
HI,HAWAII,1500030,Hawaii Department of Education,191,Noelani Elementary School,150003000191,No,-8,4,-8,2,4,1,-8,-8,6,-8,2,2,4,-8,11,14,1,2,1,-8,4,5,-8,1
HI,HAWAII,1500030,Hawaii Department of Education,192,Niu Valley Middle School,150003000192,No,1,10,-8,1,6,12,14,-8,12,-8,6,4,7,10,44,39,10,4,4,-8,2,2,2,-8
HI,HAWAII,1500030,Hawaii Department of Education,193,President William McKinley High School,150003000193,No,-8,96,2,18,27,85,11,1,91,2,22,21,97,11,239,245,43,20,8,6,54,42,5,11
HI,HAWAII,1500030,Hawaii Department of Education,194,Manoa Elementary School,150003000194,No,-8,1,-8,-8,-8,-8,1,-8,2,-8,2,2,2,1,2,9,-8,1,-8,-8,-8,-8,-8,-8
HI,HAWAII,1500030,Hawaii Department of Education,195,King William Lunalilo Elementary School,150003000195,No,-8,5,1,11,2,10,1,-8,1,-8,4,6,10,2,30,23,6,2,-8,-8,4,9,-8,1
HI,HAWAII,1500030,Hawaii Department of Education,196,Maemae Elementary School,150003000196,No,-8,5,-8,1,6,4,-8,-8,6,-8,1,8,4,2,16,21,7,4,1,-8,1,2,-8,-8
HI,HAWAII,1500030,Hawaii Department of Education,197,President Abraham Lincoln Elementary School,150003000197,No,-8,2,2,6,6,16,-8,-8,3,-8,4,5,12,-8,32,24,8,4,1,-8,8,3,1,3
HI,HAWAII,1500030,Hawaii Department of Education,198,Linapuni Elementary School,150003000198,No,-8,-8,-8,3,6,18,2,-8,1,-8,2,7,21,-8,29,31,5,3,1,1,11,13,2,2
HI,HAWAII,1500030,Hawaii Department of Education,200,Princess Miriam K Likelike Elementary School,150003000200,No,-8,6,1,2,1,32,-8,-8,3,-8,3,2,15,-8,42,23,10,-8,1,-8,16,13,2,2
HI,HAWAII,1500030,Hawaii Department of Education,201,King Liholiho Elementary School,150003000201,No,-8,-8,-8,6,6,1,1,-8,2,-8,4,2,1,-8,14,9,4,-8,-8,-8,-8,4,1,-8
HI,HAWAII,1500030,Hawaii Department of Education,202,Lanakila Elementary School,150003000202,No,-8,7,-8,6,2,7,3,-8,3,-8,1,5,7,-8,25,16,2,3,-8,-8,5,5,3,1
HI,HAWAII,1500030,Hawaii Department of Education,203,Prince Jonah Kuhio Elementary School,150003000203,No,-8,5,-8,4,2,11,-8,-8,2,-8,8,5,9,1,22,25,10,6,-8,-8,7,5,2,-8
HI,HAWAII,1500030,Hawaii Department of Education,204,Koko Head Elementary School,150003000204,No,-8,2,-8,4,3,4,3,-8,3,-8,5,5,1,1,16,15,3,2,1,-8,1,1,1,-8
HI,HAWAII,1500030,Hawaii Department of Education,205,Prince David Kawananakoa Middle School,150003000205,No,-8,10,-8,3,3,24,1,-8,5,-8,4,1,9,1,41,20,14,4,1,-8,3,2,2,1
HI,HAWAII,1500030,Hawaii Department of Education,206,Kauluwela Elementary School,150003000206,No,-8,7,-8,6,11,39,2,-8,5,-8,7,4,36,-8,65,52,13,6,3,1,26,26,6,3
HI,HAWAII,1500030,Hawaii Department of Education,207,Kapalama Elementary School,150003000207,No,-8,16,-8,5,4,9,-8,-8,7,-8,4,2,10,-8,34,23,14,3,-8,-8,9,4,-8,1
HI,HAWAII,1500030,Hawaii Department of Education,208,Kamiloiki Elementary School,150003000208,No,-8,5,-8,7,5,6,6,-8,5,1,3,4,4,3,29,20,12,7,2,1,3,2,-8,-8
HI,HAWAII,1500030,Hawaii Department of Education,209,Kalihi Waena Elementary School,150003000209,No,-8,7,-8,1,5,23,-8,-8,11,-8,2,1,26,-8,36,40,7,5,-8,-8,9,16,2,-8
HI,HAWAII,1500030,Hawaii Department of Education,210,Kalihi Uka Elementary School,150003000210,No,-8,4,-8,4,2,8,-8,-8,4,-8,-8,3,4,-8,18,11,5,2,-8,-8,2,1,1,-8
HI,HAWAII,1500030,Hawaii Department of Education,211,Kaimuki Middle School,150003000211,No,-8,16,1,2,3,5,7,-8,8,-8,4,4,4,3,34,23,8,4,7,1,2,1,3,2
HI,HAWAII,1500030,Hawaii Department of Education,212,Kaimuki High School,150003000212,No,-8,24,4,6,12,76,14,-8,23,1,14,17,90,7,136,152,30,25,3,1,25,26,3,2
HI,HAWAII,1500030,Hawaii Department of Education,213,President Thomas Jefferson Elementary School,150003000213,No,-8,6,-8,9,6,13,5,-8,4,-8,2,6,10,7,39,29,15,3,-8,-8,10,6,5,-8
HI,HAWAII,1500030,Hawaii Department of Education,214,Hokulani Elementary School,150003000214,No,-8,6,-8,1,1,-8,-8,-8,1,-8,1,-8,2,3,8,7,4,-8,-8,-8,1,-8,-8,-8
HI,HAWAII,1500030,Hawaii Department of Education,215,Kahala Elementary School,150003000215,No,-8,7,-8,1,5,1,4,-8,2,-8,6,9,-8,5,18,22,4,2,-8,2,7,4,-8,-8
HI,HAWAII,1500030,Hawaii Department of Education,216,Kaewai Elementary School,150003000216,No,-8,9,-8,5,7,33,-8,-8,4,-8,3,6,21,-8,54,34,16,7,-8,-8,24,13,1,-8
HI,HAWAII,1500030,Hawaii Department of Education,217,Queen Kaahumanu Elementary School,150003000217,No,-8,6,2,8,8,35,2,-8,9,1,10,10,25,-8,61,55,17,12,-8,1,23,18,6,3
HI,HAWAII,1500030,Hawaii Department of Education,218,William P Jarrett Middle School,150003000218,No,-8,2,-8,2,1,24,-8,-8,3,1,2,-8,29,-8,29,35,9,3,1,1,9,6,2,4
HI,HAWAII,1500030,Hawaii Department of Education,219,Hahaione Elementary School,150003000219,No,-8,9,-8,2,3,5,8,-8,2,-8,3,2,1,10,27,18,4,5,2,-8,5,-8,-8,-8
HI,HAWAII,1500030,Hawaii Department of Education,220,Mayor Joseph J Fern Elementary School,150003000220,No,-8,5,-8,5,2,26,-8,-8,5,-8,4,4,13,-8,38,26,6,2,2,-8,17,6,3,-8
HI,HAWAII,1500030,Hawaii Department of Education,221,Governor Wallace Rider Farrington High School,150003000221,No,2,118,1,7,13,158,3,1,110,-8,10,7,136,2,302,266,61,34,8,8,74,62,10,7
HI,HAWAII,1500030,Hawaii Department of Education,222,Governor Sanford B Dole Middle School,150003000222,No,-8,16,1,4,9,101,1,-8,20,-8,5,7,83,3,132,118,29,6,2,5,41,25,5,7
HI,HAWAII,1500030,Hawaii Department of Education,223,Central Middle School,150003000223,No,-8,8,-8,4,4,67,1,-8,7,1,-8,4,60,-8,84,72,10,5,-8,1,27,18,10,9
HI,HAWAII,1500030,Hawaii Department of Education,225,Aliiolani Elementary School,150003000225,No,-8,4,-8,2,6,3,1,-8,2,1,1,-8,1,-8,16,5,10,3,-8,-8,2,1,1,-8
HI,HAWAII,1500030,Hawaii Department of Education,226,Ala Wai Elementary School,150003000226,No,-8,7,1,9,6,24,1,-8,9,-8,4,6,26,1,48,46,14,7,2,2,17,20,1,2
HI,HAWAII,1500030,Hawaii Department of Education,227,Aina Haina Elementary School,150003000227,No,-8,6,-8,3,10,7,7,-8,4,-8,7,6,1,5,33,23,4,1,1,1,-8,4,-8,-8
HI,HAWAII,1500030,Hawaii Department of Education,228,Henry J Kaiser High School,150003000228,No,2,25,-8,9,19,22,21,-8,22,1,17,31,20,37,98,128,18,10,12,7,3,4,1,1
HI,HAWAII,1500030,Hawaii Department of Education,229,Waianae Intermediate School,150003000229,No,-8,8,3,22,11,158,6,-8,7,2,25,6,160,7,208,207,55,30,4,4,11,7,28,20
HI,HAWAII,1500030,Hawaii Department of Education,230,Leihoku Elementary School,150003000230,No,-8,7,-8,46,24,90,5,1,1,1,29,17,69,6,172,124,37,16,1,2,11,13,38,32
HI,HAWAII,1500030,Hawaii Department of Education,231,Kanoelani Elementary School,150003000231,No,-8,13,-8,16,11,12,1,-8,7,-8,12,9,13,1,53,42,23,4,-8,3,4,3,1,-8
HI,HAWAII,1500030,Hawaii Department of Education,232,Kahakai Elementary School,150003000232,No,-8,11,-8,13,13,30,12,-8,3,1,15,7,26,10,79,62,11,4,3,2,18,19,2,1
HI,HAWAII,1500030,Hawaii Department of Education,233,Samuel Enoka Kalama Intermediate School,150003000233,No,-8,6,1,6,6,36,25,1,1,4,12,5,30,15,80,68,29,6,5,6,-8,1,1,3
HI,HAWAII,1500030,Hawaii Department of Education,234,Pahoa Elementary School,150003000234,No,2,4,-8,38,12,37,13,-8,3,-8,36,18,22,6,106,85,32,10,8,-8,7,2,6,6
HI,HAWAII,1500030,Hawaii Department of Education,235,Kealakehe Intermediate School,150003000235,No,-8,3,1,10,8,49,12,1,6,-8,10,7,41,15,83,80,16,7,3,6,10,8,3,3
HI,HAWAII,1500030,Hawaii Department of Education,236,Kahuku Elementary School,150003000236,No,-8,1,-8,2,10,11,5,-8,2,-8,2,12,15,-8,29,31,4,-8,-8,-8,-8,-8,-8,1
HI,HAWAII,1500030,Hawaii Department of Education,237,Princess Nahienaena Elementary School,150003000237,No,-8,24,1,23,10,25,6,-8,18,-8,18,17,25,1,89,79,22,13,-8,1,14,10,5,6
HI,HAWAII,1500030,Hawaii Department of Education,238,Lokelani Intermediate School,150003000238,No,-8,7,1,17,8,20,22,-8,2,-8,13,4,9,26,75,54,26,7,1,4,6,2,-8,4
HI,HAWAII,1500030,Hawaii Department of Education,239,Kaleiopuu Elementary School,150003000239,No,-8,26,-8,13,14,21,-8,-8,20,-8,19,10,25,1,74,75,16,8,2,2,11,12,-8,5
HI,HAWAII,1500030,Hawaii Department of Education,240,Kamaile Academy PCS,150003000240,No,-8,1,1,47,18,111,6,1,5,2,51,25,84,5,184,173,28,21,4,3,16,18,29,31
HI,HAWAII,1500030,Hawaii Department of Education,241,Maui Waena Intermediate School,150003000241,No,-8,18,-8,16,5,37,4,-8,16,-8,19,11,26,4,80,76,25,6,1,4,11,7,5,4
HI,HAWAII,1500030,Hawaii Department of Education,242,King Kaumualii Elementary School,150003000242,No,-8,6,-8,12,18,9,2,-8,1,-8,5,10,15,3,47,34,10,7,5,2,5,9,2,-8
HI,HAWAII,1500030,Hawaii Department of Education,244,Keonepoko Elementary School,150003000244,No,1,1,-8,43,19,44,15,1,1,-8,29,15,40,15,123,101,35,20,9,4,14,6,1,2
HI,HAWAII,1500030,Hawaii Department of Education,246,Anuenue School,150003000246,No,-8,3,-8,9,1,40,-8,-8,1,-8,10,4,35,-8,53,50,8,2,4,-8,-8,1,3,1
HI,HAWAII,1500030,Hawaii Department of Education,247,Waikoloa Elementary and Middle School,150003000247,No,-8,-8,1,11,10,38,14,-8,2,-8,11,8,29,8,74,58,19,9,3,1,26,18,-8,-8
HI,HAWAII,1500030,Hawaii Department of Education,248,Holomua Elementary School,150003000248,No,-8,15,1,17,18,23,3,-8,10,2,29,12,20,5,77,78,18,8,1,-8,3,5,3,4
HI,HAWAII,1500030,Hawaii Department of Education,249,Honokaa Elementary School,150003000249,No,-8,3,-8,15,14,20,4,-8,1,-8,13,8,14,1,56,37,15,5,-8,2,-8,-8,1,-8
HI,HAWAII,1500030,Hawaii Department of Education,250,Kohala Elementary School,150003000250,No,-8,1,-8,12,13,16,3,-8,4,-8,8,11,13,3,45,39,19,5,-8,-8,1,3,-8,-8
HI,HAWAII,1500030,Hawaii Department of Education,251,King Kekaulike High School,150003000251,No,2,11,-8,10,10,53,47,1,5,1,10,9,55,47,133,128,36,16,9,12,1,-8,4,1
HI,HAWAII,1500030,Hawaii Department of Education,252,Konawaena Middle School,150003000252,No,-8,6,-8,8,2,51,19,3,2,1,10,3,33,15,86,67,19,2,2,2,9,4,1,3
HI,HAWAII,1500030,Hawaii Department of Education,253,Kamalii Elementary School,150003000253,No,-8,1,-8,12,8,3,24,-8,1,-8,5,6,7,15,48,34,13,6,2,2,2,3,-8,-8
HI,HAWAII,1500030,Hawaii Department of Education,254,Kealakehe High School,150003000254,No,1,16,1,15,9,70,32,-8,13,-8,17,11,87,27,144,155,25,12,7,8,18,23,-8,7
HI,HAWAII,1500030,Hawaii Department of Education,255,Kapaa Middle School,150003000255,No,-8,6,-8,9,8,19,14,-8,14,-8,10,7,28,6,56,65,10,5,6,5,3,1,1,7
HI,HAWAII,1500030,Hawaii Department of Education,256,Mililani Middle School,150003000256,No,1,13,1,17,21,29,5,-8,22,-8,18,20,28,14,87,102,23,12,-8,-8,2,3,-8,2
HI,HAWAII,1500030,Hawaii Department of Education,257,Waikele Elementary School,150003000257,No,-8,6,-8,9,5,13,1,-8,2,1,6,5,12,-8,34,26,9,2,-8,-8,8,5,-8,-8
HI,HAWAII,1500030,Hawaii Department of Education,258,Keaau Elementary School,150003000258,No,-8,12,-8,43,25,55,17,-8,12,-8,48,23,54,6,152,143,25,13,5,1,20,25,5,3
HI,HAWAII,1500030,Hawaii Department of Education,259,Kapolei Middle School,150003000259,No,-8,8,4,33,13,61,9,1,5,1,27,14,56,7,128,111,26,9,3,5,5,5,14,13
HI,HAWAII,1500030,Hawaii Department of Education,260,Keaau High School,150003000260,No,1,16,1,28,12,97,36,2,17,1,31,15,109,28,191,203,54,31,7,6,15,10,1,2
HI,HAWAII,1500030,Hawaii Department of Education,261,Kapolei High School,150003000261,No,-8,43,2,37,26,113,16,-8,20,5,31,24,102,12,237,194,51,23,11,11,10,14,9,15
HI,HAWAII,1500030,Hawaii Department of Education,264,Na Wai Ola - PCS,150003000264,No,-8,1,-8,7,3,21,16,-8,-8,-8,15,11,16,7,48,49,3,1,-8,-8,-8,1,2,5
HI,HAWAII,1500030,Hawaii Department of Education,265,West Hawaii Explorations Academy,150003000265,No,-8,-8,-8,3,1,3,5,-8,2,1,1,3,9,8,12,24,1,1,2,5,-8,-8,1,-8
HI,HAWAII,1500030,Hawaii Department of Education,266,Chiefess Kamakahelei Middle School,150003000266,No,-8,16,2,15,9,32,13,1,11,-8,11,13,33,26,87,95,17,6,10,11,6,7,6,8
HI,HAWAII,1500030,Hawaii Department of Education,267,Kohala Middle School,150003000267,No,-8,1,-8,1,1,8,5,-8,-8,-8,3,2,7,2,16,14,8,1,1,1,-8,-8,-8,1
HI,HAWAII,1500030,Hawaii Department of Education,268,Waimea Middle - PCCS,150003000268,No,-8,-8,-8,8,8,25,3,-8,1,-8,4,2,22,4,44,33,13,3,2,-8,3,5,-8,-8
HI,HAWAII,1500030,Hawaii Department of Education,270,Halau Ku Mana - A New Century PCS,150003000270,No,-8,-8,-8,2,-8,19,-8,-8,-8,-8,1,2,7,-8,21,10,9,1,1,-8,-8,-8,2,-8
HI,HAWAII,1500030,Hawaii Department of Education,271,Voyager - A Public Charter School,150003000271,No,-8,3,-8,2,6,3,3,-8,3,-8,2,2,4,2,17,13,4,2,-8,-8,-8,-8,-8,-8
HI,HAWAII,1500030,Hawaii Department of Education,275,Hakipuu Learning Center,150003000275,No,-8,1,-8,1,3,8,1,-8,1,-8,-8,-8,6,2,14,9,3,-8,1,1,-8,-8,1,-8
HI,HAWAII,1500030,Hawaii Department of Education,277,Innovations - PCS,150003000277,No,-8,2,-8,1,1,2,6,-8,1,-8,1,1,4,2,12,9,-8,-8,-8,-8,-8,-8,-8,-8
HI,HAWAII,1500030,Hawaii Department of Education,278,Ke Ana Laahana - PCS,150003000278,No,-8,-8,-8,-8,-8,10,-8,-8,-8,-8,2,-8,8,-8,10,10,6,3,-8,1,-8,-8,3,1
HI,HAWAII,1500030,Hawaii Department of Education,281,Volcano School of Arts & Sciences - A Community PCS,150003000281,No,1,2,-8,6,1,10,9,-8,-8,-8,5,5,10,7,29,27,4,5,-8,-8,-8,-8,1,-8
HI,HAWAII,1500030,Hawaii Department of Education,282,Hawaii Academy of Arts & Science PCS,150003000282,No,-8,-8,-8,13,7,5,19,-8,2,-8,8,9,6,18,44,43,3,2,-8,1,-8,-8,-8,-8
HI,HAWAII,1500030,Hawaii Department of Education,283,Ka Umeke Kaeo - PCS,150003000283,No,-8,-8,-8,7,1,10,1,-8,-8,-8,4,-8,10,-8,19,14,-8,-8,-8,-8,-8,-8,-8,1
HI,HAWAII,1500030,Hawaii Department of Education,284,Ke Kula o Nawahiokalaniopuu Iki - Laboratory PCS,150003000284,No,-8,-8,-8,7,2,27,-8,-8,-8,-8,8,2,25,-8,36,35,2,-8,-8,1,-8,2,-8,-8
HI,HAWAII,1500030,Hawaii Department of Education,285,Mililani Ike Elementary School,150003000285,No,-8,2,1,1,2,6,-8,-8,3,-8,1,4,5,3,12,16,4,1,2,-8,-8,-8,-8,-8
HI,HAWAII,1500030,Hawaii Department of Education,286,Ka Waihona o ka Naauao - New Century PCS,150003000286,No,-8,-8,1,14,1,41,2,-8,-8,1,14,5,35,1,59,56,7,7,1,-8,-8,-8,4,8
HI,HAWAII,1500030,Hawaii Department of Education,287,Ke Kula o Ehunuikaimalino,150003000287,No,-8,2,-8,1,2,17,-8,-8,1,-8,6,-8,23,2,22,32,2,2,-8,-8,-8,2,3,2
HI,HAWAII,1500030,Hawaii Department of Education,288,Kua o ka La - NCPCS,150003000288,No,-8,1,-8,7,7,7,8,1,-8,-8,6,7,7,10,30,31,2,3,-8,-8,-8,-8,4,-8
HI,HAWAII,1500030,Hawaii Department of Education,289,Kanuikapono Learning Center,150003000289,No,-8,1,-8,1,2,13,13,-8,-8,-8,3,3,10,12,30,28,3,1,-8,-8,-8,-8,2,-8
HI,HAWAII,1500030,Hawaii Department of Education,290,Molokai Middle School,150003000290,No,-8,-8,-8,-8,1,7,-8,-8,-8,-8,-8,-8,11,-8,8,11,3,-8,-8,1,-8,-8,-8,-8
HI,HAWAII,1500030,Hawaii Department of Education,291,Keoneula Elementary School,150003000291,No,-8,14,1,21,15,9,8,1,7,-8,24,13,8,11,68,64,16,13,-8,-8,4,2,1,-8
HI,HAWAII,1500030,Hawaii Department of Education,292,Pomaikai Elementary School,150003000292,No,-8,2,-8,5,9,9,-8,-8,8,1,6,8,5,5,25,33,6,4,2,3,-8,-8,-8,-8
HI,HAWAII,1500030,Hawaii Department of Education,293,Kona Pacific - PCS,150003000293,No,1,1,-8,2,12,6,19,-8,-8,-8,3,4,10,21,41,38,7,2,1,-8,1,-8,-8,2
HI,HAWAII,1500030,Hawaii Department of Education,294,Kawaikini NCPCS,150003000294,No,-8,-8,-8,1,-8,10,-8,-8,-8,-8,4,-8,8,-8,11,12,-8,1,1,-8,-8,-8,-8,-8
HI,HAWAII,1500030,Hawaii Department of Education,296,Ewa Makai Middle School,150003000296,No,-8,14,2,9,3,25,7,-8,8,-8,10,1,21,2,60,42,15,4,4,4,3,-8,3,-8
HI,HAWAII,1500030,Hawaii Department of Education,297,Puu Kukui Elementary School,150003000297,No,-8,4,-8,15,7,20,2,-8,2,-8,11,11,14,4,48,42,11,8,2,-8,5,6,4,9
HI,HAWAII,1500030,Hawaii Department of Education,298,SEEQS - Sch Examining Essential Questions of Sustainability,150003000298,No,-8,1,-8,-8,4,6,6,-8,3,-8,4,1,1,9,17,18,3,1,-8,1,-8,-8,-8,-8
HI,HAWAII,1500030,Hawaii Department of Education,299,Malama Honua Learning Center PCS,150003000299,No,-8,-8,-8,-8,-8,7,1,-8,-8,-8,1,-8,2,-8,8,3,-8,-8,-8,-8,-8,-8,3,-8
HI,HAWAII,1500030,Hawaii Department of Education,300,Hookele Elementary School,150003000300,No,-8,3,3,8,7,16,3,-8,4,1,12,2,6,2,40,27,8,-8,5,-8,3,-8,1,-8
HI,HAWAII,1500030,Hawaii Department of Education,302,Kapolei Charter School by Goodwill Hawaii,150003000302,No,-8,-8,-8,1,-8,4,-8,-8,-8,-8,-8,-8,5,1,5,6,1,-8,-8,1,-8,1,-8,-8
HI,HAWAII,1500030,Hawaii Department of Education,303,Kamalani Academy,150003000303,No,-8,-8,-8,-8,1,1,3,-8,-8,-8,1,-8,1,1,5,3,2,1,-8,-8,-8,-8,-8,-8
